[2026-06-06T12:48:22.851] [DEBUG] debug-file - env: nodejsVersion=v18.20.1
[2026-06-06T12:48:22.915] [DEBUG] debug-file - env: daemon=true
[2026-06-06T12:48:22.852] [DEBUG] debug-file - env: hvigor-config.json5 content = {
  modelVersion: '6.0.2',
  dependencies: {},
  execution: {},
  logging: {},
  debugging: {},
  nodeOptions: {}
}
[2026-06-06T12:48:23.767] [DEBUG] debug-file - java daemon tryConnect success
[2026-06-06T12:48:23.792] [DEBUG] debug-file - session manager: set active socket. socketId=_AfZM4JxRSKTpRi9AAAB
[2026-06-06T12:48:24.594] [DEBUG] debug-file - watch worker: worker id should be larger than 0. Nothing will be sent to any worker thread.
[2026-06-06T12:48:24.597] [DEBUG] debug-file - Since there is no instance or instance is terminated, create a new worker pool.
[2026-06-06T12:48:24.597] [DEBUG] debug-file - Worker pool is initialized with config:  {
  minPoolNum: 2,
  maxPoolNum: undefined,
  maxCoreSize: undefined,
  cacheCapacity: undefined,
  cacheTtl: undefined
}
[2026-06-06T12:48:24.598] [DEBUG] debug-file - Create  resident worker with id: 0.
[2026-06-06T12:48:24.600] [DEBUG] debug-file - Create  resident worker with id: 1.
[2026-06-06T12:48:24.601] [DEBUG] debug-file - Workers' log level updated to INFO
[2026-06-06T12:48:24.608] [DEBUG] debug-file - Hvigor init with startParameters:{
  hvigorfileTypeCheck: false,
  parallelExecution: true,
  incrementalExecution: true,
  printStackTrace: false,
  daemon: true,
  analyze: 0,
  logLevel: Level { level: 20000, levelStr: 'INFO', colour: 'green' },
  optimizationStrategy: 'memory',
  hotCompile: undefined,
  hotReloadBuild: undefined,
  customizedParam: undefined
}
[2026-06-06T12:48:24.608] [DEBUG] debug-file - Since current hvigor version 6.22.4 differs from last hvigor version 
      undefined, delete file-cache.json and task-cache.json.
[2026-06-06T12:48:24.609] [DEBUG] debug-file - Cache service initialization finished in 1 ms 
[2026-06-06T12:48:24.610] [DEBUG] debug-file - hvigorfile, resolving D:\files_for_huaweidevelop\FaceCheck\camera-preview-minimal\hvigorfile.ts
[2026-06-06T12:48:26.928] [DEBUG] debug-file - hvigorfile, require result:  { default: { plugins: [] } }
[2026-06-06T12:48:26.928] [DEBUG] debug-file - hvigorfile, binding system plugins null
[2026-06-06T12:48:26.929] [DEBUG] debug-file - Starting plugin build process
[2026-06-06T12:48:26.929] [DEBUG] debug-file - App plugin prepare start...
[2026-06-06T12:48:26.929] [DEBUG] debug-file - App plugin prepare end...
[2026-06-06T12:48:26.929] [DEBUG] debug-file - App plugin creating...
[2026-06-06T12:48:27.102] [DEBUG] debug-file - App plugin register hook start...
[2026-06-06T12:48:27.103] [DEBUG] debug-file - App plugin register hook end...
[2026-06-06T12:48:27.103] [DEBUG] debug-file - Plugin build process completed
[2026-06-06T12:48:27.104] [DEBUG] debug-file - Start initialize project's product build option map with build mode debug.
[2026-06-06T12:48:27.104] [DEBUG] debug-file - Picking option from product 'default' with build mode 'debug'.
[2026-06-06T12:48:27.105] [DEBUG] debug-file - Product 'default' build option initialized
[2026-06-06T12:48:27.105] [DEBUG] debug-file - End initialize project's product build option map with build mode 'debug'.
[2026-06-06T12:48:27.107] [DEBUG] debug-file - Obtain build option for product 'default'in this build.
[2026-06-06T12:48:27.108] [DEBUG] debug-file - D:\files_for_huaweidevelop\FaceCheck\camera-preview-minimal\build\cache\default\remote_hsp\remoteHspCache.json not exists.
[2026-06-06T12:48:27.111] [DEBUG] debug-file - Local scan or download HarmonyOS sdk components toolchains,ets,js,native,previewer
[2026-06-06T12:48:27.113] [DEBUG] debug-file - Local scan or download hmscore sdk components toolchains,ets,native
[2026-06-06T12:48:27.115] [DEBUG] debug-file - Start recording SDK configuration permission data.
[2026-06-06T12:48:27.151] [DEBUG] debug-file - Sdk init in 42 ms 
[2026-06-06T12:48:27.155] [DEBUG] debug-file - Project task initialization takes 3 ms 
[2026-06-06T12:48:27.155] [DEBUG] debug-file - hvigorfile, binding custom plugins []
[2026-06-06T12:48:27.156] [DEBUG] debug-file - hvigorfile, no custom plugins were found in D:\files_for_huaweidevelop\FaceCheck\camera-preview-minimal\hvigorfile.ts
[2026-06-06T12:48:27.156] [DEBUG] debug-file - hvigorfile, resolve finished D:\files_for_huaweidevelop\FaceCheck\camera-preview-minimal\hvigorfile.ts
[2026-06-06T12:48:27.158] [DEBUG] debug-file - hvigor build process will be closed with an error.
[2026-06-06T12:48:27.158] [ERROR] debug-file - [31m00303148 Configuration Error
Error Message: Hvigorfile not found. At file: D:\files_for_huaweidevelop\FaceCheck\camera-preview-minimal\entry\hvigorfile.ts

* Try the following:
  > Ensure that both the project and the module contain a hvigorfile.ts.
[39m

[31m* Try:
> Run with --stacktrace option to get the stack trace.
> Run with --debug option to get more log output.

[2026-06-06T12:48:27.159] [DEBUG] debug-file - ERROR: stacktrace = AdaptorError: [31m00303148 Configuration Error
Error Message: Hvigorfile not found. At file: D:\files_for_huaweidevelop\FaceCheck\camera-preview-minimal\entry\hvigorfile.ts

* Try the following:
  > Ensure that both the project and the module contain a hvigorfile.ts.
[39m
    at HvigorLogger.printErrorExit (D:\DevEco Studio\tools\hvigor\hvigor\src\base\log\hvigor-log.js:1:5087)
    at findRealHvigorFilePath (D:\DevEco Studio\tools\hvigor\hvigor\src\base\util\file-util.js:1:1467)
    at evalSubModules (D:\DevEco Studio\tools\hvigor\hvigor\src\base\internal\lifecycle\configuration.js:1:4803)
    at process.processTicksAndRejections (node:internal/process/task_queues:95:5)
    at async configuration (D:\DevEco Studio\tools\hvigor\hvigor\src\base\internal\lifecycle\configuration.js:1:2313)
    at async start (D:\DevEco Studio\tools\hvigor\hvigor\src\base\boot\index.js:1:2570)
    at async boot (D:\DevEco Studio\tools\hvigor\hvigor\src\base\boot\index.js:1:1789)
    at async Worker.<anonymous> (D:\DevEco Studio\tools\hvigor\hvigor\src\base\daemon\cluster\worker-process-lifecycle.js:1:3723)
[2026-06-06T12:48:27.159] [ERROR] debug-file - AdaptorError: [31m00303148 Configuration Error
Error Message: Hvigorfile not found. At file: D:\files_for_huaweidevelop\FaceCheck\camera-preview-minimal\entry\hvigorfile.ts

* Try the following:
  > Ensure that both the project and the module contain a hvigorfile.ts.
[39m
    at HvigorLogger.printErrorExit (D:\DevEco Studio\tools\hvigor\hvigor\src\base\log\hvigor-log.js:1:5087)
    at findRealHvigorFilePath (D:\DevEco Studio\tools\hvigor\hvigor\src\base\util\file-util.js:1:1467)
    at evalSubModules (D:\DevEco Studio\tools\hvigor\hvigor\src\base\internal\lifecycle\configuration.js:1:4803)
    at process.processTicksAndRejections (node:internal/process/task_queues:95:5)
    at async configuration (D:\DevEco Studio\tools\hvigor\hvigor\src\base\internal\lifecycle\configuration.js:1:2313)
    at async start (D:\DevEco Studio\tools\hvigor\hvigor\src\base\boot\index.js:1:2570)
    at async boot (D:\DevEco Studio\tools\hvigor\hvigor\src\base\boot\index.js:1:1789)
    at async Worker.<anonymous> (D:\DevEco Studio\tools\hvigor\hvigor\src\base\daemon\cluster\worker-process-lifecycle.js:1:3723)
[2026-06-06T12:48:27.172] [ERROR] debug-file - BUILD FAILED in 2 s 570 ms 
[2026-06-06T12:48:27.194] [DEBUG] debug-file - Cleanup worker 0.
[2026-06-06T12:48:27.194] [DEBUG] debug-file - Worker 0 has been cleaned up.
[2026-06-06T12:48:27.194] [DEBUG] debug-file - Current idle worker size: 1.
[2026-06-06T12:48:27.194] [DEBUG] debug-file - Current resident worker size: 2.
[2026-06-06T12:48:27.194] [DEBUG] debug-file - Cleanup worker 1.
[2026-06-06T12:48:27.194] [DEBUG] debug-file - Worker 1 has been cleaned up.
[2026-06-06T12:48:27.195] [DEBUG] debug-file - Current idle worker size: 0.
[2026-06-06T12:48:27.195] [DEBUG] debug-file - Current resident worker size: 2.
[2026-06-06T12:48:27.195] [DEBUG] debug-file - hvigor build process will be closed.
[2026-06-06T12:48:27.198] [DEBUG] debug-file - session manager: send message to worker process.
[2026-06-06T12:48:27.198] [DEBUG] debug-file - session manager: send message to worker process.
[2026-06-06T12:48:27.199] [DEBUG] debug-file - watch worker: worker id should be larger than 0. Nothing will be sent to any worker thread.
[2026-06-06T12:48:27.199] [DEBUG] debug-file - watch worker: worker id should be larger than 0. Nothing will be sent to any worker thread.
[2026-06-06T12:48:27.201] [DEBUG] debug-file - worker[0] exits with exit code 1.
[2026-06-06T12:48:27.202] [DEBUG] debug-file - worker[1] exits with exit code 1.
[2026-06-06T12:49:15.160] [DEBUG] debug-file - env: nodejsVersion=v18.20.1
[2026-06-06T12:49:15.221] [DEBUG] debug-file - env: daemon=true
[2026-06-06T12:49:15.161] [DEBUG] debug-file - env: hvigor-config.json5 content = {
  modelVersion: '6.0.2',
  dependencies: {},
  execution: {},
  logging: {},
  debugging: {},
  nodeOptions: {}
}
[2026-06-06T12:49:15.754] [DEBUG] debug-file - session manager: set active socket. socketId=KU_osHqc7bAoK52cAAAD
[2026-06-06T12:49:15.761] [DEBUG] debug-file - watch worker: worker id should be larger than 0. Nothing will be sent to any worker thread.
[2026-06-06T12:49:15.763] [DEBUG] debug-file - Workers' log level updated to INFO
[2026-06-06T12:49:15.766] [DEBUG] debug-file - Hvigor init with startParameters:{
  hvigorfileTypeCheck: false,
  parallelExecution: true,
  incrementalExecution: true,
  printStackTrace: false,
  daemon: true,
  analyze: 0,
  logLevel: Level { level: 20000, levelStr: 'INFO', colour: 'green' },
  optimizationStrategy: 'memory',
  hotCompile: undefined,
  hotReloadBuild: undefined,
  customizedParam: undefined
}
[2026-06-06T12:49:15.767] [DEBUG] debug-file - Cache service initialization finished in 2 ms 
[2026-06-06T12:49:15.768] [DEBUG] debug-file - hvigorfile, resolving D:\files_for_huaweidevelop\FaceCheck\camera-preview-minimal\hvigorfile.ts
[2026-06-06T12:49:15.775] [DEBUG] debug-file - hvigorfile, require result:  { default: { plugins: [] } }
[2026-06-06T12:49:15.775] [DEBUG] debug-file - hvigorfile, binding system plugins null
[2026-06-06T12:49:15.775] [DEBUG] debug-file - Starting plugin build process
[2026-06-06T12:49:15.775] [DEBUG] debug-file - App plugin prepare start...
[2026-06-06T12:49:15.775] [DEBUG] debug-file - App plugin prepare end...
[2026-06-06T12:49:15.775] [DEBUG] debug-file - App plugin creating...
[2026-06-06T12:49:15.786] [DEBUG] debug-file - App plugin register hook start...
[2026-06-06T12:49:15.786] [DEBUG] debug-file - App plugin register hook end...
[2026-06-06T12:49:15.786] [DEBUG] debug-file - Plugin build process completed
[2026-06-06T12:49:15.787] [DEBUG] debug-file - Start initialize project's product build option map with build mode debug.
[2026-06-06T12:49:15.787] [DEBUG] debug-file - Picking option from product 'default' with build mode 'debug'.
[2026-06-06T12:49:15.787] [DEBUG] debug-file - Product 'default' build option initialized
[2026-06-06T12:49:15.787] [DEBUG] debug-file - End initialize project's product build option map with build mode 'debug'.
[2026-06-06T12:49:15.788] [DEBUG] debug-file - Obtain build option for product 'default'in this build.
[2026-06-06T12:49:15.789] [DEBUG] debug-file - D:\files_for_huaweidevelop\FaceCheck\camera-preview-minimal\build\cache\default\remote_hsp\remoteHspCache.json not exists.
[2026-06-06T12:49:15.793] [DEBUG] debug-file - Start recording SDK configuration permission data.
[2026-06-06T12:49:15.823] [DEBUG] debug-file - Sdk init in 33 ms 
[2026-06-06T12:49:15.827] [DEBUG] debug-file - Project task initialization takes 4 ms 
[2026-06-06T12:49:15.827] [DEBUG] debug-file - hvigorfile, binding custom plugins []
[2026-06-06T12:49:15.827] [DEBUG] debug-file - hvigorfile, no custom plugins were found in D:\files_for_huaweidevelop\FaceCheck\camera-preview-minimal\hvigorfile.ts
[2026-06-06T12:49:15.827] [DEBUG] debug-file - hvigorfile, resolve finished D:\files_for_huaweidevelop\FaceCheck\camera-preview-minimal\hvigorfile.ts
[2026-06-06T12:49:15.827] [DEBUG] debug-file - hvigorfile, resolving D:\files_for_huaweidevelop\FaceCheck\camera-preview-minimal\entry\hvigorfile.ts
[2026-06-06T12:49:15.835] [DEBUG] debug-file - hvigorfile, require result:  { default: { plugins: [] } }
[2026-06-06T12:49:15.835] [DEBUG] debug-file - hvigorfile, binding system plugins null
[2026-06-06T12:49:15.835] [DEBUG] debug-file - Starting plugin build process
[2026-06-06T12:49:15.835] [DEBUG] debug-file - Hap plugin creating...
[2026-06-06T12:49:15.837] [DEBUG] debug-file - failed to load cangjie to dynamically generate schemas: Error: Cannot find module '@ohos/cangjie-build-support/index'
Require stack:
- D:\DevEco Studio\tools\hvigor\hvigor-ohos-plugin\src\plugin\hooks\cangjie-register.js
- D:\DevEco Studio\tools\hvigor\hvigor-ohos-plugin\src\plugin\strategy\stage-init-strategy.js
- D:\DevEco Studio\tools\hvigor\hvigor-ohos-plugin\src\plugin\builder\abstract-plugin-builder.js
- D:\DevEco Studio\tools\hvigor\hvigor-ohos-plugin\src\plugin\builder\app-plugin-builder.js
- D:\DevEco Studio\tools\hvigor\hvigor-ohos-plugin\src\plugin\factory\plugin-factory.js
- D:\DevEco Studio\tools\hvigor\hvigor-ohos-plugin\index.js
- D:\files_for_huaweidevelop\FaceCheck\camera-preview-minimal\hvigorfile.ts
- D:\DevEco Studio\tools\hvigor\hvigor\src\base\internal\lifecycle\configuration.js
- D:\DevEco Studio\tools\hvigor\hvigor\src\base\boot\index.js
- D:\DevEco Studio\tools\hvigor\hvigor\src\base\daemon\cluster\worker-process-lifecycle.js
- D:\DevEco Studio\tools\hvigor\hvigor\src\base\daemon\process\daemon-process-boot-script.js
[2026-06-06T12:49:15.848] [DEBUG] debug-file - Start initialize module-target build option map, moduleName=entry, buildMode=debug
[2026-06-06T12:49:15.848] [DEBUG] debug-file - Target 'default' config initialized
[2026-06-06T12:49:15.849] [DEBUG] debug-file - Module 'entry' target 'default' build option initialized
[2026-06-06T12:49:15.849] [DEBUG] debug-file - End initialize module-target build option map, moduleName=entry
[2026-06-06T12:49:15.849] [DEBUG] debug-file - Start initialize module-target build option map, moduleName=entry, buildMode=release
[2026-06-06T12:49:15.849] [DEBUG] debug-file - Target 'default' config initialized
[2026-06-06T12:49:15.849] [DEBUG] debug-file - Module 'entry' target 'default' build option initialized
[2026-06-06T12:49:15.849] [DEBUG] debug-file - End initialize module-target build option map, moduleName=entry
[2026-06-06T12:49:15.849] [DEBUG] debug-file - Start initialize module-target build option map, moduleName=entry, buildMode=debug
[2026-06-06T12:49:15.850] [DEBUG] debug-file - Target 'default' config initialized
[2026-06-06T12:49:15.850] [DEBUG] debug-file - Module 'entry' target 'default' build option initialized
[2026-06-06T12:49:15.850] [DEBUG] debug-file - End initialize module-target build option map, moduleName=entry
[2026-06-06T12:49:15.850] [DEBUG] debug-file - Obtain build option for module 'entry' target 'default'in this build.
[2026-06-06T12:49:15.858] [DEBUG] debug-file - Module entry task initialization takes 7 ms 
[2026-06-06T12:49:15.858] [DEBUG] debug-file - Hap plugin register hook start...
[2026-06-06T12:49:15.858] [DEBUG] debug-file - Hap plugin register hook end...
[2026-06-06T12:49:15.858] [DEBUG] debug-file - Plugin build process completed
[2026-06-06T12:49:15.858] [DEBUG] debug-file - hvigorfile, binding custom plugins []
[2026-06-06T12:49:15.858] [DEBUG] debug-file - hvigorfile, no custom plugins were found in D:\files_for_huaweidevelop\FaceCheck\camera-preview-minimal\entry\hvigorfile.ts
[2026-06-06T12:49:15.859] [DEBUG] debug-file - hvigorfile, resolve finished D:\files_for_huaweidevelop\FaceCheck\camera-preview-minimal\entry\hvigorfile.ts
[2026-06-06T12:49:15.876] [DEBUG] debug-file - hvigorfile, resolve hvigorfile dependencies in 18 ms 
[2026-06-06T12:49:15.876] [DEBUG] debug-file - project has submodules:entry
[2026-06-06T12:49:15.878] [DEBUG] debug-file - start to load updatedOhPackageInfo to the disk
[2026-06-06T12:49:15.882] [DEBUG] debug-file - load to the disk finished
[2026-06-06T12:49:15.883] [DEBUG] debug-file - Start to initialize dependency information.
[2026-06-06T12:49:15.897] [DEBUG] debug-file - Module camera-preview-minimal Collected Dependency: 
[2026-06-06T12:49:15.897] [DEBUG] debug-file - Module camera-preview-minimal's total dependency: 0
[2026-06-06T12:49:15.899] [DEBUG] debug-file - Start to initialize dependency information.
[2026-06-06T12:49:15.902] [DEBUG] debug-file - Module entry Collected Dependency: 
[2026-06-06T12:49:15.903] [DEBUG] debug-file - Module entry's total dependency: 0
[2026-06-06T12:49:15.906] [DEBUG] debug-file - Configuration phase cost:139 ms 
[2026-06-06T12:49:15.908] [DEBUG] debug-file - Configuration task cost before running: 145 ms 
[2026-06-06T12:49:15.914] [DEBUG] debug-file - Executing task :entry:default@PreBuild
[2026-06-06T12:49:15.916] [DEBUG] debug-file - Task 'entry:default@PreBuild' cost while wrapping incremental declarations: 1 ms 
[2026-06-06T12:49:16.088] [DEBUG] debug-file - current product is not Atomic service.
[2026-06-06T12:49:16.088] [DEBUG] debug-file - Use tool [win32: JAVA_HOME, CLASSPATH]
 [ { JAVA_HOME: 'D:\\java_folder' }, { CLASSPATH: undefined } ]
[2026-06-06T12:49:16.089] [DEBUG] debug-file - Use tool [win32: NODE_HOME]
 [ { NODE_HOME: 'D:\\DevEco Studio\\tools\\node' } ]
[2026-06-06T12:49:16.089] [DEBUG] debug-file - entry : default@PreBuild cost memory 1.509613037109375
[2026-06-06T12:49:16.090] [DEBUG] debug-file - runTaskFromQueue task cost before running: 327 ms 
[2026-06-06T12:49:16.092] [INFO] debug-file - Finished :entry:default@PreBuild... after 176 ms 
[2026-06-06T12:49:16.093] [DEBUG] debug-file - Executing task :entry:default@CreateModuleInfo
[2026-06-06T12:49:16.093] [DEBUG] debug-file - Task 'entry:default@CreateModuleInfo' cost while wrapping incremental declarations: 1 ms 
[2026-06-06T12:49:16.094] [DEBUG] debug-file - entry : default@CreateModuleInfo cost memory 0.05135345458984375
[2026-06-06T12:49:16.094] [DEBUG] debug-file - runTaskFromQueue task cost before running: 331 ms 
[2026-06-06T12:49:16.094] [INFO] debug-file - Finished :entry:default@CreateModuleInfo... after 1 ms 
[2026-06-06T12:49:16.098] [DEBUG] debug-file - Executing task :entry:default@GenerateMetadata
[2026-06-06T12:49:16.098] [DEBUG] debug-file - Task 'entry:default@GenerateMetadata' cost while wrapping incremental declarations: 1 ms 
[2026-06-06T12:49:16.102] [DEBUG] debug-file - entry : default@GenerateMetadata cost memory 0.09882354736328125
[2026-06-06T12:49:16.103] [DEBUG] debug-file - runTaskFromQueue task cost before running: 340 ms 
[2026-06-06T12:49:16.103] [INFO] debug-file - Finished :entry:default@GenerateMetadata... after 5 ms 
[2026-06-06T12:49:16.104] [DEBUG] debug-file - Executing task :entry:default@ConfigureCmake
[2026-06-06T12:49:16.104] [DEBUG] debug-file - entry : default@ConfigureCmake cost memory 0.01458740234375
[2026-06-06T12:49:16.104] [DEBUG] debug-file - runTaskFromQueue task cost before running: 341 ms 
[2026-06-06T12:49:16.104] [INFO] debug-file - Finished :entry:default@ConfigureCmake... after 1 ms 
[2026-06-06T12:49:16.105] [DEBUG] debug-file - Executing task :entry:default@MergeProfile
[2026-06-06T12:49:16.106] [DEBUG] debug-file - Task 'entry:default@MergeProfile' cost while wrapping incremental declarations: 1 ms 
[2026-06-06T12:49:16.107] [DEBUG] debug-file - Change app api release type with 'Release'
[2026-06-06T12:49:16.107] [DEBUG] debug-file - Change app compile API version with '6.0.2.130'
[2026-06-06T12:49:16.107] [DEBUG] debug-file - Change app target API version with '60002022'
[2026-06-06T12:49:16.107] [DEBUG] debug-file - Change app minimum API version with '60002022'
[2026-06-06T12:49:16.107] [DEBUG] debug-file - Use cli appEnvironment
[2026-06-06T12:49:16.109] [DEBUG] debug-file - entry : default@MergeProfile cost memory 0.185882568359375
[2026-06-06T12:49:16.110] [DEBUG] debug-file - runTaskFromQueue task cost before running: 347 ms 
[2026-06-06T12:49:16.110] [INFO] debug-file - Finished :entry:default@MergeProfile... after 5 ms 
[2026-06-06T12:49:16.112] [DEBUG] debug-file - Executing task :entry:default@CreateBuildProfile
[2026-06-06T12:49:16.112] [DEBUG] debug-file - Task 'entry:default@CreateBuildProfile' cost while wrapping incremental declarations: 1 ms 
[2026-06-06T12:49:16.114] [DEBUG] debug-file - entry : default@CreateBuildProfile cost memory 0.07209014892578125
[2026-06-06T12:49:16.114] [DEBUG] debug-file - runTaskFromQueue task cost before running: 351 ms 
[2026-06-06T12:49:16.114] [INFO] debug-file - Finished :entry:default@CreateBuildProfile... after 3 ms 
[2026-06-06T12:49:16.115] [DEBUG] debug-file - Executing task :entry:default@PreCheckSyscap
[2026-06-06T12:49:16.116] [DEBUG] debug-file - entry : default@PreCheckSyscap cost memory 0.01482391357421875
[2026-06-06T12:49:16.116] [DEBUG] debug-file - runTaskFromQueue task cost before running: 353 ms 
[2026-06-06T12:49:16.116] [INFO] debug-file - Finished :entry:default@PreCheckSyscap... after 1 ms 
[2026-06-06T12:49:16.118] [DEBUG] debug-file - Executing task :entry:default@GeneratePkgContextInfo
[2026-06-06T12:49:16.127] [DEBUG] debug-file - Task 'entry:default@GeneratePkgContextInfo' cost while wrapping incremental declarations: 1 ms 
[2026-06-06T12:49:16.128] [DEBUG] debug-file - entry : default@GeneratePkgContextInfo cost memory 0.36145782470703125
[2026-06-06T12:49:16.128] [DEBUG] debug-file - runTaskFromQueue task cost before running: 365 ms 
[2026-06-06T12:49:16.128] [INFO] debug-file - Finished :entry:default@GeneratePkgContextInfo... after 11 ms 
[2026-06-06T12:49:16.132] [DEBUG] debug-file - Executing task :entry:default@ProcessIntegratedHsp
[2026-06-06T12:49:16.133] [DEBUG] debug-file - entry : default@ProcessIntegratedHsp cost memory 0.0329742431640625
[2026-06-06T12:49:16.133] [DEBUG] debug-file - runTaskFromQueue task cost before running: 370 ms 
[2026-06-06T12:49:16.133] [INFO] debug-file - Finished :entry:default@ProcessIntegratedHsp... after 1 ms 
[2026-06-06T12:49:16.135] [DEBUG] debug-file - Executing task :entry:default@BuildNativeWithCmake
[2026-06-06T12:49:16.135] [DEBUG] debug-file - entry : default@BuildNativeWithCmake cost memory 0.0149688720703125
[2026-06-06T12:49:16.135] [DEBUG] debug-file - runTaskFromQueue task cost before running: 372 ms 
[2026-06-06T12:49:16.135] [INFO] debug-file - Finished :entry:default@BuildNativeWithCmake... after 1 ms 
[2026-06-06T12:49:16.136] [DEBUG] debug-file - Executing task :entry:default@MakePackInfo
[2026-06-06T12:49:16.138] [DEBUG] debug-file - Module Pack Info:  {
  summary: {
    app: { bundleName: 'c***l', bundleType: 'app', version: [Object] },
    modules: [ [Object] ]
  },
  packages: [
    {
      deviceType: [Array],
      moduleType: 'entry',
      deliveryWithInstall: true,
      name: 'entry-default'
    }
  ]
}
[2026-06-06T12:49:16.140] [DEBUG] debug-file - entry : default@MakePackInfo cost memory 0.1249237060546875
[2026-06-06T12:49:16.140] [DEBUG] debug-file - runTaskFromQueue task cost before running: 377 ms 
[2026-06-06T12:49:16.141] [INFO] debug-file - Finished :entry:default@MakePackInfo... after 5 ms 
[2026-06-06T12:49:16.142] [DEBUG] debug-file - Executing task :entry:default@SyscapTransform
[2026-06-06T12:49:16.142] [DEBUG] debug-file - File: 'D:\files_for_huaweidevelop\FaceCheck\camera-preview-minimal\entry\src\main\syscap.json' from 'sysCapJsonPath' is not exists, just ignore.
[2026-06-06T12:49:16.143] [DEBUG] debug-file - Task 'entry:default@SyscapTransform' cost while wrapping incremental declarations: 1 ms 
[2026-06-06T12:49:16.144] [DEBUG] debug-file - entry : default@SyscapTransform cost memory 0.059844970703125
[2026-06-06T12:49:16.144] [DEBUG] debug-file - runTaskFromQueue task cost before running: 381 ms 
[2026-06-06T12:49:16.144] [INFO] debug-file - Finished :entry:default@SyscapTransform... after 2 ms 
[2026-06-06T12:49:16.145] [DEBUG] debug-file - Executing task :entry:default@ProcessProfile
[2026-06-06T12:49:16.146] [DEBUG] debug-file - Task 'entry:default@ProcessProfile' cost while wrapping incremental declarations: 1 ms 
[2026-06-06T12:49:16.148] [DEBUG] debug-file - [
  'D:\\DevEco Studio\\tools\\node\\node.exe',
  'D:\\DevEco Studio\\sdk\\default\\openharmony\\ets\\build-tools\\ets-loader\\bin\\ark\\ts2abc.js',
  '--target-api-version',
  '22'
]
[2026-06-06T12:49:16.235] [DEBUG] debug-file - 13.0.1.0
[2026-06-06T12:49:16.237] [DEBUG] debug-file - No need to add fake ui ability because of not in preview process.
[2026-06-06T12:49:16.239] [DEBUG] debug-file - entry : default@ProcessProfile cost memory -4.715179443359375
[2026-06-06T12:49:16.239] [DEBUG] debug-file - runTaskFromQueue task cost before running: 476 ms 
[2026-06-06T12:49:16.239] [INFO] debug-file - Finished :entry:default@ProcessProfile... after 94 ms 
[2026-06-06T12:49:16.241] [DEBUG] debug-file - Executing task :entry:default@ProcessRouterMap
[2026-06-06T12:49:16.247] [DEBUG] debug-file - entry : default@ProcessRouterMap cost memory 0.1131591796875
[2026-06-06T12:49:16.247] [DEBUG] debug-file - runTaskFromQueue task cost before running: 484 ms 
[2026-06-06T12:49:16.247] [INFO] debug-file - Finished :entry:default@ProcessRouterMap... after 6 ms 
[2026-06-06T12:49:16.249] [DEBUG] debug-file - Executing task :entry:default@ProcessShareConfig
[2026-06-06T12:49:16.252] [DEBUG] debug-file - entry : default@ProcessShareConfig cost memory 0.09478759765625
[2026-06-06T12:49:16.252] [DEBUG] debug-file - runTaskFromQueue task cost before running: 489 ms 
[2026-06-06T12:49:16.253] [INFO] debug-file - Finished :entry:default@ProcessShareConfig... after 4 ms 
[2026-06-06T12:49:16.254] [DEBUG] debug-file - Executing task :entry:default@ProcessStartupConfig
[2026-06-06T12:49:16.254] [DEBUG] debug-file - Task 'entry:default@ProcessStartupConfig' cost while wrapping incremental declarations: 1 ms 
[2026-06-06T12:49:16.255] [DEBUG] debug-file - entry : default@ProcessStartupConfig cost memory 0.10713958740234375
[2026-06-06T12:49:16.255] [DEBUG] debug-file - runTaskFromQueue task cost before running: 492 ms 
[2026-06-06T12:49:16.255] [INFO] debug-file - Finished :entry:default@ProcessStartupConfig... after 2 ms 
[2026-06-06T12:49:16.257] [DEBUG] debug-file - Executing task :entry:default@BuildNativeWithNinja
[2026-06-06T12:49:16.259] [DEBUG] debug-file - entry : default@BuildNativeWithNinja cost memory 0.04840087890625
[2026-06-06T12:49:16.259] [DEBUG] debug-file - runTaskFromQueue task cost before running: 496 ms 
[2026-06-06T12:49:16.260] [INFO] debug-file - Finished :entry:default@BuildNativeWithNinja... after 3 ms 
[2026-06-06T12:49:16.261] [DEBUG] debug-file - restool module names: entry; moduleName=entry, taskName=default@ProcessResource
[2026-06-06T12:49:16.263] [DEBUG] debug-file - Executing task :entry:default@ProcessResource
[2026-06-06T12:49:16.263] [DEBUG] debug-file - Task 'entry:default@ProcessResource' cost while wrapping incremental declarations: 1 ms 
[2026-06-06T12:49:16.265] [DEBUG] debug-file - entry : default@ProcessResource cost memory 0.1364898681640625
[2026-06-06T12:49:16.266] [DEBUG] debug-file - runTaskFromQueue task cost before running: 503 ms 
[2026-06-06T12:49:16.267] [INFO] debug-file - Finished :entry:default@ProcessResource... after 4 ms 
[2026-06-06T12:49:16.269] [DEBUG] debug-file - Executing task :entry:default@GenerateLoaderJson
[2026-06-06T12:49:16.270] [DEBUG] debug-file - Task 'entry:default@GenerateLoaderJson' cost while wrapping incremental declarations: 1 ms 
[2026-06-06T12:49:16.276] [DEBUG] debug-file - entry : default@GenerateLoaderJson cost memory 0.392669677734375
[2026-06-06T12:49:16.277] [DEBUG] debug-file - runTaskFromQueue task cost before running: 514 ms 
[2026-06-06T12:49:16.279] [INFO] debug-file - Finished :entry:default@GenerateLoaderJson... after 8 ms 
[2026-06-06T12:49:16.280] [DEBUG] debug-file - Executing task :entry:default@ProcessLibs
[2026-06-06T12:49:16.284] [DEBUG] debug-file - Worker dispatch failed, running processLibs on main thread.
[2026-06-06T12:49:16.285] [DEBUG] debug-file - entry : default@ProcessLibs cost memory 0.38631439208984375
[2026-06-06T12:49:16.285] [DEBUG] debug-file - runTaskFromQueue task cost before running: 522 ms 
[2026-06-06T12:49:16.286] [INFO] debug-file - Finished :entry:default@ProcessLibs... after 6 ms 
[2026-06-06T12:49:16.287] [DEBUG] debug-file - restool module names: entry; moduleName=entry, taskName=default@CompileResource
[2026-06-06T12:49:16.288] [DEBUG] debug-file - Executing task :entry:default@CompileResource
[2026-06-06T12:49:16.295] [DEBUG] debug-file - Use tool [D:\DevEco Studio\sdk\default\openharmony\toolchains\restool.exe]
 [
  'D:\\DevEco Studio\\sdk\\default\\openharmony\\toolchains\\restool.exe',
  '-l',
  'D:\\files_for_huaweidevelop\\FaceCheck\\camera-preview-minimal\\entry\\build\\default\\intermediates\\res\\default\\resConfig.json'
]
[2026-06-06T12:49:16.296] [DEBUG] debug-file - current process  memoryUsage: {
  rss: 188043264,
  heapTotal: 137654272,
  heapUsed: 113511832,
  external: 3204406,
  arrayBuffers: 239063
} os memoryUsage :12.779277801513672
[2026-06-06T12:49:16.476] [DEBUG] debug-file - Info: Pack: normal pack mode

[2026-06-06T12:49:16.540] [DEBUG] debug-file - Info: hardware concurrency count is : 32
Info: thread count is : 32

[2026-06-06T12:49:16.540] [DEBUG] debug-file - Info: thread pool is started

[2026-06-06T12:49:16.541] [DEBUG] debug-file - Info: GenericCompiler::CompileFiles

[2026-06-06T12:49:16.545] [DEBUG] debug-file - Info: GenericCompiler::CompileFiles
Warning: 'D:\files_for_huaweidevelop\FaceCheck\camera-preview-minimal\entry\src\main\resources\base\media\background.png' is defined repeatedly.
Warning: 'D:\files_for_huaweidevelop\FaceCheck\camera-preview-minimal\entry\src\main\resources\base\media\foreground.png' is defined repeatedly.

[2026-06-06T12:49:16.546] [DEBUG] debug-file - Warning: 'D:\files_for_huaweidevelop\FaceCheck\camera-preview-minimal\entry\src\main\resources\base\media\layered_image.json' is defined repeatedly.
Info: GenericCompiler::CompileFiles

[2026-06-06T12:49:16.546] [DEBUG] debug-file - Warning: 'start_window_background' conflict, first declared.
at D:\files_for_huaweidevelop\FaceCheck\camera-preview-minimal\AppScope\resources\base\element\color.json
but declared again.
at D:\files_for_huaweidevelop\FaceCheck\camera-preview-minimal\entry\src\main\resources\base\element\color.json

[2026-06-06T12:49:16.549] [DEBUG] debug-file - 06-06 12:49:16.550 42828 47928 E C01400/ImageTranscoderUtils: DecodeToRGBA IN
06-06 12:49:16.550 42828 47928 E C01400/ImageTranscoderUtils: ImageFilter IN D:\files_for_huaweidevelop\FaceCheck\camera-preview-minimal\AppScope\resources\base\media\foreground.png

[2026-06-06T12:49:16.586] [DEBUG] debug-file - Info: can't scale media json file.

[2026-06-06T12:49:16.586] [DEBUG] debug-file - Warning: The width or height of the png file referenced by the icon exceeds the limit (41 pixels)
at D:\files_for_huaweidevelop\FaceCheck\camera-preview-minimal\AppScope\resources\base\media\foreground.png
Warning: D:\files_for_huaweidevelop\FaceCheck\camera-preview-minimal\AppScope\resources\base\media\layered_image.json is not png format
Warning: The width or height of the png file referenced by the startWindowIcon exceeds the limit (144 pixels)
at D:\files_for_huaweidevelop\FaceCheck\camera-preview-minimal\AppScope\resources\base\media\foreground.png
Warning: D:\files_for_huaweidevelop\FaceCheck\camera-preview-minimal\AppScope\resources\base\media\layered_image.json is not png format

[2026-06-06T12:49:16.587] [DEBUG] debug-file - Info: restool resources compile success.

[2026-06-06T12:49:16.587] [DEBUG] debug-file - Info: thread pool is stopped

[2026-06-06T12:49:16.649] [DEBUG] debug-file - entry : default@CompileResource cost memory 0.9123992919921875
[2026-06-06T12:49:16.649] [DEBUG] debug-file - runTaskFromQueue task cost before running: 886 ms 
[2026-06-06T12:49:16.650] [INFO] debug-file - Finished :entry:default@CompileResource... after 362 ms 
[2026-06-06T12:49:16.652] [DEBUG] debug-file - Executing task :entry:default@DoNativeStrip
[2026-06-06T12:49:16.652] [DEBUG] debug-file - Task 'entry:default@DoNativeStrip' cost while wrapping incremental declarations: 1 ms 
[2026-06-06T12:49:16.655] [DEBUG] debug-file - entry : default@DoNativeStrip cost memory 0.07636260986328125
[2026-06-06T12:49:16.655] [DEBUG] debug-file - runTaskFromQueue task cost before running: 892 ms 
[2026-06-06T12:49:16.656] [INFO] debug-file - Finished :entry:default@DoNativeStrip... after 4 ms 
[2026-06-06T12:49:16.658] [DEBUG] debug-file - Executing task :entry:default@CompileArkTS
[2026-06-06T12:49:16.658] [DEBUG] debug-file - obfuscationOptions: undefined
[2026-06-06T12:49:16.660] [DEBUG] debug-file - Task 'entry:default@CompileArkTS' cost while wrapping incremental declarations: 1 ms 
[2026-06-06T12:49:16.678] [DEBUG] debug-file - build config:
[2026-06-06T12:49:16.679] [DEBUG] debug-file - {
  moduleType: 'entry',
  perf: 0,
  targetName: '.default',
  packageManagerType: 'ohpm',
  localPropertiesPath: 'D:\\files_for_huaweidevelop\\FaceCheck\\camera-preview-minimal\\local.properties',
  isPreview: false,
  isOhosTest: false,
  isLocalTest: false,
  buildMode: 'Debug',
  hotReloadBuild: undefined,
  watchMode: 'false',
  aceProfilePath: 'D:\\files_for_huaweidevelop\\FaceCheck\\camera-preview-minimal\\entry\\build\\default\\intermediates\\res\\default\\resources\\base\\profile',
  etsLoaderPath: 'D:\\DevEco Studio\\sdk\\default\\openharmony\\ets\\build-tools\\ets-loader',
  modulePath: 'D:\\files_for_huaweidevelop\\FaceCheck\\camera-preview-minimal\\entry',
  testFrameworkPar: {
    testMode: undefined,
    coveragePathFilter: undefined,
    coverageMode: undefined
  },
  needCoverageInsert: false,
  debugLine: false,
  projectTopDir: 'D:\\files_for_huaweidevelop\\FaceCheck\\camera-preview-minimal',
  compileSdkVersion: 22,
  compatibleSdkVersion: 22,
  originCompatibleSdkVersion: '6.0.2(22)',
  compatibleSdkVersionStage: undefined,
  bundleName: 'c***l',
  etsLoaderVersion: '6.0.2.130',
  etsLoaderReleaseType: 'Release',
  aotCompileMode: 'type',
  apPath: 'D:\\files_for_huaweidevelop\\FaceCheck\\camera-preview-minimal\\entry\\modules.ap',
  entryModuleName: 'entry',
  entryModuleVersion: '1.0.0',
  entryPackageName: 'entry',
  allModuleNameHash: '18ee91e67eb32e137e924ee7a48a53f8b0a93bb43eff5885ad0ab42f35f94670',
  externalApiPaths: [ 'D:\\DevEco Studio\\sdk\\default\\hms\\ets' ],
  compilerTypes: [],
  isCrossplatform: false,
  hvigorPluginFile: undefined,
  compilePluginPath: undefined,
  buildGeneratedProfilePath: 'D:\\files_for_huaweidevelop\\FaceCheck\\camera-preview-minimal\\entry\\build\\default\\generated\\profile\\default',
  bundleType: 'app',
  arkTSVersion: undefined,
  apiVersion: 22,
  needCompleteSourcesMap: false,
  isFaMode: false,
  buildDir: 'D:\\files_for_huaweidevelop\\FaceCheck\\camera-preview-minimal\\entry\\build',
  deviceTypes: [ 'phone', 'tablet' ],
  pkgContextInfo: {
    '@ohos/hypium': {
      packageName: '@ohos/hypium',
      bundleName: '*****',
      moduleName: '',
      version: '1.0.25',
      entryPath: 'index.js',
      isSO: false,
      dependencyAlias: ''
    },
    '@ohos/hamock': {
      packageName: '@ohos/hamock',
      bundleName: '*****',
      moduleName: '',
      version: '1.0.0',
      entryPath: 'index.ets',
      isSO: false,
      dependencyAlias: ''
    },
    entry: {
      packageName: 'entry',
      bundleName: '*****',
      moduleName: '',
      version: '',
      entryPath: 'src/main/',
      isSO: false,
      dependencyAlias: ''
    }
  },
  ohPackagePathMap: {},
  dependencyAliasMap: {},
  permission: { requestPermissions: [ [Object] ], definePermissions: undefined },
  useGetCurrentBundleName: false,
  projectArkOption: undefined,
  sourceMapDir: undefined,
  branchElimination: false,
  transformLib: undefined,
  tsImportSendable: false,
  resolveConflictMode: true,
  depName2RootPath: {},
  depName2DepInfo: {},
  rootPathSet: [ 'D:\\files_for_huaweidevelop\\FaceCheck\\camera-preview-minimal' ],
  useNativeResolver: true,
  shouldEmitJs: true,
  useTscResolve: false,
  singleFileEmit: false,
  userProjectConfig: {
    autoLazyImport: false,
    allowEmptyBundleName: false,
    reExportCheckMode: 'noCheck',
    executionMode: 'memory',
    usePathPlaceholder: false,
    writeRollupCache: true,
    isExpandImportEnabled: false,
    expandImportExclude: '',
    lazyImportExclude: '',
    lazyImportInclude: '',
    ignoreCrossplatformCheck: false,
    isHarDeduplicateEnabled: false,
    skipOhModulesLint: false,
    enableStrictCheckOHModule: false,
    disableSendableCheckRules: [],
    useDeclarationFileSignature: false,
    customizedOptions: undefined,
    integratedHsp: false,
    isPreloadSoEnabled: false
  },
  executionMode: 'memory',
  arkCompileCachePath: 'D:\\files_for_huaweidevelop\\FaceCheck\\camera-preview-minimal\\entry\\build\\default\\cache\\default\\default@CompileArkTS\\esmodule',
  autoLazyFilter: undefined,
  isHarDeduplicateEnabled: false,
  intermediateHarDuplicateDirPath: 'D:\\files_for_huaweidevelop\\FaceCheck\\camera-preview-minimal\\entry\\build\\default\\intermediates\\har_duplicate\\default',
  autoLazyImport: false,
  allowEmptyBundleName: false,
  reExportCheckMode: 'noCheck',
  usePathPlaceholder: false,
  writeRollupCache: true,
  isExpandImportEnabled: false,
  expandImportExclude: '',
  lazyImportExclude: '',
  lazyImportInclude: '',
  ignoreCrossplatformCheck: false,
  skipOhModulesLint: false,
  enableStrictCheckOHModule: false,
  disableSendableCheckRules: [],
  useDeclarationFileSignature: false,
  customizedOptions: undefined,
  integratedHsp: false,
  isPreloadSoEnabled: false,
  strictMode: {
    caseSensitiveCheck: true,
    useNormalizedOHMUrl: true,
    noExternalImportByPath: true
  },
  useNormalizedOHMUrl: true,
  caseSensitiveCheck: true,
  aceModuleJsonPath: 'D:\\files_for_huaweidevelop\\FaceCheck\\camera-preview-minimal\\entry\\build\\default\\intermediates\\res\\default\\ark_module.json',
  appResource: 'D:\\files_for_huaweidevelop\\FaceCheck\\camera-preview-minimal\\entry\\build\\default\\intermediates\\res\\default\\ResourceTable.txt',
  rawFileResource: 'D:\\files_for_huaweidevelop\\FaceCheck\\camera-preview-minimal\\entry\\build\\default\\intermediates\\res\\default\\resources\\rawfile',
  resourceTableHash: 'f64a437b8e40f6ffeb1e500beb89d221770e69f3dce109977b102f45a561d3b6',
  runtimeOS: 'HarmonyOS',
  sdkInfo: 'false:22:6.0.2.130:Release',
  aceModuleRoot: 'D:\\files_for_huaweidevelop\\FaceCheck\\camera-preview-minimal\\entry\\src\\main\\ets',
  compileMode: 'esmodule',
  aceSuperVisualPath: 'D:\\files_for_huaweidevelop\\FaceCheck\\camera-preview-minimal\\entry\\src\\main\\supervisual',
  aceBuildJson: 'D:\\files_for_huaweidevelop\\FaceCheck\\camera-preview-minimal\\entry\\build\\default\\intermediates\\loader\\default\\loader.json',
  cachePath: 'D:\\files_for_huaweidevelop\\FaceCheck\\camera-preview-minimal\\entry\\build\\default\\cache\\default\\default@CompileArkTS\\esmodule\\debug',
  aceModuleBuild: 'D:\\files_for_huaweidevelop\\FaceCheck\\camera-preview-minimal\\entry\\build\\default\\intermediates\\loader_out\\default\\ets',
  supportChunks: true,
  declaredFilesPath: undefined,
  shouldCollectDirectImportees: false,
  isByteCodeHarOptimize: false,
  expandImportPath: undefined,
  pkgNameToPkgBriefInfo: {
    entry: {
      pkgRoot: 'D:\\files_for_huaweidevelop\\FaceCheck\\camera-preview-minimal\\entry',
      originalSourceRoots: undefined,
      sourceRoots: [Array],
      pkgName: 'entry'
    }
  },
  projectModel: {
    'D:\\files_for_huaweidevelop\\FaceCheck\\camera-preview-minimal\\entry\\src\\main': {
      moduleName: 'entry',
      modulePkgPath: 'D:\\files_for_huaweidevelop\\FaceCheck\\camera-preview-minimal\\entry',
      belongProjectPath: 'D:\\files_for_huaweidevelop\\FaceCheck\\camera-preview-minimal'
    },
    'D:\\files_for_huaweidevelop\\FaceCheck\\camera-preview-minimal\\entry': {
      moduleName: 'entry',
      modulePkgPath: 'D:\\files_for_huaweidevelop\\FaceCheck\\camera-preview-minimal\\entry',
      belongProjectPath: 'D:\\files_for_huaweidevelop\\FaceCheck\\camera-preview-minimal'
    },
    'D:\\files_for_huaweidevelop\\FaceCheck\\camera-preview-minimal': {
      moduleName: 'camera-preview-minimal',
      modulePkgPath: 'D:\\files_for_huaweidevelop\\FaceCheck\\camera-preview-minimal',
      belongProjectPath: 'D:\\files_for_huaweidevelop\\FaceCheck\\camera-preview-minimal'
    }
  },
  pkgJsonFileHash: '441d5fb9425d899bb86c2aae0376406b9303b6bc97b7c6bd19cab2ba79e65e90',
  allModulePaths: [
    'D:\\files_for_huaweidevelop\\FaceCheck\\camera-preview-minimal\\entry'
  ],
  routerMap: {},
  obfuscationOptions: undefined,
  byteCodeHarToDependencyKeys: undefined,
  compileBlockPkg: [],
  mockParams: {
    decorator: '@MockSetup',
    packageName: '@ohos/hamock',
    etsSourceRootPath: 'src/main/ets',
    mockConfigPath: undefined,
    mockConfigKey2ModuleInfo: {},
    source2ModuleIdMap: {}
  },
  copyCodeResourceEnable: false,
  copyCodeResourceExcludes: [],
  copyCodeResourceIncludes: undefined,
  uiTransformOptimization: false,
  sdkPath: 'D:/DevEco Studio/sdk',
  needPreloadSoFileSet: {},
  preloadSoFilePath: 'D:\\files_for_huaweidevelop\\FaceCheck\\camera-preview-minimal\\entry\\build\\default\\intermediates\\preload\\default\\preload.json',
  useSourceHash: false,
  localModuleParamMap: {},
  otherPaths: {
    'entry/*': [
      '..\\*',
      '..\\..\\..\\build\\default\\generated\\profile\\default\\*'
    ]
  },
  collectImportersConfig: undefined
}
[2026-06-06T12:49:16.679] [DEBUG] debug-file - Compile arkts with external api path: D:\DevEco Studio\sdk\default\hms\ets
[2026-06-06T12:49:16.681] [DEBUG] debug-file - default@CompileArkTS work[0] is submitted.
[2026-06-06T12:49:16.682] [DEBUG] debug-file - default@CompileArkTS work[0] is pushed to ready queue.
[2026-06-06T12:49:16.682] [DEBUG] debug-file - A work dispatched to worker[31] failed because unable to get work from ready queue.
[2026-06-06T12:49:16.682] [DEBUG] debug-file - A work dispatched to worker[30] failed because unable to get work from ready queue.
[2026-06-06T12:49:16.682] [DEBUG] debug-file - A work dispatched to worker[29] failed because unable to get work from ready queue.
[2026-06-06T12:49:16.682] [DEBUG] debug-file - A work dispatched to worker[28] failed because unable to get work from ready queue.
[2026-06-06T12:49:16.682] [DEBUG] debug-file - A work dispatched to worker[27] failed because unable to get work from ready queue.
[2026-06-06T12:49:16.683] [DEBUG] debug-file - A work dispatched to worker[26] failed because unable to get work from ready queue.
[2026-06-06T12:49:16.683] [DEBUG] debug-file - A work dispatched to worker[25] failed because unable to get work from ready queue.
[2026-06-06T12:49:16.683] [DEBUG] debug-file - A work dispatched to worker[24] failed because unable to get work from ready queue.
[2026-06-06T12:49:16.683] [DEBUG] debug-file - A work dispatched to worker[23] failed because unable to get work from ready queue.
[2026-06-06T12:49:16.683] [DEBUG] debug-file - A work dispatched to worker[22] failed because unable to get work from ready queue.
[2026-06-06T12:49:16.683] [DEBUG] debug-file - A work dispatched to worker[21] failed because unable to get work from ready queue.
[2026-06-06T12:49:16.683] [DEBUG] debug-file - A work dispatched to worker[20] failed because unable to get work from ready queue.
[2026-06-06T12:49:16.683] [DEBUG] debug-file - A work dispatched to worker[19] failed because unable to get work from ready queue.
[2026-06-06T12:49:16.683] [DEBUG] debug-file - A work dispatched to worker[18] failed because unable to get work from ready queue.
[2026-06-06T12:49:16.683] [DEBUG] debug-file - A work dispatched to worker[17] failed because unable to get work from ready queue.
[2026-06-06T12:49:16.683] [DEBUG] debug-file - A work dispatched to worker[16] failed because unable to get work from ready queue.
[2026-06-06T12:49:16.683] [DEBUG] debug-file - A work dispatched to worker[15] failed because unable to get work from ready queue.
[2026-06-06T12:49:16.683] [DEBUG] debug-file - A work dispatched to worker[14] failed because unable to get work from ready queue.
[2026-06-06T12:49:16.683] [DEBUG] debug-file - A work dispatched to worker[13] failed because unable to get work from ready queue.
[2026-06-06T12:49:16.683] [DEBUG] debug-file - A work dispatched to worker[12] failed because unable to get work from ready queue.
[2026-06-06T12:49:16.683] [DEBUG] debug-file - A work dispatched to worker[11] failed because unable to get work from ready queue.
[2026-06-06T12:49:16.683] [DEBUG] debug-file - A work dispatched to worker[10] failed because unable to get work from ready queue.
[2026-06-06T12:49:16.683] [DEBUG] debug-file - A work dispatched to worker[9] failed because unable to get work from ready queue.
[2026-06-06T12:49:16.683] [DEBUG] debug-file - A work dispatched to worker[8] failed because unable to get work from ready queue.
[2026-06-06T12:49:16.683] [DEBUG] debug-file - A work dispatched to worker[7] failed because unable to get work from ready queue.
[2026-06-06T12:49:16.683] [DEBUG] debug-file - A work dispatched to worker[6] failed because unable to get work from ready queue.
[2026-06-06T12:49:16.683] [DEBUG] debug-file - A work dispatched to worker[5] failed because unable to get work from ready queue.
[2026-06-06T12:49:16.683] [DEBUG] debug-file - Create  resident worker with id: 4.
[2026-06-06T12:49:16.685] [DEBUG] debug-file - default@CompileArkTS work[0] has been dispatched to worker[4].
[2026-06-06T12:49:16.686] [DEBUG] debug-file - default@CompileArkTS work[0] is dispatched.
[2026-06-06T12:49:16.686] [DEBUG] debug-file - entry : default@CompileArkTS cost memory 1.4560546875
[2026-06-06T12:49:16.688] [DEBUG] debug-file - Executing task :entry:default@BuildJS
[2026-06-06T12:49:16.688] [DEBUG] debug-file - Task 'entry:default@BuildJS' cost while wrapping incremental declarations: 1 ms 
[2026-06-06T12:49:16.691] [DEBUG] debug-file - entry : default@BuildJS cost memory 0.169708251953125
[2026-06-06T12:49:16.691] [DEBUG] debug-file - runTaskFromQueue task cost before running: 928 ms 
[2026-06-06T12:49:16.693] [INFO] debug-file - Finished :entry:default@BuildJS... after 4 ms 
[2026-06-06T12:49:16.694] [DEBUG] debug-file - Executing task :entry:default@CacheNativeLibs
[2026-06-06T12:49:16.694] [DEBUG] debug-file - Task 'entry:default@CacheNativeLibs' cost while wrapping incremental declarations: 1 ms 
[2026-06-06T12:49:16.695] [DEBUG] debug-file - default@CacheNativeLibs work[1] is submitted.
[2026-06-06T12:49:16.695] [DEBUG] debug-file - default@CacheNativeLibs work[1] is pushed to ready queue.
[2026-06-06T12:49:16.695] [DEBUG] debug-file - A work dispatched to worker[31] failed because unable to get work from ready queue.
[2026-06-06T12:49:16.695] [DEBUG] debug-file - Create  resident worker with id: 30.
[2026-06-06T12:49:16.696] [DEBUG] debug-file - default@CacheNativeLibs work[1] has been dispatched to worker[30].
[2026-06-06T12:49:16.696] [DEBUG] debug-file - default@CacheNativeLibs work[1] is dispatched.
[2026-06-06T12:49:16.696] [DEBUG] debug-file - entry : default@CacheNativeLibs cost memory 0.1864776611328125
[2026-06-06T12:49:17.802] [DEBUG] debug-file - worker[30] has one work done.
[2026-06-06T12:49:17.802] [DEBUG] debug-file - default@CacheNativeLibs work[1] done.
[2026-06-06T12:49:17.802] [DEBUG] debug-file - A work dispatched to worker[30] failed because unable to get work from ready queue.
[2026-06-06T12:49:17.803] [INFO] debug-file - Finished :entry:default@CacheNativeLibs... after 9 ms 
[2026-06-06T12:49:23.574] [WARN] debug-file - [33mWARN: [33m[33mArkTS:WARN File: D:/files_for_huaweidevelop/FaceCheck/camera-preview-minimal/entry/src/main/ets/pages/Index.ets:89:21
 'getContext' has been deprecated.
[39m[39m

[2026-06-06T12:49:23.575] [DEBUG] debug-file - Ark compile task finished.finished time is 8394261282200
[2026-06-06T12:49:23.575] [DEBUG] debug-file - worker[4] has one work done.
[2026-06-06T12:49:23.578] [DEBUG] debug-file - default@CompileArkTS work[0] done.
[2026-06-06T12:49:23.578] [DEBUG] debug-file - A work dispatched to worker[4] failed because unable to get work from ready queue.
[2026-06-06T12:49:23.580] [INFO] debug-file - Finished :entry:default@CompileArkTS... after 4 s 375 ms 
[2026-06-06T12:49:23.581] [DEBUG] debug-file - Executing task :entry:default@GeneratePkgModuleJson
[2026-06-06T12:49:23.582] [DEBUG] debug-file - File: 'D:\files_for_huaweidevelop\FaceCheck\camera-preview-minimal\entry\build\default\intermediates\preload\default\preload.json' from 'preloadSoJsonPath' is not exists, just ignore.
[2026-06-06T12:49:23.582] [DEBUG] debug-file - Error occurs while handling @Input 'shouldDeduplicateHar': The "data" argument must be of type string or an instance of Buffer, TypedArray, or DataView. Received undefined
[2026-06-06T12:49:23.582] [DEBUG] debug-file - Task 'entry:default@GeneratePkgModuleJson' cost while wrapping incremental declarations: 1 ms 
[2026-06-06T12:49:23.585] [DEBUG] debug-file - entry : default@GeneratePkgModuleJson cost memory 0.1720123291015625
[2026-06-06T12:49:23.585] [DEBUG] debug-file - runTaskFromQueue task cost before running: 7 s 822 ms 
[2026-06-06T12:49:23.586] [INFO] debug-file - Finished :entry:default@GeneratePkgModuleJson... after 4 ms 
[2026-06-06T12:49:23.586] [DEBUG] debug-file - Executing task :entry:default@ProcessCompiledResources
[2026-06-06T12:49:23.586] [DEBUG] debug-file - File: 'D:\files_for_huaweidevelop\FaceCheck\camera-preview-minimal\entry\build\default\intermediates\preload\default\preload.json' from 'preloadSoJsonPath' is not exists, just ignore.
[2026-06-06T12:49:23.587] [DEBUG] debug-file - Task 'entry:default@ProcessCompiledResources' cost while wrapping incremental declarations: 1 ms 
[2026-06-06T12:49:23.587] [DEBUG] debug-file - entry : default@ProcessCompiledResources cost memory 0.0631561279296875
[2026-06-06T12:49:23.587] [DEBUG] debug-file - runTaskFromQueue task cost before running: 7 s 824 ms 
[2026-06-06T12:49:23.587] [INFO] debug-file - Finished :entry:default@ProcessCompiledResources... after 1 ms 
[2026-06-06T12:49:23.589] [DEBUG] debug-file - Executing task :entry:default@PackageHap
[2026-06-06T12:49:23.592] [DEBUG] debug-file - Use tool [D:\DevEco Studio\sdk\default\openharmony\toolchains\lib\app_packing_tool.jar]
 [
  'java',
  '-Dfile.encoding=GBK',
  '-jar',
  'D:\\DevEco Studio\\sdk\\default\\openharmony\\toolchains\\lib\\app_packing_tool.jar',
  '--mode',
  'hap',
  '--force',
  'true',
  '--lib-path',
  'D:\\files_for_huaweidevelop\\FaceCheck\\camera-preview-minimal\\entry\\build\\default\\intermediates\\stripped_native_libs\\default',
  '--json-path',
  'D:\\files_for_huaweidevelop\\FaceCheck\\camera-preview-minimal\\entry\\build\\default\\intermediates\\package\\default\\module.json',
  '--resources-path',
  'D:\\files_for_huaweidevelop\\FaceCheck\\camera-preview-minimal\\entry\\build\\default\\intermediates\\res\\default\\resources',
  '--index-path',
  'D:\\files_for_huaweidevelop\\FaceCheck\\camera-preview-minimal\\entry\\build\\default\\intermediates\\res\\default\\resources.index',
  '--pack-info-path',
  'D:\\files_for_huaweidevelop\\FaceCheck\\camera-preview-minimal\\entry\\build\\default\\outputs\\default\\pack.info',
  '--out-path',
  'D:\\files_for_huaweidevelop\\FaceCheck\\camera-preview-minimal\\entry\\build\\default\\outputs\\default\\entry-default-unsigned.hap',
  '--ets-path',
  'D:\\files_for_huaweidevelop\\FaceCheck\\camera-preview-minimal\\entry\\build\\default\\intermediates\\loader_out\\default\\ets',
  '--pkg-context-path',
  'D:\\files_for_huaweidevelop\\FaceCheck\\camera-preview-minimal\\entry\\build\\default\\intermediates\\loader\\default\\pkgContextInfo.json'
]
[2026-06-06T12:49:23.624] [DEBUG] debug-file - java daemon socket received message:{"code":0,"message":"pack success"}
[2026-06-06T12:49:23.629] [DEBUG] debug-file - entry : default@PackageHap cost memory 0.5833206176757812
[2026-06-06T12:49:23.629] [DEBUG] debug-file - runTaskFromQueue task cost before running: 7 s 866 ms 
[2026-06-06T12:49:23.630] [INFO] debug-file - Finished :entry:default@PackageHap... after 40 ms 
[2026-06-06T12:49:23.631] [DEBUG] debug-file - Executing task :entry:default@PackingCheck
[2026-06-06T12:49:23.637] [DEBUG] debug-file - entry : default@PackingCheck cost memory 0.31224822998046875
[2026-06-06T12:49:23.637] [DEBUG] debug-file - runTaskFromQueue task cost before running: 7 s 874 ms 
[2026-06-06T12:49:23.637] [INFO] debug-file - Finished :entry:default@PackingCheck... after 6 ms 
[2026-06-06T12:49:23.638] [DEBUG] debug-file - Executing task :entry:default@SignHap
[2026-06-06T12:49:23.662] [DEBUG] debug-file - java daemon socket close code:1000 reason:close by user
[2026-06-06T12:49:23.698] [DEBUG] debug-file - java daemon socket received message:{"code":0,"message":"verify profile success"}
[2026-06-06T12:49:23.703] [DEBUG] debug-file - java daemon remote sign failed undefined fallback to local java -jar sign
[2026-06-06T12:49:23.717] [DEBUG] debug-file - current process  memoryUsage: {
  rss: 583618560,
  heapTotal: 138129408,
  heapUsed: 114539944,
  external: 3253206,
  arrayBuffers: 225647
} os memoryUsage :13.146659851074219
[2026-06-06T12:49:23.729] [DEBUG] debug-file - java daemon socket close code:1000 reason:close by user
[2026-06-06T12:49:24.556] [DEBUG] debug-file - 06-06 12:49:24.555  INFO - Start verify-profile

[2026-06-06T12:49:24.876] [DEBUG] debug-file - 06-06 12:49:24.876  INFO - verify-profile success

[2026-06-06T12:49:24.909] [ERROR] debug-file - Failed :entry:default@SignHap... 
[2026-06-06T12:49:24.909] [DEBUG] debug-file - hvigor build process will be closed with an error.
[2026-06-06T12:49:24.909] [ERROR] debug-file - [31m00303074 Configuration Error
Error Message: The bundleName in app.json5/hvigorfile.ts does not match the bundleName in the generated SigningConfigs. At file: D:\files_for_huaweidevelop\FaceCheck\camera-preview-minimal\build-profile.json5

* Try the following:
  > Open File > Project Structure > Signing Configs and click Fix, or manually fix SigningConfigs in project-level build-profile.json5 file.
  > Go to app.json5/hvigorfile.ts and update the bundleName value.
[39m

[31m* Try:
> Run with --stacktrace option to get the stack trace.
> Run with --debug option to get more log output.

[2026-06-06T12:49:24.909] [DEBUG] debug-file - ERROR: stacktrace = AdaptorError: [31m00303074 Configuration Error
Error Message: The bundleName in app.json5/hvigorfile.ts does not match the bundleName in the generated SigningConfigs. At file: D:\files_for_huaweidevelop\FaceCheck\camera-preview-minimal\build-profile.json5

* Try the following:
  > Open File > Project Structure > Signing Configs and click Fix, or manually fix SigningConfigs in project-level build-profile.json5 file.
  > Go to app.json5/hvigorfile.ts and update the bundleName value.
[39m
    at OhosLogger.printErrorExit (D:\DevEco Studio\tools\hvigor\hvigor\src\base\log\hvigor-log.js:1:5087)
    at SignUtil.validateBundleName (D:\DevEco Studio\tools\hvigor\hvigor-ohos-plugin\src\tasks\sign\sign-util.js:1:3789)
    at process.processTicksAndRejections (node:internal/process/task_queues:95:5)
    at async SignUtil.executeSign (D:\DevEco Studio\tools\hvigor\hvigor-ohos-plugin\src\tasks\sign\sign-util.js:1:4546)
    at async SignUtil.sign (D:\DevEco Studio\tools\hvigor\hvigor-ohos-plugin\src\tasks\sign\sign-util.js:1:2275)
    at async SignHap.doTaskAction (D:\DevEco Studio\tools\hvigor\hvigor-ohos-plugin\src\tasks\sign-hap.js:1:1743)
    at async SignHap.<anonymous> (D:\DevEco Studio\tools\hvigor\hvigor-ohos-plugin\src\tasks\task\ohos-module-task.js:1:2063)
    at async SignHap.execute (D:\DevEco Studio\tools\hvigor\hvigor\src\base\external\task\core-task-impl.js:1:2191)
    at async TaskProxy.execute (D:\DevEco Studio\tools\hvigor\hvigor\src\base\internal\task\proxy\task-proxy.js:1:6139)
    at async doIncrementalTask (D:\DevEco Studio\tools\hvigor\hvigor\src\base\internal\core\incremental-task-executor.js:1:941)
[2026-06-06T12:49:24.909] [ERROR] debug-file - AdaptorError: [31m00303074 Configuration Error
Error Message: The bundleName in app.json5/hvigorfile.ts does not match the bundleName in the generated SigningConfigs. At file: D:\files_for_huaweidevelop\FaceCheck\camera-preview-minimal\build-profile.json5

* Try the following:
  > Open File > Project Structure > Signing Configs and click Fix, or manually fix SigningConfigs in project-level build-profile.json5 file.
  > Go to app.json5/hvigorfile.ts and update the bundleName value.
[39m
    at OhosLogger.printErrorExit (D:\DevEco Studio\tools\hvigor\hvigor\src\base\log\hvigor-log.js:1:5087)
    at SignUtil.validateBundleName (D:\DevEco Studio\tools\hvigor\hvigor-ohos-plugin\src\tasks\sign\sign-util.js:1:3789)
    at process.processTicksAndRejections (node:internal/process/task_queues:95:5)
    at async SignUtil.executeSign (D:\DevEco Studio\tools\hvigor\hvigor-ohos-plugin\src\tasks\sign\sign-util.js:1:4546)
    at async SignUtil.sign (D:\DevEco Studio\tools\hvigor\hvigor-ohos-plugin\src\tasks\sign\sign-util.js:1:2275)
    at async SignHap.doTaskAction (D:\DevEco Studio\tools\hvigor\hvigor-ohos-plugin\src\tasks\sign-hap.js:1:1743)
    at async SignHap.<anonymous> (D:\DevEco Studio\tools\hvigor\hvigor-ohos-plugin\src\tasks\task\ohos-module-task.js:1:2063)
    at async SignHap.execute (D:\DevEco Studio\tools\hvigor\hvigor\src\base\external\task\core-task-impl.js:1:2191)
    at async TaskProxy.execute (D:\DevEco Studio\tools\hvigor\hvigor\src\base\internal\task\proxy\task-proxy.js:1:6139)
    at async doIncrementalTask (D:\DevEco Studio\tools\hvigor\hvigor\src\base\internal\core\incremental-task-executor.js:1:941)
[2026-06-06T12:49:24.922] [ERROR] debug-file - BUILD FAILED in 9 s 159 ms 
[2026-06-06T12:49:24.923] [DEBUG] debug-file - Update task entry:default@PreBuild input file:D:\files_for_huaweidevelop\FaceCheck\camera-preview-minimal\AppScope\app.json5 cache by regenerate.
[2026-06-06T12:49:24.924] [DEBUG] debug-file - Update task entry:default@PreBuild input file:D:\files_for_huaweidevelop\FaceCheck\camera-preview-minimal\entry\src\main\module.json5 cache by regenerate.
[2026-06-06T12:49:24.925] [DEBUG] debug-file - Update task entry:default@PreBuild input file:D:\files_for_huaweidevelop\FaceCheck\camera-preview-minimal\build-profile.json5 cache by regenerate.
[2026-06-06T12:49:24.925] [DEBUG] debug-file - Update task entry:default@PreBuild input file:D:\files_for_huaweidevelop\FaceCheck\camera-preview-minimal\entry\build-profile.json5 cache by regenerate.
[2026-06-06T12:49:24.925] [DEBUG] debug-file - Update task entry:default@PreBuild input file:D:\files_for_huaweidevelop\FaceCheck\camera-preview-minimal\entry\src\main\resources\base\profile\main_pages.json cache by regenerate.
[2026-06-06T12:49:24.925] [DEBUG] debug-file - Update task entry:default@PreBuild input file:D:\files_for_huaweidevelop\FaceCheck\camera-preview-minimal\hvigor\hvigor-config.json5 cache by regenerate.
[2026-06-06T12:49:24.926] [DEBUG] debug-file - Update task entry:default@PreBuild input file:D:\files_for_huaweidevelop\FaceCheck\camera-preview-minimal\entry\oh-package.json5 cache by regenerate.
[2026-06-06T12:49:24.926] [DEBUG] debug-file - Update task entry:default@PreBuild input file:D:\files_for_huaweidevelop\FaceCheck\camera-preview-minimal\oh-package.json5 cache by regenerate.
[2026-06-06T12:49:24.926] [DEBUG] debug-file - Incremental task entry:default@PreBuild post-execution cost:4 ms .
[2026-06-06T12:49:24.926] [DEBUG] debug-file - Update task entry:default@CreateModuleInfo output file:D:\files_for_huaweidevelop\FaceCheck\camera-preview-minimal\entry\build\default\generated\profile\default\ModuleInfo.ts cache.
[2026-06-06T12:49:24.927] [DEBUG] debug-file - Incremental task entry:default@CreateModuleInfo post-execution cost:1 ms .
[2026-06-06T12:49:24.927] [DEBUG] debug-file - Update task entry:default@GenerateMetadata input file:D:\files_for_huaweidevelop\FaceCheck\camera-preview-minimal\entry\src\main\module.json5 cache by regenerate.
[2026-06-06T12:49:24.927] [DEBUG] debug-file - Update task entry:default@GenerateMetadata output file:D:\files_for_huaweidevelop\FaceCheck\camera-preview-minimal\entry\build\default\intermediates\hap_metadata\default\output_metadata.json cache.
[2026-06-06T12:49:24.927] [DEBUG] debug-file - Incremental task entry:default@GenerateMetadata post-execution cost:1 ms .
[2026-06-06T12:49:24.928] [DEBUG] debug-file - Update task entry:default@MergeProfile input file:D:\files_for_huaweidevelop\FaceCheck\camera-preview-minimal\AppScope\app.json5 cache by regenerate.
[2026-06-06T12:49:24.928] [DEBUG] debug-file - Update task entry:default@MergeProfile input file:D:\files_for_huaweidevelop\FaceCheck\camera-preview-minimal\build-profile.json5 cache by regenerate.
[2026-06-06T12:49:24.928] [DEBUG] debug-file - Update task entry:default@MergeProfile input file:D:\files_for_huaweidevelop\FaceCheck\camera-preview-minimal\entry\src\main\module.json5 cache by regenerate.
[2026-06-06T12:49:24.928] [DEBUG] debug-file - Update task entry:default@MergeProfile output file:D:\files_for_huaweidevelop\FaceCheck\camera-preview-minimal\entry\build\default\intermediates\merge_profile\default\module.json cache.
[2026-06-06T12:49:24.929] [DEBUG] debug-file - Incremental task entry:default@MergeProfile post-execution cost:2 ms .
[2026-06-06T12:49:24.929] [DEBUG] debug-file - Update task entry:default@CreateBuildProfile input file:D:\files_for_huaweidevelop\FaceCheck\camera-preview-minimal\AppScope\app.json5 cache by regenerate.
[2026-06-06T12:49:24.929] [DEBUG] debug-file - Update task entry:default@CreateBuildProfile input file:D:\files_for_huaweidevelop\FaceCheck\camera-preview-minimal\build-profile.json5 cache by regenerate.
[2026-06-06T12:49:24.929] [DEBUG] debug-file - Update task entry:default@CreateBuildProfile output file:D:\files_for_huaweidevelop\FaceCheck\camera-preview-minimal\entry\build\default\generated\profile\default\BuildProfile.ets cache.
[2026-06-06T12:49:24.930] [DEBUG] debug-file - Incremental task entry:default@CreateBuildProfile post-execution cost:1 ms .
[2026-06-06T12:49:24.930] [DEBUG] debug-file - Update task entry:default@GeneratePkgContextInfo output file:D:\files_for_huaweidevelop\FaceCheck\camera-preview-minimal\entry\build\default\intermediates\loader\default\pkgContextInfo.json cache.
[2026-06-06T12:49:24.930] [DEBUG] debug-file - Incremental task entry:default@GeneratePkgContextInfo post-execution cost:1 ms .
[2026-06-06T12:49:24.930] [DEBUG] debug-file - Update task entry:default@ProcessIntegratedHsp output file:D:\files_for_huaweidevelop\FaceCheck\camera-preview-minimal\build\cache\default\integrated_hsp\integratedHspCache.json cache.
[2026-06-06T12:49:24.930] [DEBUG] debug-file - Incremental task entry:default@ProcessIntegratedHsp post-execution cost:1 ms .
[2026-06-06T12:49:24.930] [DEBUG] debug-file - Update task entry:default@MakePackInfo input file:D:\files_for_huaweidevelop\FaceCheck\camera-preview-minimal\AppScope\app.json5 cache by regenerate.
[2026-06-06T12:49:24.931] [DEBUG] debug-file - Update task entry:default@MakePackInfo input file:D:\files_for_huaweidevelop\FaceCheck\camera-preview-minimal\entry\src\main\module.json5 cache by regenerate.
[2026-06-06T12:49:24.931] [DEBUG] debug-file - Update task entry:default@MakePackInfo input file:D:\files_for_huaweidevelop\FaceCheck\camera-preview-minimal\build-profile.json5 cache by regenerate.
[2026-06-06T12:49:24.931] [DEBUG] debug-file - Update task entry:default@MakePackInfo output file:D:\files_for_huaweidevelop\FaceCheck\camera-preview-minimal\entry\build\default\outputs\default\pack.info cache.
[2026-06-06T12:49:24.931] [DEBUG] debug-file - Incremental task entry:default@MakePackInfo post-execution cost:2 ms .
[2026-06-06T12:49:24.932] [DEBUG] debug-file - Update task entry:default@SyscapTransform input file:D:\DevEco Studio\sdk\default\openharmony\toolchains\syscap_tool.exe cache by regenerate.
[2026-06-06T12:49:24.932] [DEBUG] debug-file - Update task entry:default@SyscapTransform input file:D:\DevEco Studio\sdk\default\openharmony\ets\api\device-define cache by regenerate.
[2026-06-06T12:49:24.934] [DEBUG] debug-file - Update task entry:default@SyscapTransform output file:D:\files_for_huaweidevelop\FaceCheck\camera-preview-minimal\entry\build\default\intermediates\syscap\default\rpcid.sc cache.
[2026-06-06T12:49:24.934] [DEBUG] debug-file - Incremental task entry:default@SyscapTransform post-execution cost:3 ms .
[2026-06-06T12:49:24.934] [DEBUG] debug-file - Update task entry:default@ProcessProfile input file:D:\files_for_huaweidevelop\FaceCheck\camera-preview-minimal\entry\build\default\intermediates\merge_profile\default\module.json cache by regenerate.
[2026-06-06T12:49:24.934] [DEBUG] debug-file - Update task entry:default@ProcessProfile output file:D:\files_for_huaweidevelop\FaceCheck\camera-preview-minimal\entry\build\default\intermediates\process_profile\default\module.json cache.
[2026-06-06T12:49:24.935] [DEBUG] debug-file - Incremental task entry:default@ProcessProfile post-execution cost:1 ms .
[2026-06-06T12:49:24.935] [DEBUG] debug-file - Update task entry:default@ProcessRouterMap input file:D:\files_for_huaweidevelop\FaceCheck\camera-preview-minimal\entry\oh-package.json5 cache by regenerate.
[2026-06-06T12:49:24.935] [DEBUG] debug-file - Update task entry:default@ProcessRouterMap input file:D:\files_for_huaweidevelop\FaceCheck\camera-preview-minimal\oh-package.json5 cache by regenerate.
[2026-06-06T12:49:24.936] [DEBUG] debug-file - Update task entry:default@ProcessRouterMap input file:D:\files_for_huaweidevelop\FaceCheck\camera-preview-minimal\entry\src\main\module.json5 cache by regenerate.
[2026-06-06T12:49:24.936] [DEBUG] debug-file - Update task entry:default@ProcessRouterMap input file:D:\files_for_huaweidevelop\FaceCheck\camera-preview-minimal\entry\build\default\intermediates\loader\default\pkgContextInfo.json cache by regenerate.
[2026-06-06T12:49:24.936] [DEBUG] debug-file - Update task entry:default@ProcessRouterMap output file:D:\files_for_huaweidevelop\FaceCheck\camera-preview-minimal\entry\build\default\intermediates\router_map\default\temp-router-map.json cache.
[2026-06-06T12:49:24.937] [DEBUG] debug-file - Update task entry:default@ProcessRouterMap output file:D:\files_for_huaweidevelop\FaceCheck\camera-preview-minimal\entry\build\default\intermediates\router_map\default\loader-router-map.json cache.
[2026-06-06T12:49:24.937] [DEBUG] debug-file - Incremental task entry:default@ProcessRouterMap post-execution cost:3 ms .
[2026-06-06T12:49:24.937] [DEBUG] debug-file - Update task entry:default@ProcessShareConfig input file:D:\files_for_huaweidevelop\FaceCheck\camera-preview-minimal\entry\oh-package.json5 cache by regenerate.
[2026-06-06T12:49:24.938] [DEBUG] debug-file - Update task entry:default@ProcessShareConfig input file:D:\files_for_huaweidevelop\FaceCheck\camera-preview-minimal\oh-package.json5 cache by regenerate.
[2026-06-06T12:49:24.938] [DEBUG] debug-file - Update task entry:default@ProcessShareConfig input file:D:\files_for_huaweidevelop\FaceCheck\camera-preview-minimal\entry\src\main\module.json5 cache by regenerate.
[2026-06-06T12:49:24.938] [DEBUG] debug-file - Update task entry:default@ProcessShareConfig input file:D:\files_for_huaweidevelop\FaceCheck\camera-preview-minimal\entry\build\default\intermediates\loader\default\pkgContextInfo.json cache by regenerate.
[2026-06-06T12:49:24.939] [DEBUG] debug-file - Update task entry:default@ProcessShareConfig output file:D:\files_for_huaweidevelop\FaceCheck\camera-preview-minimal\entry\build\default\intermediates\share_config\default\temp-share-config.json cache.
[2026-06-06T12:49:24.939] [DEBUG] debug-file - Incremental task entry:default@ProcessShareConfig post-execution cost:2 ms .
[2026-06-06T12:49:24.939] [DEBUG] debug-file - Update task entry:default@ProcessStartupConfig input file:D:\files_for_huaweidevelop\FaceCheck\camera-preview-minimal\entry\build\default\intermediates\loader\default\pkgContextInfo.json cache by regenerate.
[2026-06-06T12:49:24.939] [DEBUG] debug-file - Update task entry:default@ProcessStartupConfig output file:D:\files_for_huaweidevelop\FaceCheck\camera-preview-minimal\entry\build\default\intermediates\startup\default\startup_config.json cache.
[2026-06-06T12:49:24.940] [DEBUG] debug-file - Incremental task entry:default@ProcessStartupConfig post-execution cost:1 ms .
[2026-06-06T12:49:24.940] [DEBUG] debug-file - Update task entry:default@ProcessResource output file:D:\files_for_huaweidevelop\FaceCheck\camera-preview-minimal\entry\build\default\intermediates\res\default\resConfig.json cache.
[2026-06-06T12:49:24.940] [DEBUG] debug-file - Update task entry:default@ProcessResource output file:D:\files_for_huaweidevelop\FaceCheck\camera-preview-minimal\entry\build\default\intermediates\res\default\opt-compression.json cache.
[2026-06-06T12:49:24.940] [DEBUG] debug-file - Incremental task entry:default@ProcessResource post-execution cost:1 ms .
[2026-06-06T12:49:24.941] [DEBUG] debug-file - Update task entry:default@GenerateLoaderJson input file:D:\files_for_huaweidevelop\FaceCheck\camera-preview-minimal\entry\build\default\intermediates\loader\default\pkgContextInfo.json cache by regenerate.
[2026-06-06T12:49:24.942] [DEBUG] debug-file - Update task entry:default@GenerateLoaderJson input file:D:\files_for_huaweidevelop\FaceCheck\camera-preview-minimal\entry\build\default\intermediates\router_map\default\temp-router-map.json cache by regenerate.
[2026-06-06T12:49:24.942] [DEBUG] debug-file - Update task entry:default@GenerateLoaderJson output file:D:\files_for_huaweidevelop\FaceCheck\camera-preview-minimal\entry\build\default\intermediates\loader\default\loader.json cache.
[2026-06-06T12:49:24.942] [DEBUG] debug-file - Incremental task entry:default@GenerateLoaderJson post-execution cost:2 ms .
[2026-06-06T12:49:24.943] [DEBUG] debug-file - Update task entry:default@ProcessLibs input file:D:\files_for_huaweidevelop\FaceCheck\camera-preview-minimal\build-profile.json5 cache by regenerate.
[2026-06-06T12:49:24.943] [DEBUG] debug-file - Update task entry:default@ProcessLibs input file:D:\files_for_huaweidevelop\FaceCheck\camera-preview-minimal\entry\build-profile.json5 cache by regenerate.
[2026-06-06T12:49:24.943] [DEBUG] debug-file - Update task entry:default@ProcessLibs output file:D:\files_for_huaweidevelop\FaceCheck\camera-preview-minimal\entry\build\default\intermediates\libs\default cache.
[2026-06-06T12:49:24.944] [DEBUG] debug-file - Incremental task entry:default@ProcessLibs post-execution cost:2 ms .
[2026-06-06T12:49:24.944] [DEBUG] debug-file - Update task entry:default@CompileResource input file:D:\files_for_huaweidevelop\FaceCheck\camera-preview-minimal\entry\src\main\resources cache by regenerate.
[2026-06-06T12:49:24.947] [DEBUG] debug-file - Update task entry:default@CompileResource input file:D:\files_for_huaweidevelop\FaceCheck\camera-preview-minimal\AppScope\resources cache by regenerate.
[2026-06-06T12:49:24.948] [DEBUG] debug-file - Update task entry:default@CompileResource input file:D:\files_for_huaweidevelop\FaceCheck\camera-preview-minimal\entry\build\default\intermediates\process_profile\default\module.json cache by regenerate.
[2026-06-06T12:49:24.949] [DEBUG] debug-file - Update task entry:default@CompileResource input file:D:\files_for_huaweidevelop\FaceCheck\camera-preview-minimal\entry\build\default\intermediates\res\default\resConfig.json cache by regenerate.
[2026-06-06T12:49:24.949] [DEBUG] debug-file - Update task entry:default@CompileResource output file:D:\files_for_huaweidevelop\FaceCheck\camera-preview-minimal\entry\build\default\intermediates\res\default cache.
[2026-06-06T12:49:24.953] [DEBUG] debug-file - Update task entry:default@CompileResource output file:D:\files_for_huaweidevelop\FaceCheck\camera-preview-minimal\entry\build\default\generated\r\default\ResourceTable.h cache.
[2026-06-06T12:49:24.954] [DEBUG] debug-file - Update task entry:default@CompileResource output file:D:\files_for_huaweidevelop\FaceCheck\camera-preview-minimal\entry\build\default\generated\r\default cache.
[2026-06-06T12:49:24.954] [DEBUG] debug-file - Incremental task entry:default@CompileResource post-execution cost:11 ms .
[2026-06-06T12:49:24.955] [DEBUG] debug-file - Update task entry:default@DoNativeStrip input file:D:\files_for_huaweidevelop\FaceCheck\camera-preview-minimal\entry\build\default\intermediates\libs\default cache by regenerate.
[2026-06-06T12:49:24.955] [DEBUG] debug-file - Update task entry:default@DoNativeStrip output file:D:\files_for_huaweidevelop\FaceCheck\camera-preview-minimal\entry\build\default\intermediates\stripped_native_libs\default cache.
[2026-06-06T12:49:24.955] [DEBUG] debug-file - Incremental task entry:default@DoNativeStrip post-execution cost:1 ms .
[2026-06-06T12:49:24.957] [DEBUG] debug-file - Update task entry:default@CompileArkTS input file:D:\files_for_huaweidevelop\FaceCheck\camera-preview-minimal\entry\build\default\intermediates\loader\default cache by regenerate.
[2026-06-06T12:49:24.958] [DEBUG] debug-file - Update task entry:default@CompileArkTS input file:D:\files_for_huaweidevelop\FaceCheck\camera-preview-minimal\entry\build\default\intermediates\res\default\ResourceTable.txt cache by regenerate.
[2026-06-06T12:49:24.958] [DEBUG] debug-file - Update task entry:default@CompileArkTS input file:D:\files_for_huaweidevelop\FaceCheck\camera-preview-minimal\entry\build\default\intermediates\res\default\ark_module.json cache by regenerate.
[2026-06-06T12:49:24.958] [DEBUG] debug-file - Update task entry:default@CompileArkTS input file:D:\files_for_huaweidevelop\FaceCheck\camera-preview-minimal\entry\build\default\intermediates\res\default\resources\base\profile cache by regenerate.
[2026-06-06T12:49:24.959] [DEBUG] debug-file - Update task entry:default@CompileArkTS input file:D:\files_for_huaweidevelop\FaceCheck\camera-preview-minimal\entry\src\main\ets cache by regenerate.
[2026-06-06T12:49:24.960] [DEBUG] debug-file - Update task entry:default@CompileArkTS input file:D:\files_for_huaweidevelop\FaceCheck\camera-preview-minimal\entry\build\default\intermediates\loader\default\pkgContextInfo.json cache by regenerate.
[2026-06-06T12:49:24.960] [DEBUG] debug-file - Update task entry:default@CompileArkTS input file:D:\files_for_huaweidevelop\FaceCheck\camera-preview-minimal\entry\build\default\generated\profile\default\BuildProfile.ets cache by regenerate.
[2026-06-06T12:49:24.960] [DEBUG] debug-file - Update task entry:default@CompileArkTS output file:D:\files_for_huaweidevelop\FaceCheck\camera-preview-minimal\entry\build\default\intermediates\loader_out\default\ets cache.
[2026-06-06T12:49:24.961] [DEBUG] debug-file - Incremental task entry:default@CompileArkTS post-execution cost:6 ms .
[2026-06-06T12:49:24.962] [DEBUG] debug-file - Update task entry:default@BuildJS input file:D:\files_for_huaweidevelop\FaceCheck\camera-preview-minimal\entry\build\default\intermediates\loader\default cache by regenerate.
[2026-06-06T12:49:24.963] [DEBUG] debug-file - Update task entry:default@BuildJS input file:D:\files_for_huaweidevelop\FaceCheck\camera-preview-minimal\entry\build\default\intermediates\res\default\ResourceTable.txt cache by regenerate.
[2026-06-06T12:49:24.964] [DEBUG] debug-file - Update task entry:default@BuildJS input file:D:\files_for_huaweidevelop\FaceCheck\camera-preview-minimal\entry\build\default\intermediates\res\default\ark_module.json cache by regenerate.
[2026-06-06T12:49:24.964] [DEBUG] debug-file - Update task entry:default@BuildJS input file:D:\files_for_huaweidevelop\FaceCheck\camera-preview-minimal\entry\build\default\intermediates\res\default\resources\base\profile cache by regenerate.
[2026-06-06T12:49:24.965] [DEBUG] debug-file - Update task entry:default@BuildJS input file:D:\files_for_huaweidevelop\FaceCheck\camera-preview-minimal\entry\build\default\intermediates\loader\default\pkgContextInfo.json cache by regenerate.
[2026-06-06T12:49:24.965] [DEBUG] debug-file - Update task entry:default@BuildJS output file:D:\files_for_huaweidevelop\FaceCheck\camera-preview-minimal\entry\build\default\intermediates\loader_out\default\js cache.
[2026-06-06T12:49:24.965] [DEBUG] debug-file - Incremental task entry:default@BuildJS post-execution cost:4 ms .
[2026-06-06T12:49:24.965] [DEBUG] debug-file - Update task entry:default@CacheNativeLibs input file:D:\files_for_huaweidevelop\FaceCheck\camera-preview-minimal\entry\build\default\intermediates\stripped_native_libs\default cache by regenerate.
[2026-06-06T12:49:24.965] [DEBUG] debug-file - Update task entry:default@CacheNativeLibs input file:D:\files_for_huaweidevelop\FaceCheck\camera-preview-minimal\entry\build\default\intermediates\libs\default cache by regenerate.
[2026-06-06T12:49:24.966] [DEBUG] debug-file - Update task entry:default@CacheNativeLibs output file:D:\files_for_huaweidevelop\FaceCheck\camera-preview-minimal\entry\build\default\intermediates\patch\default\base_native_libs.json cache.
[2026-06-06T12:49:24.966] [DEBUG] debug-file - Incremental task entry:default@CacheNativeLibs post-execution cost:2 ms .
[2026-06-06T12:49:24.966] [DEBUG] debug-file - Update task entry:default@GeneratePkgModuleJson input file:D:\files_for_huaweidevelop\FaceCheck\camera-preview-minimal\entry\build\default\intermediates\res\default\module.json cache by regenerate.
[2026-06-06T12:49:24.967] [DEBUG] debug-file - Update task entry:default@GeneratePkgModuleJson output file:D:\files_for_huaweidevelop\FaceCheck\camera-preview-minimal\entry\build\default\intermediates\package\default\module.json cache.
[2026-06-06T12:49:24.967] [DEBUG] debug-file - Incremental task entry:default@GeneratePkgModuleJson post-execution cost:1 ms .
[2026-06-06T12:49:24.967] [DEBUG] debug-file - Incremental task entry:default@ProcessCompiledResources post-execution cost:1 ms .
[2026-06-06T12:49:24.968] [DEBUG] debug-file - Update task entry:default@PackageHap input file:D:\files_for_huaweidevelop\FaceCheck\camera-preview-minimal\entry\build\default\intermediates\stripped_native_libs\default cache by regenerate.
[2026-06-06T12:49:24.968] [DEBUG] debug-file - Update task entry:default@PackageHap input file:D:\files_for_huaweidevelop\FaceCheck\camera-preview-minimal\entry\build\default\intermediates\res\default\module.json cache by regenerate.
[2026-06-06T12:49:24.968] [DEBUG] debug-file - Update task entry:default@PackageHap input file:D:\files_for_huaweidevelop\FaceCheck\camera-preview-minimal\entry\build\default\intermediates\res\default\resources cache by regenerate.
[2026-06-06T12:49:24.970] [DEBUG] debug-file - Update task entry:default@PackageHap input file:D:\files_for_huaweidevelop\FaceCheck\camera-preview-minimal\entry\build\default\intermediates\res\default\resources.index cache by regenerate.
[2026-06-06T12:49:24.971] [DEBUG] debug-file - Update task entry:default@PackageHap input file:D:\files_for_huaweidevelop\FaceCheck\camera-preview-minimal\entry\build\default\outputs\default\pack.info cache by regenerate.
[2026-06-06T12:49:24.972] [DEBUG] debug-file - Update task entry:default@PackageHap input file:D:\files_for_huaweidevelop\FaceCheck\camera-preview-minimal\entry\build\default\intermediates\loader_out\default\ets cache by regenerate.
[2026-06-06T12:49:24.973] [DEBUG] debug-file - Update task entry:default@PackageHap input file:D:\files_for_huaweidevelop\FaceCheck\camera-preview-minimal\entry\build\default\intermediates\loader\default\pkgContextInfo.json cache by regenerate.
[2026-06-06T12:49:24.973] [DEBUG] debug-file - Update task entry:default@PackageHap input file:D:\files_for_huaweidevelop\FaceCheck\camera-preview-minimal\entry\build\default\intermediates\loader_out\default\ets\sourceMaps.map cache by regenerate.
[2026-06-06T12:49:24.974] [DEBUG] debug-file - Update task entry:default@PackageHap input file:D:\files_for_huaweidevelop\FaceCheck\camera-preview-minimal\entry\build\default\generated\profile\default\BuildProfile.ets cache by regenerate.
[2026-06-06T12:49:24.974] [DEBUG] debug-file - Update task entry:default@PackageHap output file:D:\files_for_huaweidevelop\FaceCheck\camera-preview-minimal\entry\build\default\outputs\default\entry-default-unsigned.hap cache.
[2026-06-06T12:49:24.974] [DEBUG] debug-file - Update task entry:default@PackageHap output file:D:\files_for_huaweidevelop\FaceCheck\camera-preview-minimal\entry\build\default\intermediates\source_map\default\sourceMaps.map cache.
[2026-06-06T12:49:24.975] [DEBUG] debug-file - Update task entry:default@PackageHap output file:D:\files_for_huaweidevelop\FaceCheck\camera-preview-minimal\entry\build\default\outputs\default\mapping\sourceMaps.map cache.
[2026-06-06T12:49:24.975] [DEBUG] debug-file - Incremental task entry:default@PackageHap post-execution cost:8 ms .
[2026-06-06T12:49:24.976] [DEBUG] debug-file - Update task entry:default@SignHap input file:C:\Users\white\.ohos\config\default_FaceCheck_XIP5AEtjoMg_LHh2fT2SHXaqBQOeOLbhsmuA_gUfwkM=.cer cache by regenerate.
[2026-06-06T12:49:24.976] [DEBUG] debug-file - Update task entry:default@SignHap input file:C:\Users\white\.ohos\config\default_FaceCheck_XIP5AEtjoMg_LHh2fT2SHXaqBQOeOLbhsmuA_gUfwkM=.p7b cache by regenerate.
[2026-06-06T12:49:24.977] [DEBUG] debug-file - Update task entry:default@SignHap input file:C:\Users\white\.ohos\config\default_FaceCheck_XIP5AEtjoMg_LHh2fT2SHXaqBQOeOLbhsmuA_gUfwkM=.p12 cache by regenerate.
[2026-06-06T12:49:24.977] [DEBUG] debug-file - Update task entry:default@SignHap input file:D:\files_for_huaweidevelop\FaceCheck\camera-preview-minimal\entry\build\default\outputs\default\entry-default-unsigned.hap cache by regenerate.
[2026-06-06T12:49:24.977] [DEBUG] debug-file - Update task entry:default@SignHap output file:D:\files_for_huaweidevelop\FaceCheck\camera-preview-minimal\entry\build\default\outputs\default\entry-default-signed.hap cache.
[2026-06-06T12:49:24.978] [DEBUG] debug-file - Incremental task entry:default@SignHap post-execution cost:3 ms .
[2026-06-06T12:49:25.001] [DEBUG] debug-file - Cleanup worker 30.
[2026-06-06T12:49:25.001] [DEBUG] debug-file - Worker 30 has been cleaned up.
[2026-06-06T12:49:25.001] [DEBUG] debug-file - Current idle worker size: 1.
[2026-06-06T12:49:25.001] [DEBUG] debug-file - Current resident worker size: 2.
[2026-06-06T12:49:25.002] [DEBUG] debug-file - hvigor build process will be closed.
[2026-06-06T12:49:25.008] [DEBUG] debug-file - session manager: send message to worker process.
[2026-06-06T12:49:25.008] [DEBUG] debug-file - session manager: send message to worker process.
[2026-06-06T12:49:25.008] [DEBUG] debug-file - watch worker: worker id should be larger than 0. Nothing will be sent to any worker thread.
[2026-06-06T12:49:25.009] [DEBUG] debug-file - worker[30] exits with exit code 1.
[2026-06-06T12:49:25.009] [DEBUG] debug-file - watch worker: worker id should be larger than 0. Nothing will be sent to any worker thread.
[2026-06-06T12:50:03.904] [DEBUG] debug-file - env: nodejsVersion=v18.20.1
[2026-06-06T12:50:03.963] [DEBUG] debug-file - env: daemon=true
[2026-06-06T12:50:03.905] [DEBUG] debug-file - env: hvigor-config.json5 content = {
  modelVersion: '6.0.2',
  dependencies: {},
  execution: {},
  logging: {},
  debugging: {},
  nodeOptions: {}
}
[2026-06-06T12:50:04.517] [DEBUG] debug-file - session manager: set active socket. socketId=SsBjDkYj7yfsL9r8AAAF
[2026-06-06T12:50:04.524] [DEBUG] debug-file - watch worker: worker id should be larger than 0. Nothing will be sent to any worker thread.
[2026-06-06T12:50:04.527] [DEBUG] debug-file - Workers' log level updated to INFO
[2026-06-06T12:50:04.529] [DEBUG] debug-file - Hvigor init with startParameters:{
  hvigorfileTypeCheck: false,
  parallelExecution: true,
  incrementalExecution: true,
  printStackTrace: false,
  daemon: true,
  analyze: 0,
  logLevel: Level { level: 20000, levelStr: 'INFO', colour: 'green' },
  optimizationStrategy: 'memory',
  hotCompile: undefined,
  hotReloadBuild: undefined,
  customizedParam: undefined
}
[2026-06-06T12:50:04.532] [DEBUG] debug-file - Cache service initialization finished in 3 ms 
[2026-06-06T12:50:04.532] [DEBUG] debug-file - hvigorfile, resolving D:\files_for_huaweidevelop\FaceCheck\camera-preview-minimal\hvigorfile.ts
[2026-06-06T12:50:04.536] [DEBUG] debug-file - hvigorfile, require result:  { default: { plugins: [] } }
[2026-06-06T12:50:04.536] [DEBUG] debug-file - hvigorfile, binding system plugins null
[2026-06-06T12:50:04.536] [DEBUG] debug-file - Starting plugin build process
[2026-06-06T12:50:04.536] [DEBUG] debug-file - App plugin prepare start...
[2026-06-06T12:50:04.536] [DEBUG] debug-file - App plugin prepare end...
[2026-06-06T12:50:04.537] [DEBUG] debug-file - App plugin creating...
[2026-06-06T12:50:04.546] [DEBUG] debug-file - App plugin register hook start...
[2026-06-06T12:50:04.546] [DEBUG] debug-file - App plugin register hook end...
[2026-06-06T12:50:04.546] [DEBUG] debug-file - Plugin build process completed
[2026-06-06T12:50:04.546] [DEBUG] debug-file - Start initialize project's product build option map with build mode debug.
[2026-06-06T12:50:04.546] [DEBUG] debug-file - Picking option from product 'default' with build mode 'debug'.
[2026-06-06T12:50:04.546] [DEBUG] debug-file - Product 'default' build option initialized
[2026-06-06T12:50:04.546] [DEBUG] debug-file - End initialize project's product build option map with build mode 'debug'.
[2026-06-06T12:50:04.547] [DEBUG] debug-file - Obtain build option for product 'default'in this build.
[2026-06-06T12:50:04.547] [DEBUG] debug-file - D:\files_for_huaweidevelop\FaceCheck\camera-preview-minimal\build\cache\default\remote_hsp\remoteHspCache.json not exists.
[2026-06-06T12:50:04.549] [DEBUG] debug-file - Start recording SDK configuration permission data.
[2026-06-06T12:50:04.569] [DEBUG] debug-file - Sdk init in 21 ms 
[2026-06-06T12:50:04.573] [DEBUG] debug-file - Project task initialization takes 4 ms 
[2026-06-06T12:50:04.573] [DEBUG] debug-file - hvigorfile, binding custom plugins []
[2026-06-06T12:50:04.573] [DEBUG] debug-file - hvigorfile, no custom plugins were found in D:\files_for_huaweidevelop\FaceCheck\camera-preview-minimal\hvigorfile.ts
[2026-06-06T12:50:04.573] [DEBUG] debug-file - hvigorfile, resolve finished D:\files_for_huaweidevelop\FaceCheck\camera-preview-minimal\hvigorfile.ts
[2026-06-06T12:50:04.573] [DEBUG] debug-file - hvigorfile, resolving D:\files_for_huaweidevelop\FaceCheck\camera-preview-minimal\entry\hvigorfile.ts
[2026-06-06T12:50:04.578] [DEBUG] debug-file - hvigorfile, require result:  { default: { plugins: [] } }
[2026-06-06T12:50:04.578] [DEBUG] debug-file - hvigorfile, binding system plugins null
[2026-06-06T12:50:04.578] [DEBUG] debug-file - Starting plugin build process
[2026-06-06T12:50:04.578] [DEBUG] debug-file - Hap plugin creating...
[2026-06-06T12:50:04.580] [DEBUG] debug-file - failed to load cangjie to dynamically generate schemas: Error: Cannot find module '@ohos/cangjie-build-support/index'
Require stack:
- D:\DevEco Studio\tools\hvigor\hvigor-ohos-plugin\src\plugin\hooks\cangjie-register.js
- D:\DevEco Studio\tools\hvigor\hvigor-ohos-plugin\src\plugin\strategy\stage-init-strategy.js
- D:\DevEco Studio\tools\hvigor\hvigor-ohos-plugin\src\plugin\builder\abstract-plugin-builder.js
- D:\DevEco Studio\tools\hvigor\hvigor-ohos-plugin\src\plugin\builder\app-plugin-builder.js
- D:\DevEco Studio\tools\hvigor\hvigor-ohos-plugin\src\plugin\factory\plugin-factory.js
- D:\DevEco Studio\tools\hvigor\hvigor-ohos-plugin\index.js
- D:\files_for_huaweidevelop\FaceCheck\camera-preview-minimal\hvigorfile.ts
- D:\DevEco Studio\tools\hvigor\hvigor\src\base\internal\lifecycle\configuration.js
- D:\DevEco Studio\tools\hvigor\hvigor\src\base\boot\index.js
- D:\DevEco Studio\tools\hvigor\hvigor\src\base\daemon\cluster\worker-process-lifecycle.js
- D:\DevEco Studio\tools\hvigor\hvigor\src\base\daemon\process\daemon-process-boot-script.js
[2026-06-06T12:50:04.582] [DEBUG] debug-file - Start initialize module-target build option map, moduleName=entry, buildMode=debug
[2026-06-06T12:50:04.582] [DEBUG] debug-file - Target 'default' config initialized
[2026-06-06T12:50:04.582] [DEBUG] debug-file - Module 'entry' target 'default' build option initialized
[2026-06-06T12:50:04.582] [DEBUG] debug-file - End initialize module-target build option map, moduleName=entry
[2026-06-06T12:50:04.582] [DEBUG] debug-file - Start initialize module-target build option map, moduleName=entry, buildMode=release
[2026-06-06T12:50:04.582] [DEBUG] debug-file - Target 'default' config initialized
[2026-06-06T12:50:04.583] [DEBUG] debug-file - Module 'entry' target 'default' build option initialized
[2026-06-06T12:50:04.583] [DEBUG] debug-file - End initialize module-target build option map, moduleName=entry
[2026-06-06T12:50:04.583] [DEBUG] debug-file - Start initialize module-target build option map, moduleName=entry, buildMode=debug
[2026-06-06T12:50:04.583] [DEBUG] debug-file - Target 'default' config initialized
[2026-06-06T12:50:04.583] [DEBUG] debug-file - Module 'entry' target 'default' build option initialized
[2026-06-06T12:50:04.583] [DEBUG] debug-file - End initialize module-target build option map, moduleName=entry
[2026-06-06T12:50:04.583] [DEBUG] debug-file - Obtain build option for module 'entry' target 'default'in this build.
[2026-06-06T12:50:04.584] [DEBUG] debug-file - Module entry task initialization takes 1 ms 
[2026-06-06T12:50:04.584] [DEBUG] debug-file - Hap plugin register hook start...
[2026-06-06T12:50:04.584] [DEBUG] debug-file - Hap plugin register hook end...
[2026-06-06T12:50:04.584] [DEBUG] debug-file - Plugin build process completed
[2026-06-06T12:50:04.585] [DEBUG] debug-file - hvigorfile, binding custom plugins []
[2026-06-06T12:50:04.585] [DEBUG] debug-file - hvigorfile, no custom plugins were found in D:\files_for_huaweidevelop\FaceCheck\camera-preview-minimal\entry\hvigorfile.ts
[2026-06-06T12:50:04.585] [DEBUG] debug-file - hvigorfile, resolve finished D:\files_for_huaweidevelop\FaceCheck\camera-preview-minimal\entry\hvigorfile.ts
[2026-06-06T12:50:04.608] [DEBUG] debug-file - hvigorfile, resolve hvigorfile dependencies in 23 ms 
[2026-06-06T12:50:04.608] [DEBUG] debug-file - project has submodules:entry
[2026-06-06T12:50:04.609] [DEBUG] debug-file - start to load updatedOhPackageInfo to the disk
[2026-06-06T12:50:04.615] [DEBUG] debug-file - load to the disk finished
[2026-06-06T12:50:04.615] [DEBUG] debug-file - Start to initialize dependency information.
[2026-06-06T12:50:04.621] [DEBUG] debug-file - Module camera-preview-minimal Collected Dependency: 
[2026-06-06T12:50:04.622] [DEBUG] debug-file - Module camera-preview-minimal's total dependency: 0
[2026-06-06T12:50:04.622] [DEBUG] debug-file - Start to initialize dependency information.
[2026-06-06T12:50:04.624] [DEBUG] debug-file - Module entry Collected Dependency: 
[2026-06-06T12:50:04.624] [DEBUG] debug-file - Module entry's total dependency: 0
[2026-06-06T12:50:04.626] [DEBUG] debug-file - Configuration phase cost:94 ms 
[2026-06-06T12:50:04.627] [DEBUG] debug-file - Configuration task cost before running: 100 ms 
[2026-06-06T12:50:04.631] [DEBUG] debug-file - Executing task :entry:default@PreBuild
[2026-06-06T12:50:04.631] [DEBUG] debug-file - Task 'entry:default@PreBuild' cost while wrapping incremental declarations: 1 ms 
[2026-06-06T12:50:04.636] [DEBUG] debug-file - entry:default@PreBuild is not up-to-date, since the input file 'D:\files_for_huaweidevelop\FaceCheck\camera-preview-minimal\AppScope\app.json5' has been changed.
[2026-06-06T12:50:04.636] [DEBUG] debug-file - Incremental task entry:default@PreBuild pre-execution cost: 4 ms .
[2026-06-06T12:50:04.642] [DEBUG] debug-file - current product is not Atomic service.
[2026-06-06T12:50:04.642] [DEBUG] debug-file - Use tool [win32: JAVA_HOME, CLASSPATH]
 [ { JAVA_HOME: 'D:\\java_folder' }, { CLASSPATH: undefined } ]
[2026-06-06T12:50:04.642] [DEBUG] debug-file - Use tool [win32: NODE_HOME]
 [ { NODE_HOME: 'D:\\DevEco Studio\\tools\\node' } ]
[2026-06-06T12:50:04.642] [DEBUG] debug-file - entry : default@PreBuild cost memory 0.6200027465820312
[2026-06-06T12:50:04.642] [DEBUG] debug-file - runTaskFromQueue task cost before running: 116 ms 
[2026-06-06T12:50:04.644] [INFO] debug-file - Finished :entry:default@PreBuild... after 12 ms 
[2026-06-06T12:50:04.645] [DEBUG] debug-file - Executing task :entry:default@CreateModuleInfo
[2026-06-06T12:50:04.645] [DEBUG] debug-file - Task 'entry:default@CreateModuleInfo' cost while wrapping incremental declarations: 1 ms 
[2026-06-06T12:50:04.646] [DEBUG] debug-file - entry : default@CreateModuleInfo cost memory 0.04224395751953125
[2026-06-06T12:50:04.646] [DEBUG] debug-file - runTaskFromQueue task cost before running: 119 ms 
[2026-06-06T12:50:04.646] [INFO] debug-file - Finished :entry:default@CreateModuleInfo... after 1 ms 
[2026-06-06T12:50:04.649] [DEBUG] debug-file - Executing task :entry:default@GenerateMetadata
[2026-06-06T12:50:04.650] [DEBUG] debug-file - Task 'entry:default@GenerateMetadata' cost while wrapping incremental declarations: 1 ms 
[2026-06-06T12:50:04.652] [DEBUG] debug-file - Incremental task entry:default@GenerateMetadata pre-execution cost: 2 ms .
[2026-06-06T12:50:04.652] [DEBUG] debug-file - entry : default@GenerateMetadata cost memory 0.091583251953125
[2026-06-06T12:50:04.652] [INFO] debug-file - UP-TO-DATE :entry:default@GenerateMetadata...  
[2026-06-06T12:50:04.653] [DEBUG] debug-file - Executing task :entry:default@ConfigureCmake
[2026-06-06T12:50:04.653] [DEBUG] debug-file - entry : default@ConfigureCmake cost memory 0.0146484375
[2026-06-06T12:50:04.653] [DEBUG] debug-file - runTaskFromQueue task cost before running: 126 ms 
[2026-06-06T12:50:04.653] [INFO] debug-file - Finished :entry:default@ConfigureCmake... after 1 ms 
[2026-06-06T12:50:04.654] [DEBUG] debug-file - Executing task :entry:default@MergeProfile
[2026-06-06T12:50:04.654] [DEBUG] debug-file - Task 'entry:default@MergeProfile' cost while wrapping incremental declarations: 1 ms 
[2026-06-06T12:50:04.654] [DEBUG] debug-file - entry:default@MergeProfile is not up-to-date, since the input file 'D:\files_for_huaweidevelop\FaceCheck\camera-preview-minimal\AppScope\app.json5' has been changed.
[2026-06-06T12:50:04.654] [DEBUG] debug-file - Incremental task entry:default@MergeProfile pre-execution cost: 1 ms .
[2026-06-06T12:50:04.655] [DEBUG] debug-file - Change app api release type with 'Release'
[2026-06-06T12:50:04.655] [DEBUG] debug-file - Change app compile API version with '6.0.2.130'
[2026-06-06T12:50:04.655] [DEBUG] debug-file - Change app target API version with '60002022'
[2026-06-06T12:50:04.655] [DEBUG] debug-file - Change app minimum API version with '60002022'
[2026-06-06T12:50:04.655] [DEBUG] debug-file - Use cli appEnvironment
[2026-06-06T12:50:04.656] [DEBUG] debug-file - entry : default@MergeProfile cost memory 0.2185821533203125
[2026-06-06T12:50:04.657] [DEBUG] debug-file - runTaskFromQueue task cost before running: 130 ms 
[2026-06-06T12:50:04.657] [INFO] debug-file - Finished :entry:default@MergeProfile... after 3 ms 
[2026-06-06T12:50:04.658] [DEBUG] debug-file - Executing task :entry:default@CreateBuildProfile
[2026-06-06T12:50:04.658] [DEBUG] debug-file - Task 'entry:default@CreateBuildProfile' cost while wrapping incremental declarations: 1 ms 
[2026-06-06T12:50:04.659] [DEBUG] debug-file - entry:default@CreateBuildProfile is not up-to-date, since the input file 'D:\files_for_huaweidevelop\FaceCheck\camera-preview-minimal\AppScope\app.json5' has been changed.
[2026-06-06T12:50:04.659] [DEBUG] debug-file - Incremental task entry:default@CreateBuildProfile pre-execution cost: 1 ms .
[2026-06-06T12:50:04.660] [DEBUG] debug-file - entry : default@CreateBuildProfile cost memory -0.7508316040039062
[2026-06-06T12:50:04.660] [DEBUG] debug-file - runTaskFromQueue task cost before running: 134 ms 
[2026-06-06T12:50:04.660] [INFO] debug-file - Finished :entry:default@CreateBuildProfile... after 3 ms 
[2026-06-06T12:50:04.661] [DEBUG] debug-file - Executing task :entry:default@PreCheckSyscap
[2026-06-06T12:50:04.662] [DEBUG] debug-file - entry : default@PreCheckSyscap cost memory 0.01488494873046875
[2026-06-06T12:50:04.662] [DEBUG] debug-file - runTaskFromQueue task cost before running: 135 ms 
[2026-06-06T12:50:04.662] [INFO] debug-file - Finished :entry:default@PreCheckSyscap... after 1 ms 
[2026-06-06T12:50:04.663] [DEBUG] debug-file - Executing task :entry:default@GeneratePkgContextInfo
[2026-06-06T12:50:04.666] [DEBUG] debug-file - Task 'entry:default@GeneratePkgContextInfo' cost while wrapping incremental declarations: 1 ms 
[2026-06-06T12:50:04.667] [DEBUG] debug-file - Incremental task entry:default@GeneratePkgContextInfo pre-execution cost: 1 ms .
[2026-06-06T12:50:04.667] [DEBUG] debug-file - entry : default@GeneratePkgContextInfo cost memory 0.2521514892578125
[2026-06-06T12:50:04.667] [INFO] debug-file - UP-TO-DATE :entry:default@GeneratePkgContextInfo...  
[2026-06-06T12:50:04.671] [DEBUG] debug-file - Executing task :entry:default@ProcessIntegratedHsp
[2026-06-06T12:50:04.671] [DEBUG] debug-file - entry:default@ProcessIntegratedHsp is not up-to-date, since the output file 'D:\files_for_huaweidevelop\FaceCheck\camera-preview-minimal\build\cache\default\integrated_hsp\integratedHspCache.json' does not exist.
[2026-06-06T12:50:04.671] [DEBUG] debug-file - Incremental task entry:default@ProcessIntegratedHsp pre-execution cost: 1 ms .
[2026-06-06T12:50:04.671] [DEBUG] debug-file - entry : default@ProcessIntegratedHsp cost memory 0.0580291748046875
[2026-06-06T12:50:04.672] [DEBUG] debug-file - runTaskFromQueue task cost before running: 145 ms 
[2026-06-06T12:50:04.672] [INFO] debug-file - Finished :entry:default@ProcessIntegratedHsp... after 1 ms 
[2026-06-06T12:50:04.673] [DEBUG] debug-file - Executing task :entry:default@BuildNativeWithCmake
[2026-06-06T12:50:04.673] [DEBUG] debug-file - entry : default@BuildNativeWithCmake cost memory 0.01458740234375
[2026-06-06T12:50:04.673] [DEBUG] debug-file - runTaskFromQueue task cost before running: 147 ms 
[2026-06-06T12:50:04.674] [INFO] debug-file - Finished :entry:default@BuildNativeWithCmake... after 1 ms 
[2026-06-06T12:50:04.674] [DEBUG] debug-file - Executing task :entry:default@MakePackInfo
[2026-06-06T12:50:04.675] [DEBUG] debug-file - entry:default@MakePackInfo is not up-to-date, since the input file 'D:\files_for_huaweidevelop\FaceCheck\camera-preview-minimal\AppScope\app.json5' has been changed.
[2026-06-06T12:50:04.675] [DEBUG] debug-file - Incremental task entry:default@MakePackInfo pre-execution cost: 1 ms .
[2026-06-06T12:50:04.675] [DEBUG] debug-file - Module Pack Info:  {
  summary: {
    app: { bundleName: 'c***n', bundleType: 'app', version: [Object] },
    modules: [ [Object] ]
  },
  packages: [
    {
      deviceType: [Array],
      moduleType: 'entry',
      deliveryWithInstall: true,
      name: 'entry-default'
    }
  ]
}
[2026-06-06T12:50:04.676] [DEBUG] debug-file - entry : default@MakePackInfo cost memory 0.11643218994140625
[2026-06-06T12:50:04.676] [DEBUG] debug-file - runTaskFromQueue task cost before running: 150 ms 
[2026-06-06T12:50:04.676] [INFO] debug-file - Finished :entry:default@MakePackInfo... after 2 ms 
[2026-06-06T12:50:04.677] [DEBUG] debug-file - Executing task :entry:default@SyscapTransform
[2026-06-06T12:50:04.677] [DEBUG] debug-file - File: 'D:\files_for_huaweidevelop\FaceCheck\camera-preview-minimal\entry\src\main\syscap.json' from 'sysCapJsonPath' is not exists, just ignore.
[2026-06-06T12:50:04.678] [DEBUG] debug-file - Task 'entry:default@SyscapTransform' cost while wrapping incremental declarations: 1 ms 
[2026-06-06T12:50:04.680] [DEBUG] debug-file - entry:default@SyscapTransform is not up-to-date, since the output file 'D:\files_for_huaweidevelop\FaceCheck\camera-preview-minimal\entry\build\default\intermediates\syscap\default\rpcid.sc' does not exist.
[2026-06-06T12:50:04.680] [DEBUG] debug-file - Incremental task entry:default@SyscapTransform pre-execution cost: 2 ms .
[2026-06-06T12:50:04.680] [DEBUG] debug-file - entry : default@SyscapTransform cost memory 0.18927764892578125
[2026-06-06T12:50:04.680] [DEBUG] debug-file - runTaskFromQueue task cost before running: 153 ms 
[2026-06-06T12:50:04.680] [INFO] debug-file - Finished :entry:default@SyscapTransform... after 3 ms 
[2026-06-06T12:50:04.680] [DEBUG] debug-file - Executing task :entry:default@ProcessProfile
[2026-06-06T12:50:04.681] [DEBUG] debug-file - Task 'entry:default@ProcessProfile' cost while wrapping incremental declarations: 1 ms 
[2026-06-06T12:50:04.681] [DEBUG] debug-file - entry:default@ProcessProfile is not up-to-date, since the input file 'D:\files_for_huaweidevelop\FaceCheck\camera-preview-minimal\entry\build\default\intermediates\merge_profile\default\module.json' has been changed.
[2026-06-06T12:50:04.682] [DEBUG] debug-file - Incremental task entry:default@ProcessProfile pre-execution cost: 1 ms .
[2026-06-06T12:50:04.682] [DEBUG] debug-file - [
  'D:\\DevEco Studio\\tools\\node\\node.exe',
  'D:\\DevEco Studio\\sdk\\default\\openharmony\\ets\\build-tools\\ets-loader\\bin\\ark\\ts2abc.js',
  '--target-api-version',
  '22'
]
[2026-06-06T12:50:04.756] [DEBUG] debug-file - 13.0.1.0
[2026-06-06T12:50:04.757] [DEBUG] debug-file - No need to add fake ui ability because of not in preview process.
[2026-06-06T12:50:04.758] [DEBUG] debug-file - entry : default@ProcessProfile cost memory -0.444610595703125
[2026-06-06T12:50:04.758] [DEBUG] debug-file - runTaskFromQueue task cost before running: 232 ms 
[2026-06-06T12:50:04.758] [INFO] debug-file - Finished :entry:default@ProcessProfile... after 78 ms 
[2026-06-06T12:50:04.760] [DEBUG] debug-file - Executing task :entry:default@ProcessRouterMap
[2026-06-06T12:50:04.762] [DEBUG] debug-file - entry:default@ProcessRouterMap is not up-to-date, since the task snapshots are different.
[2026-06-06T12:50:04.763] [DEBUG] debug-file - Incremental task entry:default@ProcessRouterMap pre-execution cost: 3 ms .
[2026-06-06T12:50:04.764] [DEBUG] debug-file - entry : default@ProcessRouterMap cost memory 0.18248748779296875
[2026-06-06T12:50:04.764] [DEBUG] debug-file - runTaskFromQueue task cost before running: 237 ms 
[2026-06-06T12:50:04.764] [INFO] debug-file - Finished :entry:default@ProcessRouterMap... after 4 ms 
[2026-06-06T12:50:04.766] [DEBUG] debug-file - Executing task :entry:default@ProcessShareConfig
[2026-06-06T12:50:04.769] [DEBUG] debug-file - Incremental task entry:default@ProcessShareConfig pre-execution cost: 3 ms .
[2026-06-06T12:50:04.769] [DEBUG] debug-file - entry : default@ProcessShareConfig cost memory 0.14531707763671875
[2026-06-06T12:50:04.769] [INFO] debug-file - UP-TO-DATE :entry:default@ProcessShareConfig...  
[2026-06-06T12:50:04.770] [DEBUG] debug-file - Executing task :entry:default@ProcessStartupConfig
[2026-06-06T12:50:04.770] [DEBUG] debug-file - Task 'entry:default@ProcessStartupConfig' cost while wrapping incremental declarations: 1 ms 
[2026-06-06T12:50:04.772] [DEBUG] debug-file - entry:default@ProcessStartupConfig is not up-to-date, since the output file 'D:\files_for_huaweidevelop\FaceCheck\camera-preview-minimal\entry\build\default\intermediates\startup\default\startup_config.json' does not exist.
[2026-06-06T12:50:04.772] [DEBUG] debug-file - Incremental task entry:default@ProcessStartupConfig pre-execution cost: 1 ms .
[2026-06-06T12:50:04.772] [DEBUG] debug-file - entry : default@ProcessStartupConfig cost memory -0.68524169921875
[2026-06-06T12:50:04.773] [DEBUG] debug-file - runTaskFromQueue task cost before running: 246 ms 
[2026-06-06T12:50:04.773] [INFO] debug-file - Finished :entry:default@ProcessStartupConfig... after 3 ms 
[2026-06-06T12:50:04.774] [DEBUG] debug-file - Executing task :entry:default@BuildNativeWithNinja
[2026-06-06T12:50:04.774] [DEBUG] debug-file - entry : default@BuildNativeWithNinja cost memory 0.0214996337890625
[2026-06-06T12:50:04.774] [DEBUG] debug-file - runTaskFromQueue task cost before running: 248 ms 
[2026-06-06T12:50:04.775] [INFO] debug-file - Finished :entry:default@BuildNativeWithNinja... after 1 ms 
[2026-06-06T12:50:04.776] [DEBUG] debug-file - restool module names: entry; moduleName=entry, taskName=default@ProcessResource
[2026-06-06T12:50:04.777] [DEBUG] debug-file - Executing task :entry:default@ProcessResource
[2026-06-06T12:50:04.777] [DEBUG] debug-file - Task 'entry:default@ProcessResource' cost while wrapping incremental declarations: 1 ms 
[2026-06-06T12:50:04.778] [DEBUG] debug-file - entry:default@ProcessResource is not up-to-date, since the task snapshots are different.
[2026-06-06T12:50:04.778] [DEBUG] debug-file - Incremental task entry:default@ProcessResource pre-execution cost: 1 ms .
[2026-06-06T12:50:04.779] [DEBUG] debug-file - entry : default@ProcessResource cost memory 0.1769866943359375
[2026-06-06T12:50:04.780] [DEBUG] debug-file - runTaskFromQueue task cost before running: 254 ms 
[2026-06-06T12:50:04.781] [INFO] debug-file - Finished :entry:default@ProcessResource... after 4 ms 
[2026-06-06T12:50:04.782] [DEBUG] debug-file - Executing task :entry:default@GenerateLoaderJson
[2026-06-06T12:50:04.783] [DEBUG] debug-file - Task 'entry:default@GenerateLoaderJson' cost while wrapping incremental declarations: 1 ms 
[2026-06-06T12:50:04.788] [DEBUG] debug-file - entry:default@GenerateLoaderJson is not up-to-date, since the input file 'D:\files_for_huaweidevelop\FaceCheck\camera-preview-minimal\entry\build\default\intermediates\router_map\default\temp-router-map.json' has been changed.
[2026-06-06T12:50:04.788] [DEBUG] debug-file - Incremental task entry:default@GenerateLoaderJson pre-execution cost: 3 ms .
[2026-06-06T12:50:04.790] [DEBUG] debug-file - entry : default@GenerateLoaderJson cost memory -0.3541412353515625
[2026-06-06T12:50:04.791] [DEBUG] debug-file - runTaskFromQueue task cost before running: 264 ms 
[2026-06-06T12:50:04.794] [INFO] debug-file - Finished :entry:default@GenerateLoaderJson... after 9 ms 
[2026-06-06T12:50:04.795] [DEBUG] debug-file - Executing task :entry:default@ProcessLibs
[2026-06-06T12:50:04.796] [DEBUG] debug-file - Incremental task entry:default@ProcessLibs pre-execution cost: 2 ms .
[2026-06-06T12:50:04.796] [DEBUG] debug-file - entry : default@ProcessLibs cost memory 0.1080169677734375
[2026-06-06T12:50:04.797] [INFO] debug-file - UP-TO-DATE :entry:default@ProcessLibs...  
[2026-06-06T12:50:04.798] [DEBUG] debug-file - restool module names: entry; moduleName=entry, taskName=default@CompileResource
[2026-06-06T12:50:04.798] [DEBUG] debug-file - Executing task :entry:default@CompileResource
[2026-06-06T12:50:04.805] [DEBUG] debug-file - entry:default@CompileResource is not up-to-date, since the input file 'D:\files_for_huaweidevelop\FaceCheck\camera-preview-minimal\entry\build\default\intermediates\process_profile\default\module.json' has been changed.
[2026-06-06T12:50:04.805] [DEBUG] debug-file - Incremental task entry:default@CompileResource pre-execution cost: 6 ms .
[2026-06-06T12:50:04.806] [DEBUG] debug-file - Use tool [D:\DevEco Studio\sdk\default\openharmony\toolchains\restool.exe]
 [
  'D:\\DevEco Studio\\sdk\\default\\openharmony\\toolchains\\restool.exe',
  '-l',
  'D:\\files_for_huaweidevelop\\FaceCheck\\camera-preview-minimal\\entry\\build\\default\\intermediates\\res\\default\\resConfig.json'
]
[2026-06-06T12:50:04.807] [DEBUG] debug-file - current process  memoryUsage: {
  rss: 462655488,
  heapTotal: 125857792,
  heapUsed: 115589176,
  external: 3176772,
  arrayBuffers: 149105
} os memoryUsage :12.971588134765625
[2026-06-06T12:50:04.922] [DEBUG] debug-file - Info: Pack: normal pack mode

[2026-06-06T12:50:04.967] [DEBUG] debug-file - Info: hardware concurrency count is : 32
Info: thread count is : 32

[2026-06-06T12:50:04.968] [DEBUG] debug-file - Info: thread pool is started

[2026-06-06T12:50:04.969] [DEBUG] debug-file - Info: GenericCompiler::CompileFiles

[2026-06-06T12:50:04.973] [DEBUG] debug-file - Info: GenericCompiler::CompileFiles
Warning: 'D:\files_for_huaweidevelop\FaceCheck\camera-preview-minimal\entry\src\main\resources\base\media\background.png' is defined repeatedly.

[2026-06-06T12:50:04.973] [DEBUG] debug-file - Warning: 'D:\files_for_huaweidevelop\FaceCheck\camera-preview-minimal\entry\src\main\resources\base\media\foreground.png' is defined repeatedly.
Warning: 'D:\files_for_huaweidevelop\FaceCheck\camera-preview-minimal\entry\src\main\resources\base\media\layered_image.json' is defined repeatedly.

[2026-06-06T12:50:04.973] [DEBUG] debug-file - Info: GenericCompiler::CompileFiles

[2026-06-06T12:50:04.974] [DEBUG] debug-file - Warning: 'start_window_background' conflict, first declared.
at D:\files_for_huaweidevelop\FaceCheck\camera-preview-minimal\AppScope\resources\base\element\color.json
but declared again.
at D:\files_for_huaweidevelop\FaceCheck\camera-preview-minimal\entry\src\main\resources\base\element\color.json

[2026-06-06T12:50:04.978] [DEBUG] debug-file - 06-06 12:50:04.979 46268 43616 E C01400/ImageTranscoderUtils: DecodeToRGBA IN

[2026-06-06T12:50:04.979] [DEBUG] debug-file - 06-06 12:50:04.979 46268 43616 E C01400/ImageTranscoderUtils: ImageFilter IN D:\files_for_huaweidevelop\FaceCheck\camera-preview-minimal\AppScope\resources\base\media\foreground.png

[2026-06-06T12:50:05.009] [DEBUG] debug-file - Info: can't scale media json file.

[2026-06-06T12:50:05.009] [DEBUG] debug-file - Warning: The width or height of the png file referenced by the icon exceeds the limit (41 pixels)
at D:\files_for_huaweidevelop\FaceCheck\camera-preview-minimal\AppScope\resources\base\media\foreground.png
Warning: D:\files_for_huaweidevelop\FaceCheck\camera-preview-minimal\AppScope\resources\base\media\layered_image.json is not png format

[2026-06-06T12:50:05.009] [DEBUG] debug-file - Warning: The width or height of the png file referenced by the startWindowIcon exceeds the limit (144 pixels)
at D:\files_for_huaweidevelop\FaceCheck\camera-preview-minimal\AppScope\resources\base\media\foreground.png
Warning: D:\files_for_huaweidevelop\FaceCheck\camera-preview-minimal\AppScope\resources\base\media\layered_image.json is not png format

[2026-06-06T12:50:05.010] [DEBUG] debug-file - Info: restool resources compile success.

[2026-06-06T12:50:05.011] [DEBUG] debug-file - Info: thread pool is stopped

[2026-06-06T12:50:05.076] [DEBUG] debug-file - entry : default@CompileResource cost memory -0.05034637451171875
[2026-06-06T12:50:05.077] [DEBUG] debug-file - runTaskFromQueue task cost before running: 550 ms 
[2026-06-06T12:50:05.078] [INFO] debug-file - Finished :entry:default@CompileResource... after 279 ms 
[2026-06-06T12:50:05.079] [DEBUG] debug-file - Executing task :entry:default@DoNativeStrip
[2026-06-06T12:50:05.079] [DEBUG] debug-file - Task 'entry:default@DoNativeStrip' cost while wrapping incremental declarations: 1 ms 
[2026-06-06T12:50:05.080] [DEBUG] debug-file - Incremental task entry:default@DoNativeStrip pre-execution cost: 1 ms .
[2026-06-06T12:50:05.080] [DEBUG] debug-file - entry : default@DoNativeStrip cost memory 0.10729217529296875
[2026-06-06T12:50:05.080] [INFO] debug-file - UP-TO-DATE :entry:default@DoNativeStrip...  
[2026-06-06T12:50:05.081] [DEBUG] debug-file - Executing task :entry:default@CompileArkTS
[2026-06-06T12:50:05.081] [DEBUG] debug-file - obfuscationOptions: undefined
[2026-06-06T12:50:05.082] [DEBUG] debug-file - Task 'entry:default@CompileArkTS' cost while wrapping incremental declarations: 1 ms 
[2026-06-06T12:50:05.087] [DEBUG] debug-file - entry:default@CompileArkTS is not up-to-date, since the input file 'D:\files_for_huaweidevelop\FaceCheck\camera-preview-minimal\entry\build\default\intermediates\loader\default' has been changed.
[2026-06-06T12:50:05.087] [DEBUG] debug-file - Incremental task entry:default@CompileArkTS pre-execution cost: 4 ms .
[2026-06-06T12:50:05.098] [DEBUG] debug-file - build config:
[2026-06-06T12:50:05.098] [DEBUG] debug-file - {
  moduleType: 'entry',
  perf: 0,
  targetName: '.default',
  packageManagerType: 'ohpm',
  localPropertiesPath: 'D:\\files_for_huaweidevelop\\FaceCheck\\camera-preview-minimal\\local.properties',
  isPreview: false,
  isOhosTest: false,
  isLocalTest: false,
  buildMode: 'Debug',
  hotReloadBuild: undefined,
  watchMode: 'false',
  aceProfilePath: 'D:\\files_for_huaweidevelop\\FaceCheck\\camera-preview-minimal\\entry\\build\\default\\intermediates\\res\\default\\resources\\base\\profile',
  etsLoaderPath: 'D:\\DevEco Studio\\sdk\\default\\openharmony\\ets\\build-tools\\ets-loader',
  modulePath: 'D:\\files_for_huaweidevelop\\FaceCheck\\camera-preview-minimal\\entry',
  testFrameworkPar: {
    testMode: undefined,
    coveragePathFilter: undefined,
    coverageMode: undefined
  },
  needCoverageInsert: false,
  debugLine: false,
  projectTopDir: 'D:\\files_for_huaweidevelop\\FaceCheck\\camera-preview-minimal',
  compileSdkVersion: 22,
  compatibleSdkVersion: 22,
  originCompatibleSdkVersion: '6.0.2(22)',
  compatibleSdkVersionStage: undefined,
  bundleName: 'c***n',
  etsLoaderVersion: '6.0.2.130',
  etsLoaderReleaseType: 'Release',
  aotCompileMode: 'type',
  apPath: 'D:\\files_for_huaweidevelop\\FaceCheck\\camera-preview-minimal\\entry\\modules.ap',
  entryModuleName: 'entry',
  entryModuleVersion: '1.0.0',
  entryPackageName: 'entry',
  allModuleNameHash: '18ee91e67eb32e137e924ee7a48a53f8b0a93bb43eff5885ad0ab42f35f94670',
  externalApiPaths: [ 'D:\\DevEco Studio\\sdk\\default\\hms\\ets' ],
  compilerTypes: [],
  isCrossplatform: false,
  hvigorPluginFile: undefined,
  compilePluginPath: undefined,
  buildGeneratedProfilePath: 'D:\\files_for_huaweidevelop\\FaceCheck\\camera-preview-minimal\\entry\\build\\default\\generated\\profile\\default',
  bundleType: 'app',
  arkTSVersion: undefined,
  apiVersion: 22,
  needCompleteSourcesMap: false,
  isFaMode: false,
  buildDir: 'D:\\files_for_huaweidevelop\\FaceCheck\\camera-preview-minimal\\entry\\build',
  deviceTypes: [ 'phone', 'tablet' ],
  pkgContextInfo: {
    '@ohos/hypium': {
      packageName: '@ohos/hypium',
      bundleName: '*****',
      moduleName: '',
      version: '1.0.25',
      entryPath: 'index.js',
      isSO: false,
      dependencyAlias: ''
    },
    '@ohos/hamock': {
      packageName: '@ohos/hamock',
      bundleName: '*****',
      moduleName: '',
      version: '1.0.0',
      entryPath: 'index.ets',
      isSO: false,
      dependencyAlias: ''
    },
    entry: {
      packageName: 'entry',
      bundleName: '*****',
      moduleName: '',
      version: '',
      entryPath: 'src/main/',
      isSO: false,
      dependencyAlias: ''
    }
  },
  ohPackagePathMap: {},
  dependencyAliasMap: {},
  permission: { requestPermissions: [ [Object] ], definePermissions: undefined },
  useGetCurrentBundleName: false,
  projectArkOption: undefined,
  sourceMapDir: undefined,
  branchElimination: false,
  transformLib: undefined,
  tsImportSendable: false,
  resolveConflictMode: true,
  depName2RootPath: {},
  depName2DepInfo: {},
  rootPathSet: [ 'D:\\files_for_huaweidevelop\\FaceCheck\\camera-preview-minimal' ],
  useNativeResolver: true,
  shouldEmitJs: true,
  useTscResolve: false,
  singleFileEmit: false,
  userProjectConfig: {
    autoLazyImport: false,
    allowEmptyBundleName: false,
    reExportCheckMode: 'noCheck',
    executionMode: 'memory',
    usePathPlaceholder: false,
    writeRollupCache: true,
    isExpandImportEnabled: false,
    expandImportExclude: '',
    lazyImportExclude: '',
    lazyImportInclude: '',
    ignoreCrossplatformCheck: false,
    isHarDeduplicateEnabled: false,
    skipOhModulesLint: false,
    enableStrictCheckOHModule: false,
    disableSendableCheckRules: [],
    useDeclarationFileSignature: false,
    customizedOptions: undefined,
    integratedHsp: false,
    isPreloadSoEnabled: false
  },
  executionMode: 'memory',
  arkCompileCachePath: 'D:\\files_for_huaweidevelop\\FaceCheck\\camera-preview-minimal\\entry\\build\\default\\cache\\default\\default@CompileArkTS\\esmodule',
  autoLazyFilter: undefined,
  isHarDeduplicateEnabled: false,
  intermediateHarDuplicateDirPath: 'D:\\files_for_huaweidevelop\\FaceCheck\\camera-preview-minimal\\entry\\build\\default\\intermediates\\har_duplicate\\default',
  autoLazyImport: false,
  allowEmptyBundleName: false,
  reExportCheckMode: 'noCheck',
  usePathPlaceholder: false,
  writeRollupCache: true,
  isExpandImportEnabled: false,
  expandImportExclude: '',
  lazyImportExclude: '',
  lazyImportInclude: '',
  ignoreCrossplatformCheck: false,
  skipOhModulesLint: false,
  enableStrictCheckOHModule: false,
  disableSendableCheckRules: [],
  useDeclarationFileSignature: false,
  customizedOptions: undefined,
  integratedHsp: false,
  isPreloadSoEnabled: false,
  strictMode: {
    caseSensitiveCheck: true,
    useNormalizedOHMUrl: true,
    noExternalImportByPath: true
  },
  useNormalizedOHMUrl: true,
  caseSensitiveCheck: true,
  aceModuleJsonPath: 'D:\\files_for_huaweidevelop\\FaceCheck\\camera-preview-minimal\\entry\\build\\default\\intermediates\\res\\default\\ark_module.json',
  appResource: 'D:\\files_for_huaweidevelop\\FaceCheck\\camera-preview-minimal\\entry\\build\\default\\intermediates\\res\\default\\ResourceTable.txt',
  rawFileResource: 'D:\\files_for_huaweidevelop\\FaceCheck\\camera-preview-minimal\\entry\\build\\default\\intermediates\\res\\default\\resources\\rawfile',
  resourceTableHash: 'f64a437b8e40f6ffeb1e500beb89d221770e69f3dce109977b102f45a561d3b6',
  runtimeOS: 'HarmonyOS',
  sdkInfo: 'false:22:6.0.2.130:Release',
  aceModuleRoot: 'D:\\files_for_huaweidevelop\\FaceCheck\\camera-preview-minimal\\entry\\src\\main\\ets',
  compileMode: 'esmodule',
  aceSuperVisualPath: 'D:\\files_for_huaweidevelop\\FaceCheck\\camera-preview-minimal\\entry\\src\\main\\supervisual',
  aceBuildJson: 'D:\\files_for_huaweidevelop\\FaceCheck\\camera-preview-minimal\\entry\\build\\default\\intermediates\\loader\\default\\loader.json',
  cachePath: 'D:\\files_for_huaweidevelop\\FaceCheck\\camera-preview-minimal\\entry\\build\\default\\cache\\default\\default@CompileArkTS\\esmodule\\debug',
  aceModuleBuild: 'D:\\files_for_huaweidevelop\\FaceCheck\\camera-preview-minimal\\entry\\build\\default\\intermediates\\loader_out\\default\\ets',
  supportChunks: true,
  declaredFilesPath: undefined,
  shouldCollectDirectImportees: false,
  isByteCodeHarOptimize: false,
  expandImportPath: undefined,
  pkgNameToPkgBriefInfo: {
    entry: {
      pkgRoot: 'D:\\files_for_huaweidevelop\\FaceCheck\\camera-preview-minimal\\entry',
      originalSourceRoots: undefined,
      sourceRoots: [Array],
      pkgName: 'entry'
    }
  },
  projectModel: {
    'D:\\files_for_huaweidevelop\\FaceCheck\\camera-preview-minimal\\entry\\src\\main': {
      moduleName: 'entry',
      modulePkgPath: 'D:\\files_for_huaweidevelop\\FaceCheck\\camera-preview-minimal\\entry',
      belongProjectPath: 'D:\\files_for_huaweidevelop\\FaceCheck\\camera-preview-minimal'
    },
    'D:\\files_for_huaweidevelop\\FaceCheck\\camera-preview-minimal\\entry': {
      moduleName: 'entry',
      modulePkgPath: 'D:\\files_for_huaweidevelop\\FaceCheck\\camera-preview-minimal\\entry',
      belongProjectPath: 'D:\\files_for_huaweidevelop\\FaceCheck\\camera-preview-minimal'
    },
    'D:\\files_for_huaweidevelop\\FaceCheck\\camera-preview-minimal': {
      moduleName: 'camera-preview-minimal',
      modulePkgPath: 'D:\\files_for_huaweidevelop\\FaceCheck\\camera-preview-minimal',
      belongProjectPath: 'D:\\files_for_huaweidevelop\\FaceCheck\\camera-preview-minimal'
    }
  },
  pkgJsonFileHash: '441d5fb9425d899bb86c2aae0376406b9303b6bc97b7c6bd19cab2ba79e65e90',
  allModulePaths: [
    'D:\\files_for_huaweidevelop\\FaceCheck\\camera-preview-minimal\\entry'
  ],
  routerMap: {},
  obfuscationOptions: undefined,
  byteCodeHarToDependencyKeys: undefined,
  compileBlockPkg: [],
  mockParams: {
    decorator: '@MockSetup',
    packageName: '@ohos/hamock',
    etsSourceRootPath: 'src/main/ets',
    mockConfigPath: undefined,
    mockConfigKey2ModuleInfo: {},
    source2ModuleIdMap: {}
  },
  copyCodeResourceEnable: false,
  copyCodeResourceExcludes: [],
  copyCodeResourceIncludes: undefined,
  uiTransformOptimization: false,
  sdkPath: 'D:/DevEco Studio/sdk',
  needPreloadSoFileSet: {},
  preloadSoFilePath: 'D:\\files_for_huaweidevelop\\FaceCheck\\camera-preview-minimal\\entry\\build\\default\\intermediates\\preload\\default\\preload.json',
  useSourceHash: false,
  localModuleParamMap: {},
  otherPaths: {
    'entry/*': [
      '..\\*',
      '..\\..\\..\\build\\default\\generated\\profile\\default\\*'
    ]
  },
  collectImportersConfig: undefined
}
[2026-06-06T12:50:05.098] [DEBUG] debug-file - Compile arkts with external api path: D:\DevEco Studio\sdk\default\hms\ets
[2026-06-06T12:50:05.099] [DEBUG] debug-file - default@CompileArkTS work[2] is submitted.
[2026-06-06T12:50:05.099] [DEBUG] debug-file - default@CompileArkTS work[2] is pushed to ready queue.
[2026-06-06T12:50:05.099] [DEBUG] debug-file - A work dispatched to worker[31] failed because unable to get work from ready queue.
[2026-06-06T12:50:05.099] [DEBUG] debug-file - A work dispatched to worker[30] failed because unable to get work from ready queue.
[2026-06-06T12:50:05.099] [DEBUG] debug-file - A work dispatched to worker[29] failed because unable to get work from ready queue.
[2026-06-06T12:50:05.099] [DEBUG] debug-file - A work dispatched to worker[28] failed because unable to get work from ready queue.
[2026-06-06T12:50:05.099] [DEBUG] debug-file - A work dispatched to worker[27] failed because unable to get work from ready queue.
[2026-06-06T12:50:05.099] [DEBUG] debug-file - A work dispatched to worker[26] failed because unable to get work from ready queue.
[2026-06-06T12:50:05.099] [DEBUG] debug-file - A work dispatched to worker[25] failed because unable to get work from ready queue.
[2026-06-06T12:50:05.099] [DEBUG] debug-file - A work dispatched to worker[24] failed because unable to get work from ready queue.
[2026-06-06T12:50:05.099] [DEBUG] debug-file - A work dispatched to worker[23] failed because unable to get work from ready queue.
[2026-06-06T12:50:05.099] [DEBUG] debug-file - A work dispatched to worker[22] failed because unable to get work from ready queue.
[2026-06-06T12:50:05.100] [DEBUG] debug-file - A work dispatched to worker[21] failed because unable to get work from ready queue.
[2026-06-06T12:50:05.100] [DEBUG] debug-file - A work dispatched to worker[20] failed because unable to get work from ready queue.
[2026-06-06T12:50:05.100] [DEBUG] debug-file - A work dispatched to worker[19] failed because unable to get work from ready queue.
[2026-06-06T12:50:05.100] [DEBUG] debug-file - A work dispatched to worker[18] failed because unable to get work from ready queue.
[2026-06-06T12:50:05.100] [DEBUG] debug-file - A work dispatched to worker[17] failed because unable to get work from ready queue.
[2026-06-06T12:50:05.100] [DEBUG] debug-file - A work dispatched to worker[16] failed because unable to get work from ready queue.
[2026-06-06T12:50:05.100] [DEBUG] debug-file - A work dispatched to worker[15] failed because unable to get work from ready queue.
[2026-06-06T12:50:05.100] [DEBUG] debug-file - A work dispatched to worker[14] failed because unable to get work from ready queue.
[2026-06-06T12:50:05.100] [DEBUG] debug-file - A work dispatched to worker[13] failed because unable to get work from ready queue.
[2026-06-06T12:50:05.100] [DEBUG] debug-file - A work dispatched to worker[12] failed because unable to get work from ready queue.
[2026-06-06T12:50:05.100] [DEBUG] debug-file - A work dispatched to worker[11] failed because unable to get work from ready queue.
[2026-06-06T12:50:05.100] [DEBUG] debug-file - A work dispatched to worker[10] failed because unable to get work from ready queue.
[2026-06-06T12:50:05.100] [DEBUG] debug-file - A work dispatched to worker[9] failed because unable to get work from ready queue.
[2026-06-06T12:50:05.100] [DEBUG] debug-file - A work dispatched to worker[8] failed because unable to get work from ready queue.
[2026-06-06T12:50:05.100] [DEBUG] debug-file - A work dispatched to worker[7] failed because unable to get work from ready queue.
[2026-06-06T12:50:05.100] [DEBUG] debug-file - A work dispatched to worker[6] failed because unable to get work from ready queue.
[2026-06-06T12:50:05.100] [DEBUG] debug-file - A work dispatched to worker[5] failed because unable to get work from ready queue.
[2026-06-06T12:50:05.100] [DEBUG] debug-file - default@CompileArkTS work[2] has been dispatched to worker[4].
[2026-06-06T12:50:05.100] [DEBUG] debug-file - default@CompileArkTS work[2] is dispatched.
[2026-06-06T12:50:05.100] [DEBUG] debug-file - entry : default@CompileArkTS cost memory -0.5247955322265625
[2026-06-06T12:50:05.102] [DEBUG] debug-file - Executing task :entry:default@BuildJS
[2026-06-06T12:50:05.102] [DEBUG] debug-file - Task 'entry:default@BuildJS' cost while wrapping incremental declarations: 1 ms 
[2026-06-06T12:50:05.105] [DEBUG] debug-file - entry : default@BuildJS cost memory 0.269775390625
[2026-06-06T12:50:05.105] [DEBUG] debug-file - runTaskFromQueue task cost before running: 579 ms 
[2026-06-06T12:50:05.105] [INFO] debug-file - Finished :entry:default@BuildJS... after 4 ms 
[2026-06-06T12:50:05.106] [DEBUG] debug-file - Executing task :entry:default@CacheNativeLibs
[2026-06-06T12:50:05.107] [DEBUG] debug-file - Task 'entry:default@CacheNativeLibs' cost while wrapping incremental declarations: 1 ms 
[2026-06-06T12:50:05.109] [DEBUG] debug-file - Incremental task entry:default@CacheNativeLibs pre-execution cost: 2 ms .
[2026-06-06T12:50:05.109] [DEBUG] debug-file - entry : default@CacheNativeLibs cost memory 0.097198486328125
[2026-06-06T12:50:05.109] [INFO] debug-file - UP-TO-DATE :entry:default@CacheNativeLibs...  
[2026-06-06T12:50:05.618] [WARN] debug-file - [33mWARN: [33m[33mArkTS:WARN File: D:/files_for_huaweidevelop/FaceCheck/camera-preview-minimal/entry/src/main/ets/pages/Index.ets:89:21
 'getContext' has been deprecated.
[39m[39m

[2026-06-06T12:50:05.618] [DEBUG] debug-file - Ark compile task finished.finished time is 8436304399200
[2026-06-06T12:50:05.618] [DEBUG] debug-file - worker[4] has one work done.
[2026-06-06T12:50:05.619] [DEBUG] debug-file - default@CompileArkTS work[2] done.
[2026-06-06T12:50:05.621] [INFO] debug-file - Finished :entry:default@CompileArkTS... after 537 ms 
[2026-06-06T12:50:05.622] [DEBUG] debug-file - Executing task :entry:default@GeneratePkgModuleJson
[2026-06-06T12:50:05.622] [DEBUG] debug-file - File: 'D:\files_for_huaweidevelop\FaceCheck\camera-preview-minimal\entry\build\default\intermediates\preload\default\preload.json' from 'preloadSoJsonPath' is not exists, just ignore.
[2026-06-06T12:50:05.622] [DEBUG] debug-file - Error occurs while handling @Input 'shouldDeduplicateHar': The "data" argument must be of type string or an instance of Buffer, TypedArray, or DataView. Received undefined
[2026-06-06T12:50:05.622] [DEBUG] debug-file - Task 'entry:default@GeneratePkgModuleJson' cost while wrapping incremental declarations: 1 ms 
[2026-06-06T12:50:05.623] [DEBUG] debug-file - entry:default@GeneratePkgModuleJson is not up-to-date, since the input file 'D:\files_for_huaweidevelop\FaceCheck\camera-preview-minimal\entry\build\default\intermediates\res\default\module.json' has been changed.
[2026-06-06T12:50:05.623] [DEBUG] debug-file - Incremental task entry:default@GeneratePkgModuleJson pre-execution cost: 1 ms .
[2026-06-06T12:50:05.625] [DEBUG] debug-file - entry : default@GeneratePkgModuleJson cost memory 0.18080902099609375
[2026-06-06T12:50:05.625] [DEBUG] debug-file - runTaskFromQueue task cost before running: 1 s 98 ms 
[2026-06-06T12:50:05.625] [INFO] debug-file - Finished :entry:default@GeneratePkgModuleJson... after 3 ms 
[2026-06-06T12:50:05.626] [DEBUG] debug-file - Executing task :entry:default@ProcessCompiledResources
[2026-06-06T12:50:05.626] [DEBUG] debug-file - File: 'D:\files_for_huaweidevelop\FaceCheck\camera-preview-minimal\entry\build\default\intermediates\preload\default\preload.json' from 'preloadSoJsonPath' is not exists, just ignore.
[2026-06-06T12:50:05.626] [DEBUG] debug-file - Task 'entry:default@ProcessCompiledResources' cost while wrapping incremental declarations: 1 ms 
[2026-06-06T12:50:05.626] [DEBUG] debug-file - entry : default@ProcessCompiledResources cost memory 0.0605926513671875
[2026-06-06T12:50:05.626] [DEBUG] debug-file - runTaskFromQueue task cost before running: 1 s 100 ms 
[2026-06-06T12:50:05.626] [INFO] debug-file - Finished :entry:default@ProcessCompiledResources... after 1 ms 
[2026-06-06T12:50:05.628] [DEBUG] debug-file - Executing task :entry:default@PackageHap
[2026-06-06T12:50:05.630] [DEBUG] debug-file - entry:default@PackageHap is not up-to-date, since the input file 'D:\files_for_huaweidevelop\FaceCheck\camera-preview-minimal\entry\build\default\intermediates\res\default\module.json' has been changed.
[2026-06-06T12:50:05.630] [DEBUG] debug-file - Incremental task entry:default@PackageHap pre-execution cost: 2 ms .
[2026-06-06T12:50:05.631] [DEBUG] debug-file - Use tool [D:\DevEco Studio\sdk\default\openharmony\toolchains\lib\app_packing_tool.jar]
 [
  'java',
  '-Dfile.encoding=GBK',
  '-jar',
  'D:\\DevEco Studio\\sdk\\default\\openharmony\\toolchains\\lib\\app_packing_tool.jar',
  '--mode',
  'hap',
  '--force',
  'true',
  '--lib-path',
  'D:\\files_for_huaweidevelop\\FaceCheck\\camera-preview-minimal\\entry\\build\\default\\intermediates\\stripped_native_libs\\default',
  '--json-path',
  'D:\\files_for_huaweidevelop\\FaceCheck\\camera-preview-minimal\\entry\\build\\default\\intermediates\\package\\default\\module.json',
  '--resources-path',
  'D:\\files_for_huaweidevelop\\FaceCheck\\camera-preview-minimal\\entry\\build\\default\\intermediates\\res\\default\\resources',
  '--index-path',
  'D:\\files_for_huaweidevelop\\FaceCheck\\camera-preview-minimal\\entry\\build\\default\\intermediates\\res\\default\\resources.index',
  '--pack-info-path',
  'D:\\files_for_huaweidevelop\\FaceCheck\\camera-preview-minimal\\entry\\build\\default\\outputs\\default\\pack.info',
  '--out-path',
  'D:\\files_for_huaweidevelop\\FaceCheck\\camera-preview-minimal\\entry\\build\\default\\outputs\\default\\entry-default-unsigned.hap',
  '--ets-path',
  'D:\\files_for_huaweidevelop\\FaceCheck\\camera-preview-minimal\\entry\\build\\default\\intermediates\\loader_out\\default\\ets',
  '--pkg-context-path',
  'D:\\files_for_huaweidevelop\\FaceCheck\\camera-preview-minimal\\entry\\build\\default\\intermediates\\loader\\default\\pkgContextInfo.json'
]
[2026-06-06T12:50:05.655] [DEBUG] debug-file - java daemon socket received message:{"code":0,"message":"pack success"}
[2026-06-06T12:50:05.659] [DEBUG] debug-file - entry : default@PackageHap cost memory 0.406768798828125
[2026-06-06T12:50:05.659] [DEBUG] debug-file - runTaskFromQueue task cost before running: 1 s 132 ms 
[2026-06-06T12:50:05.660] [INFO] debug-file - Finished :entry:default@PackageHap... after 31 ms 
[2026-06-06T12:50:05.661] [DEBUG] debug-file - Executing task :entry:default@PackingCheck
[2026-06-06T12:50:05.666] [DEBUG] debug-file - entry : default@PackingCheck cost memory 0.2527313232421875
[2026-06-06T12:50:05.666] [DEBUG] debug-file - runTaskFromQueue task cost before running: 1 s 140 ms 
[2026-06-06T12:50:05.667] [INFO] debug-file - Finished :entry:default@PackingCheck... after 6 ms 
[2026-06-06T12:50:05.668] [DEBUG] debug-file - Executing task :entry:default@SignHap
[2026-06-06T12:50:05.687] [DEBUG] debug-file - java daemon socket close code:1000 reason:close by user
[2026-06-06T12:50:05.722] [DEBUG] debug-file - java daemon socket received message:{"code":0,"message":"verify profile success"}
[2026-06-06T12:50:05.726] [DEBUG] debug-file - java daemon socket close code:1000 reason:close by user
[2026-06-06T12:50:05.805] [DEBUG] debug-file - java daemon socket received message:{"code":0,"message":"sign app success"}
[2026-06-06T12:50:05.806] [DEBUG] debug-file - entry : default@SignHap cost memory 0.7569198608398438
[2026-06-06T12:50:05.806] [DEBUG] debug-file - runTaskFromQueue task cost before running: 1 s 279 ms 
[2026-06-06T12:50:05.807] [INFO] debug-file - Finished :entry:default@SignHap... after 139 ms 
[2026-06-06T12:50:05.808] [DEBUG] debug-file - Executing task :entry:default@CollectDebugSymbol
[2026-06-06T12:50:05.809] [DEBUG] debug-file - entry : default@CollectDebugSymbol cost memory 0.0958709716796875
[2026-06-06T12:50:05.810] [DEBUG] debug-file - runTaskFromQueue task cost before running: 1 s 283 ms 
[2026-06-06T12:50:05.810] [INFO] debug-file - Finished :entry:default@CollectDebugSymbol... after 2 ms 
[2026-06-06T12:50:05.810] [DEBUG] debug-file - Executing task :entry:assembleHap
[2026-06-06T12:50:05.811] [DEBUG] debug-file - entry : assembleHap cost memory 0.0127716064453125
[2026-06-06T12:50:05.811] [DEBUG] debug-file - runTaskFromQueue task cost before running: 1 s 284 ms 
[2026-06-06T12:50:05.812] [INFO] debug-file - Finished :entry:assembleHap... after 1 ms 
[2026-06-06T12:50:05.824] [INFO] debug-file - BUILD SUCCESSFUL in 1 s 297 ms 
[2026-06-06T12:50:05.825] [DEBUG] debug-file - Update task entry:default@PreBuild input file:D:\files_for_huaweidevelop\FaceCheck\camera-preview-minimal\AppScope\app.json5 cache from map.
[2026-06-06T12:50:05.825] [DEBUG] debug-file - Update task entry:default@PreBuild input file:D:\files_for_huaweidevelop\FaceCheck\camera-preview-minimal\entry\src\main\module.json5 cache by regenerate.
[2026-06-06T12:50:05.826] [DEBUG] debug-file - Update task entry:default@PreBuild input file:D:\files_for_huaweidevelop\FaceCheck\camera-preview-minimal\build-profile.json5 cache by regenerate.
[2026-06-06T12:50:05.826] [DEBUG] debug-file - Update task entry:default@PreBuild input file:D:\files_for_huaweidevelop\FaceCheck\camera-preview-minimal\entry\build-profile.json5 cache by regenerate.
[2026-06-06T12:50:05.826] [DEBUG] debug-file - Update task entry:default@PreBuild input file:D:\files_for_huaweidevelop\FaceCheck\camera-preview-minimal\entry\src\main\resources\base\profile\main_pages.json cache by regenerate.
[2026-06-06T12:50:05.827] [DEBUG] debug-file - Update task entry:default@PreBuild input file:D:\files_for_huaweidevelop\FaceCheck\camera-preview-minimal\hvigor\hvigor-config.json5 cache by regenerate.
[2026-06-06T12:50:05.827] [DEBUG] debug-file - Update task entry:default@PreBuild input file:D:\files_for_huaweidevelop\FaceCheck\camera-preview-minimal\entry\oh-package.json5 cache by regenerate.
[2026-06-06T12:50:05.827] [DEBUG] debug-file - Update task entry:default@PreBuild input file:D:\files_for_huaweidevelop\FaceCheck\camera-preview-minimal\oh-package.json5 cache by regenerate.
[2026-06-06T12:50:05.827] [DEBUG] debug-file - Incremental task entry:default@PreBuild post-execution cost:4 ms .
[2026-06-06T12:50:05.828] [DEBUG] debug-file - Update task entry:default@CreateModuleInfo output file:D:\files_for_huaweidevelop\FaceCheck\camera-preview-minimal\entry\build\default\generated\profile\default\ModuleInfo.ts cache.
[2026-06-06T12:50:05.828] [DEBUG] debug-file - Incremental task entry:default@CreateModuleInfo post-execution cost:1 ms .
[2026-06-06T12:50:05.828] [DEBUG] debug-file - There is no need to refresh cache, since the incremental task entry:default@GenerateMetadata is up-to-date.
[2026-06-06T12:50:05.828] [DEBUG] debug-file - Update task entry:default@MergeProfile input file:D:\files_for_huaweidevelop\FaceCheck\camera-preview-minimal\AppScope\app.json5 cache from map.
[2026-06-06T12:50:05.828] [DEBUG] debug-file - Update task entry:default@MergeProfile input file:D:\files_for_huaweidevelop\FaceCheck\camera-preview-minimal\build-profile.json5 cache by regenerate.
[2026-06-06T12:50:05.828] [DEBUG] debug-file - Update task entry:default@MergeProfile input file:D:\files_for_huaweidevelop\FaceCheck\camera-preview-minimal\entry\src\main\module.json5 cache by regenerate.
[2026-06-06T12:50:05.829] [DEBUG] debug-file - Update task entry:default@MergeProfile output file:D:\files_for_huaweidevelop\FaceCheck\camera-preview-minimal\entry\build\default\intermediates\merge_profile\default\module.json cache.
[2026-06-06T12:50:05.829] [DEBUG] debug-file - Incremental task entry:default@MergeProfile post-execution cost:1 ms .
[2026-06-06T12:50:05.829] [DEBUG] debug-file - Update task entry:default@CreateBuildProfile input file:D:\files_for_huaweidevelop\FaceCheck\camera-preview-minimal\AppScope\app.json5 cache from map.
[2026-06-06T12:50:05.829] [DEBUG] debug-file - Update task entry:default@CreateBuildProfile input file:D:\files_for_huaweidevelop\FaceCheck\camera-preview-minimal\build-profile.json5 cache by regenerate.
[2026-06-06T12:50:05.829] [DEBUG] debug-file - Update task entry:default@CreateBuildProfile output file:D:\files_for_huaweidevelop\FaceCheck\camera-preview-minimal\entry\build\default\generated\profile\default\BuildProfile.ets cache.
[2026-06-06T12:50:05.830] [DEBUG] debug-file - Incremental task entry:default@CreateBuildProfile post-execution cost:1 ms .
[2026-06-06T12:50:05.830] [DEBUG] debug-file - There is no need to refresh cache, since the incremental task entry:default@GeneratePkgContextInfo is up-to-date.
[2026-06-06T12:50:05.830] [DEBUG] debug-file - Update task entry:default@ProcessIntegratedHsp output file:D:\files_for_huaweidevelop\FaceCheck\camera-preview-minimal\build\cache\default\integrated_hsp\integratedHspCache.json cache.
[2026-06-06T12:50:05.830] [DEBUG] debug-file - Incremental task entry:default@ProcessIntegratedHsp post-execution cost:1 ms .
[2026-06-06T12:50:05.830] [DEBUG] debug-file - Update task entry:default@MakePackInfo input file:D:\files_for_huaweidevelop\FaceCheck\camera-preview-minimal\AppScope\app.json5 cache from map.
[2026-06-06T12:50:05.830] [DEBUG] debug-file - Update task entry:default@MakePackInfo input file:D:\files_for_huaweidevelop\FaceCheck\camera-preview-minimal\entry\src\main\module.json5 cache by regenerate.
[2026-06-06T12:50:05.830] [DEBUG] debug-file - Update task entry:default@MakePackInfo input file:D:\files_for_huaweidevelop\FaceCheck\camera-preview-minimal\build-profile.json5 cache by regenerate.
[2026-06-06T12:50:05.831] [DEBUG] debug-file - Update task entry:default@MakePackInfo output file:D:\files_for_huaweidevelop\FaceCheck\camera-preview-minimal\entry\build\default\outputs\default\pack.info cache.
[2026-06-06T12:50:05.831] [DEBUG] debug-file - Incremental task entry:default@MakePackInfo post-execution cost:1 ms .
[2026-06-06T12:50:05.831] [DEBUG] debug-file - Update task entry:default@SyscapTransform input file:D:\DevEco Studio\sdk\default\openharmony\toolchains\syscap_tool.exe cache by regenerate.
[2026-06-06T12:50:05.831] [DEBUG] debug-file - Update task entry:default@SyscapTransform input file:D:\DevEco Studio\sdk\default\openharmony\ets\api\device-define cache by regenerate.
[2026-06-06T12:50:05.833] [DEBUG] debug-file - Update task entry:default@SyscapTransform output file:D:\files_for_huaweidevelop\FaceCheck\camera-preview-minimal\entry\build\default\intermediates\syscap\default\rpcid.sc cache.
[2026-06-06T12:50:05.833] [DEBUG] debug-file - Incremental task entry:default@SyscapTransform post-execution cost:2 ms .
[2026-06-06T12:50:05.833] [DEBUG] debug-file - Update task entry:default@ProcessProfile input file:D:\files_for_huaweidevelop\FaceCheck\camera-preview-minimal\entry\build\default\intermediates\merge_profile\default\module.json cache from map.
[2026-06-06T12:50:05.833] [DEBUG] debug-file - Update task entry:default@ProcessProfile output file:D:\files_for_huaweidevelop\FaceCheck\camera-preview-minimal\entry\build\default\intermediates\process_profile\default\module.json cache.
[2026-06-06T12:50:05.833] [DEBUG] debug-file - Incremental task entry:default@ProcessProfile post-execution cost:1 ms .
[2026-06-06T12:50:05.833] [DEBUG] debug-file - Update task entry:default@ProcessRouterMap input file:D:\files_for_huaweidevelop\FaceCheck\camera-preview-minimal\entry\oh-package.json5 cache by regenerate.
[2026-06-06T12:50:05.834] [DEBUG] debug-file - Update task entry:default@ProcessRouterMap input file:D:\files_for_huaweidevelop\FaceCheck\camera-preview-minimal\oh-package.json5 cache by regenerate.
[2026-06-06T12:50:05.834] [DEBUG] debug-file - Update task entry:default@ProcessRouterMap input file:D:\files_for_huaweidevelop\FaceCheck\camera-preview-minimal\entry\src\main\module.json5 cache by regenerate.
[2026-06-06T12:50:05.834] [DEBUG] debug-file - Update task entry:default@ProcessRouterMap input file:D:\files_for_huaweidevelop\FaceCheck\camera-preview-minimal\entry\build\default\intermediates\loader\default\pkgContextInfo.json cache by regenerate.
[2026-06-06T12:50:05.835] [DEBUG] debug-file - Update task entry:default@ProcessRouterMap output file:D:\files_for_huaweidevelop\FaceCheck\camera-preview-minimal\entry\build\default\intermediates\router_map\default\temp-router-map.json cache.
[2026-06-06T12:50:05.835] [DEBUG] debug-file - Update task entry:default@ProcessRouterMap output file:D:\files_for_huaweidevelop\FaceCheck\camera-preview-minimal\entry\build\default\intermediates\router_map\default\loader-router-map.json cache.
[2026-06-06T12:50:05.835] [DEBUG] debug-file - Incremental task entry:default@ProcessRouterMap post-execution cost:2 ms .
[2026-06-06T12:50:05.835] [DEBUG] debug-file - There is no need to refresh cache, since the incremental task entry:default@ProcessShareConfig is up-to-date.
[2026-06-06T12:50:05.835] [DEBUG] debug-file - Update task entry:default@ProcessStartupConfig input file:D:\files_for_huaweidevelop\FaceCheck\camera-preview-minimal\entry\build\default\intermediates\loader\default\pkgContextInfo.json cache by regenerate.
[2026-06-06T12:50:05.836] [DEBUG] debug-file - Update task entry:default@ProcessStartupConfig output file:D:\files_for_huaweidevelop\FaceCheck\camera-preview-minimal\entry\build\default\intermediates\startup\default\startup_config.json cache.
[2026-06-06T12:50:05.836] [DEBUG] debug-file - Incremental task entry:default@ProcessStartupConfig post-execution cost:1 ms .
[2026-06-06T12:50:05.836] [DEBUG] debug-file - Update task entry:default@ProcessResource output file:D:\files_for_huaweidevelop\FaceCheck\camera-preview-minimal\entry\build\default\intermediates\res\default\resConfig.json cache.
[2026-06-06T12:50:05.836] [DEBUG] debug-file - Update task entry:default@ProcessResource output file:D:\files_for_huaweidevelop\FaceCheck\camera-preview-minimal\entry\build\default\intermediates\res\default\opt-compression.json cache.
[2026-06-06T12:50:05.837] [DEBUG] debug-file - Incremental task entry:default@ProcessResource post-execution cost:1 ms .
[2026-06-06T12:50:05.837] [DEBUG] debug-file - Update task entry:default@GenerateLoaderJson input file:D:\files_for_huaweidevelop\FaceCheck\camera-preview-minimal\entry\build\default\intermediates\loader\default\pkgContextInfo.json cache by regenerate.
[2026-06-06T12:50:05.838] [DEBUG] debug-file - Update task entry:default@GenerateLoaderJson input file:D:\files_for_huaweidevelop\FaceCheck\camera-preview-minimal\entry\build\default\intermediates\router_map\default\temp-router-map.json cache from map.
[2026-06-06T12:50:05.838] [DEBUG] debug-file - Update task entry:default@GenerateLoaderJson output file:D:\files_for_huaweidevelop\FaceCheck\camera-preview-minimal\entry\build\default\intermediates\loader\default\loader.json cache.
[2026-06-06T12:50:05.838] [DEBUG] debug-file - Incremental task entry:default@GenerateLoaderJson post-execution cost:2 ms .
[2026-06-06T12:50:05.838] [DEBUG] debug-file - There is no need to refresh cache, since the incremental task entry:default@ProcessLibs is up-to-date.
[2026-06-06T12:50:05.839] [DEBUG] debug-file - Update task entry:default@CompileResource input file:D:\files_for_huaweidevelop\FaceCheck\camera-preview-minimal\entry\src\main\resources cache by regenerate.
[2026-06-06T12:50:05.841] [DEBUG] debug-file - Update task entry:default@CompileResource input file:D:\files_for_huaweidevelop\FaceCheck\camera-preview-minimal\AppScope\resources cache by regenerate.
[2026-06-06T12:50:05.843] [DEBUG] debug-file - Update task entry:default@CompileResource input file:D:\files_for_huaweidevelop\FaceCheck\camera-preview-minimal\entry\build\default\intermediates\process_profile\default\module.json cache from map.
[2026-06-06T12:50:05.843] [DEBUG] debug-file - Update task entry:default@CompileResource input file:D:\files_for_huaweidevelop\FaceCheck\camera-preview-minimal\entry\build\default\intermediates\res\default\resConfig.json cache by regenerate.
[2026-06-06T12:50:05.843] [DEBUG] debug-file - Update task entry:default@CompileResource output file:D:\files_for_huaweidevelop\FaceCheck\camera-preview-minimal\entry\build\default\intermediates\res\default cache.
[2026-06-06T12:50:05.848] [DEBUG] debug-file - Update task entry:default@CompileResource output file:D:\files_for_huaweidevelop\FaceCheck\camera-preview-minimal\entry\build\default\generated\r\default\ResourceTable.h cache.
[2026-06-06T12:50:05.848] [DEBUG] debug-file - Update task entry:default@CompileResource output file:D:\files_for_huaweidevelop\FaceCheck\camera-preview-minimal\entry\build\default\generated\r\default cache.
[2026-06-06T12:50:05.849] [DEBUG] debug-file - Incremental task entry:default@CompileResource post-execution cost:11 ms .
[2026-06-06T12:50:05.849] [DEBUG] debug-file - There is no need to refresh cache, since the incremental task entry:default@DoNativeStrip is up-to-date.
[2026-06-06T12:50:05.851] [DEBUG] debug-file - Update task entry:default@CompileArkTS input file:D:\files_for_huaweidevelop\FaceCheck\camera-preview-minimal\entry\build\default\intermediates\loader\default cache from map.
[2026-06-06T12:50:05.851] [DEBUG] debug-file - Update task entry:default@CompileArkTS input file:D:\files_for_huaweidevelop\FaceCheck\camera-preview-minimal\entry\build\default\intermediates\res\default\ResourceTable.txt cache by regenerate.
[2026-06-06T12:50:05.851] [DEBUG] debug-file - Update task entry:default@CompileArkTS input file:D:\files_for_huaweidevelop\FaceCheck\camera-preview-minimal\entry\build\default\intermediates\res\default\ark_module.json cache by regenerate.
[2026-06-06T12:50:05.851] [DEBUG] debug-file - Update task entry:default@CompileArkTS input file:D:\files_for_huaweidevelop\FaceCheck\camera-preview-minimal\entry\build\default\intermediates\res\default\resources\base\profile cache by regenerate.
[2026-06-06T12:50:05.852] [DEBUG] debug-file - Update task entry:default@CompileArkTS input file:D:\files_for_huaweidevelop\FaceCheck\camera-preview-minimal\entry\src\main\ets cache by regenerate.
[2026-06-06T12:50:05.853] [DEBUG] debug-file - Update task entry:default@CompileArkTS input file:D:\files_for_huaweidevelop\FaceCheck\camera-preview-minimal\entry\build\default\intermediates\loader\default\pkgContextInfo.json cache by regenerate.
[2026-06-06T12:50:05.853] [DEBUG] debug-file - Update task entry:default@CompileArkTS input file:D:\files_for_huaweidevelop\FaceCheck\camera-preview-minimal\entry\build\default\generated\profile\default\BuildProfile.ets cache by regenerate.
[2026-06-06T12:50:05.853] [DEBUG] debug-file - Update task entry:default@CompileArkTS output file:D:\files_for_huaweidevelop\FaceCheck\camera-preview-minimal\entry\build\default\intermediates\loader_out\default\ets cache.
[2026-06-06T12:50:05.854] [DEBUG] debug-file - Incremental task entry:default@CompileArkTS post-execution cost:6 ms .
[2026-06-06T12:50:05.855] [DEBUG] debug-file - Update task entry:default@BuildJS input file:D:\files_for_huaweidevelop\FaceCheck\camera-preview-minimal\entry\build\default\intermediates\loader\default cache by regenerate.
[2026-06-06T12:50:05.856] [DEBUG] debug-file - Update task entry:default@BuildJS input file:D:\files_for_huaweidevelop\FaceCheck\camera-preview-minimal\entry\build\default\intermediates\res\default\ResourceTable.txt cache by regenerate.
[2026-06-06T12:50:05.856] [DEBUG] debug-file - Update task entry:default@BuildJS input file:D:\files_for_huaweidevelop\FaceCheck\camera-preview-minimal\entry\build\default\intermediates\res\default\ark_module.json cache by regenerate.
[2026-06-06T12:50:05.856] [DEBUG] debug-file - Update task entry:default@BuildJS input file:D:\files_for_huaweidevelop\FaceCheck\camera-preview-minimal\entry\build\default\intermediates\res\default\resources\base\profile cache by regenerate.
[2026-06-06T12:50:05.857] [DEBUG] debug-file - Update task entry:default@BuildJS input file:D:\files_for_huaweidevelop\FaceCheck\camera-preview-minimal\entry\build\default\intermediates\loader\default\pkgContextInfo.json cache by regenerate.
[2026-06-06T12:50:05.857] [DEBUG] debug-file - Update task entry:default@BuildJS output file:D:\files_for_huaweidevelop\FaceCheck\camera-preview-minimal\entry\build\default\intermediates\loader_out\default\js cache.
[2026-06-06T12:50:05.857] [DEBUG] debug-file - Incremental task entry:default@BuildJS post-execution cost:4 ms .
[2026-06-06T12:50:05.857] [DEBUG] debug-file - There is no need to refresh cache, since the incremental task entry:default@CacheNativeLibs is up-to-date.
[2026-06-06T12:50:05.857] [DEBUG] debug-file - Update task entry:default@GeneratePkgModuleJson input file:D:\files_for_huaweidevelop\FaceCheck\camera-preview-minimal\entry\build\default\intermediates\res\default\module.json cache from map.
[2026-06-06T12:50:05.857] [DEBUG] debug-file - Update task entry:default@GeneratePkgModuleJson output file:D:\files_for_huaweidevelop\FaceCheck\camera-preview-minimal\entry\build\default\intermediates\package\default\module.json cache.
[2026-06-06T12:50:05.858] [DEBUG] debug-file - Incremental task entry:default@GeneratePkgModuleJson post-execution cost:1 ms .
[2026-06-06T12:50:05.858] [DEBUG] debug-file - Incremental task entry:default@ProcessCompiledResources post-execution cost:1 ms .
[2026-06-06T12:50:05.858] [DEBUG] debug-file - Update task entry:default@PackageHap input file:D:\files_for_huaweidevelop\FaceCheck\camera-preview-minimal\entry\build\default\intermediates\stripped_native_libs\default cache by regenerate.
[2026-06-06T12:50:05.859] [DEBUG] debug-file - Update task entry:default@PackageHap input file:D:\files_for_huaweidevelop\FaceCheck\camera-preview-minimal\entry\build\default\intermediates\res\default\module.json cache from map.
[2026-06-06T12:50:05.859] [DEBUG] debug-file - Update task entry:default@PackageHap input file:D:\files_for_huaweidevelop\FaceCheck\camera-preview-minimal\entry\build\default\intermediates\res\default\resources cache by regenerate.
[2026-06-06T12:50:05.861] [DEBUG] debug-file - Update task entry:default@PackageHap input file:D:\files_for_huaweidevelop\FaceCheck\camera-preview-minimal\entry\build\default\intermediates\res\default\resources.index cache by regenerate.
[2026-06-06T12:50:05.861] [DEBUG] debug-file - Update task entry:default@PackageHap input file:D:\files_for_huaweidevelop\FaceCheck\camera-preview-minimal\entry\build\default\outputs\default\pack.info cache by regenerate.
[2026-06-06T12:50:05.861] [DEBUG] debug-file - Update task entry:default@PackageHap input file:D:\files_for_huaweidevelop\FaceCheck\camera-preview-minimal\entry\build\default\intermediates\loader_out\default\ets cache by regenerate.
[2026-06-06T12:50:05.862] [DEBUG] debug-file - Update task entry:default@PackageHap input file:D:\files_for_huaweidevelop\FaceCheck\camera-preview-minimal\entry\build\default\intermediates\loader\default\pkgContextInfo.json cache by regenerate.
[2026-06-06T12:50:05.862] [DEBUG] debug-file - Update task entry:default@PackageHap input file:D:\files_for_huaweidevelop\FaceCheck\camera-preview-minimal\entry\build\default\intermediates\loader_out\default\ets\sourceMaps.map cache by regenerate.
[2026-06-06T12:50:05.862] [DEBUG] debug-file - Update task entry:default@PackageHap input file:D:\files_for_huaweidevelop\FaceCheck\camera-preview-minimal\entry\build\default\generated\profile\default\BuildProfile.ets cache by regenerate.
[2026-06-06T12:50:05.863] [DEBUG] debug-file - Update task entry:default@PackageHap output file:D:\files_for_huaweidevelop\FaceCheck\camera-preview-minimal\entry\build\default\outputs\default\entry-default-unsigned.hap cache.
[2026-06-06T12:50:05.863] [DEBUG] debug-file - Update task entry:default@PackageHap output file:D:\files_for_huaweidevelop\FaceCheck\camera-preview-minimal\entry\build\default\intermediates\source_map\default\sourceMaps.map cache.
[2026-06-06T12:50:05.863] [DEBUG] debug-file - Update task entry:default@PackageHap output file:D:\files_for_huaweidevelop\FaceCheck\camera-preview-minimal\entry\build\default\outputs\default\mapping\sourceMaps.map cache.
[2026-06-06T12:50:05.863] [DEBUG] debug-file - Incremental task entry:default@PackageHap post-execution cost:6 ms .
[2026-06-06T12:50:05.864] [DEBUG] debug-file - Update task entry:default@SignHap input file:C:\Users\white\.ohos\config\default_FaceCheck_XIP5AEtjoMg_LHh2fT2SHXaqBQOeOLbhsmuA_gUfwkM=.cer cache by regenerate.
[2026-06-06T12:50:05.865] [DEBUG] debug-file - Update task entry:default@SignHap input file:C:\Users\white\.ohos\config\default_FaceCheck_XIP5AEtjoMg_LHh2fT2SHXaqBQOeOLbhsmuA_gUfwkM=.p7b cache by regenerate.
[2026-06-06T12:50:05.865] [DEBUG] debug-file - Update task entry:default@SignHap input file:C:\Users\white\.ohos\config\default_FaceCheck_XIP5AEtjoMg_LHh2fT2SHXaqBQOeOLbhsmuA_gUfwkM=.p12 cache by regenerate.
[2026-06-06T12:50:05.865] [DEBUG] debug-file - Update task entry:default@SignHap input file:D:\files_for_huaweidevelop\FaceCheck\camera-preview-minimal\entry\build\default\outputs\default\entry-default-unsigned.hap cache by regenerate.
[2026-06-06T12:50:05.865] [DEBUG] debug-file - Update task entry:default@SignHap output file:D:\files_for_huaweidevelop\FaceCheck\camera-preview-minimal\entry\build\default\outputs\default\entry-default-signed.hap cache.
[2026-06-06T12:50:05.866] [DEBUG] debug-file - Incremental task entry:default@SignHap post-execution cost:3 ms .
[2026-06-06T12:50:05.866] [DEBUG] debug-file - Update task entry:default@CollectDebugSymbol input file:D:\files_for_huaweidevelop\FaceCheck\camera-preview-minimal\entry\build\default\intermediates\loader_out\default\ets\sourceMaps.map cache by regenerate.
[2026-06-06T12:50:05.866] [DEBUG] debug-file - Update task entry:default@CollectDebugSymbol input file:D:\files_for_huaweidevelop\FaceCheck\camera-preview-minimal\entry\build\default\intermediates\libs\default cache by regenerate.
[2026-06-06T12:50:05.867] [DEBUG] debug-file - Update task entry:default@CollectDebugSymbol output file:D:\files_for_huaweidevelop\FaceCheck\camera-preview-minimal\entry\build\default\outputs\default\symbol cache.
[2026-06-06T12:50:05.867] [DEBUG] debug-file - Incremental task entry:default@CollectDebugSymbol post-execution cost:2 ms .
[2026-06-06T12:50:05.894] [DEBUG] debug-file - hvigor build process will be closed.
[2026-06-06T12:50:05.895] [DEBUG] debug-file - java daemon socket close code:1000 reason:close by user
[2026-06-06T12:50:05.900] [DEBUG] debug-file - session manager: send message to worker process.
[2026-06-06T12:50:05.900] [DEBUG] debug-file - session manager: send message to worker process.
[2026-06-06T12:50:05.900] [DEBUG] debug-file - watch worker: worker id should be larger than 0. Nothing will be sent to any worker thread.
[2026-06-06T12:50:05.901] [DEBUG] debug-file - watch worker: worker id should be larger than 0. Nothing will be sent to any worker thread.
[2026-06-06T12:51:23.823] [DEBUG] debug-file - session manager: set active socket. socketId=8N_rU4pdO33kvL5RAAAH
[2026-06-06T12:51:23.828] [DEBUG] debug-file - watch worker: worker id should be larger than 0. Nothing will be sent to any worker thread.
[2026-06-06T12:51:23.831] [DEBUG] debug-file - Workers' log level updated to INFO
[2026-06-06T12:51:23.835] [DEBUG] debug-file - Hvigor init with startParameters:{
  hvigorfileTypeCheck: false,
  parallelExecution: true,
  incrementalExecution: true,
  printStackTrace: false,
  daemon: true,
  analyze: 0,
  logLevel: Level { level: 20000, levelStr: 'INFO', colour: 'green' },
  optimizationStrategy: 'memory',
  hotCompile: undefined,
  hotReloadBuild: undefined,
  customizedParam: undefined
}
[2026-06-06T12:51:23.838] [DEBUG] debug-file - Cache service initialization finished in 3 ms 
[2026-06-06T12:51:23.839] [DEBUG] debug-file - hvigorfile, resolving D:\files_for_huaweidevelop\FaceCheck\camera-preview-minimal\hvigorfile.ts
[2026-06-06T12:51:23.844] [DEBUG] debug-file - hvigorfile, require result:  { default: { plugins: [] } }
[2026-06-06T12:51:23.844] [DEBUG] debug-file - hvigorfile, binding system plugins null
[2026-06-06T12:51:23.844] [DEBUG] debug-file - Starting plugin build process
[2026-06-06T12:51:23.844] [DEBUG] debug-file - App plugin prepare start...
[2026-06-06T12:51:23.844] [DEBUG] debug-file - App plugin prepare end...
[2026-06-06T12:51:23.844] [DEBUG] debug-file - App plugin creating...
[2026-06-06T12:51:23.849] [DEBUG] debug-file - App plugin register hook start...
[2026-06-06T12:51:23.850] [DEBUG] debug-file - App plugin register hook end...
[2026-06-06T12:51:23.850] [DEBUG] debug-file - Plugin build process completed
[2026-06-06T12:51:23.850] [DEBUG] debug-file - Start initialize project's product build option map with build mode debug.
[2026-06-06T12:51:23.850] [DEBUG] debug-file - Picking option from product 'default' with build mode 'debug'.
[2026-06-06T12:51:23.850] [DEBUG] debug-file - Product 'default' build option initialized
[2026-06-06T12:51:23.850] [DEBUG] debug-file - End initialize project's product build option map with build mode 'debug'.
[2026-06-06T12:51:23.851] [DEBUG] debug-file - Obtain build option for product 'default'in this build.
[2026-06-06T12:51:23.852] [DEBUG] debug-file - D:\files_for_huaweidevelop\FaceCheck\camera-preview-minimal\build\cache\default\remote_hsp\remoteHspCache.json not exists.
[2026-06-06T12:51:23.854] [DEBUG] debug-file - Start recording SDK configuration permission data.
[2026-06-06T12:51:23.880] [DEBUG] debug-file - Sdk init in 28 ms 
[2026-06-06T12:51:23.884] [DEBUG] debug-file - Project task initialization takes 4 ms 
[2026-06-06T12:51:23.884] [DEBUG] debug-file - hvigorfile, binding custom plugins []
[2026-06-06T12:51:23.884] [DEBUG] debug-file - hvigorfile, no custom plugins were found in D:\files_for_huaweidevelop\FaceCheck\camera-preview-minimal\hvigorfile.ts
[2026-06-06T12:51:23.884] [DEBUG] debug-file - hvigorfile, resolve finished D:\files_for_huaweidevelop\FaceCheck\camera-preview-minimal\hvigorfile.ts
[2026-06-06T12:51:23.884] [DEBUG] debug-file - hvigorfile, resolving D:\files_for_huaweidevelop\FaceCheck\camera-preview-minimal\entry\hvigorfile.ts
[2026-06-06T12:51:23.888] [DEBUG] debug-file - hvigorfile, require result:  { default: { plugins: [] } }
[2026-06-06T12:51:23.888] [DEBUG] debug-file - hvigorfile, binding system plugins null
[2026-06-06T12:51:23.888] [DEBUG] debug-file - Starting plugin build process
[2026-06-06T12:51:23.888] [DEBUG] debug-file - Hap plugin creating...
[2026-06-06T12:51:23.890] [DEBUG] debug-file - failed to load cangjie to dynamically generate schemas: Error: Cannot find module '@ohos/cangjie-build-support/index'
Require stack:
- D:\DevEco Studio\tools\hvigor\hvigor-ohos-plugin\src\plugin\hooks\cangjie-register.js
- D:\DevEco Studio\tools\hvigor\hvigor-ohos-plugin\src\plugin\strategy\stage-init-strategy.js
- D:\DevEco Studio\tools\hvigor\hvigor-ohos-plugin\src\plugin\builder\abstract-plugin-builder.js
- D:\DevEco Studio\tools\hvigor\hvigor-ohos-plugin\src\plugin\builder\app-plugin-builder.js
- D:\DevEco Studio\tools\hvigor\hvigor-ohos-plugin\src\plugin\factory\plugin-factory.js
- D:\DevEco Studio\tools\hvigor\hvigor-ohos-plugin\index.js
- D:\files_for_huaweidevelop\FaceCheck\camera-preview-minimal\hvigorfile.ts
- D:\DevEco Studio\tools\hvigor\hvigor\src\base\internal\lifecycle\configuration.js
- D:\DevEco Studio\tools\hvigor\hvigor\src\base\boot\index.js
- D:\DevEco Studio\tools\hvigor\hvigor\src\base\daemon\cluster\worker-process-lifecycle.js
- D:\DevEco Studio\tools\hvigor\hvigor\src\base\daemon\process\daemon-process-boot-script.js
[2026-06-06T12:51:23.892] [DEBUG] debug-file - Start initialize module-target build option map, moduleName=entry, buildMode=debug
[2026-06-06T12:51:23.892] [DEBUG] debug-file - Target 'default' config initialized
[2026-06-06T12:51:23.892] [DEBUG] debug-file - Module 'entry' target 'default' build option initialized
[2026-06-06T12:51:23.892] [DEBUG] debug-file - End initialize module-target build option map, moduleName=entry
[2026-06-06T12:51:23.893] [DEBUG] debug-file - Start initialize module-target build option map, moduleName=entry, buildMode=release
[2026-06-06T12:51:23.893] [DEBUG] debug-file - Target 'default' config initialized
[2026-06-06T12:51:23.893] [DEBUG] debug-file - Module 'entry' target 'default' build option initialized
[2026-06-06T12:51:23.893] [DEBUG] debug-file - End initialize module-target build option map, moduleName=entry
[2026-06-06T12:51:23.893] [DEBUG] debug-file - Start initialize module-target build option map, moduleName=entry, buildMode=debug
[2026-06-06T12:51:23.893] [DEBUG] debug-file - Target 'default' config initialized
[2026-06-06T12:51:23.893] [DEBUG] debug-file - Module 'entry' target 'default' build option initialized
[2026-06-06T12:51:23.893] [DEBUG] debug-file - End initialize module-target build option map, moduleName=entry
[2026-06-06T12:51:23.893] [DEBUG] debug-file - Obtain build option for module 'entry' target 'default'in this build.
[2026-06-06T12:51:23.894] [DEBUG] debug-file - Module entry task initialization takes 1 ms 
[2026-06-06T12:51:23.895] [DEBUG] debug-file - Hap plugin register hook start...
[2026-06-06T12:51:23.895] [DEBUG] debug-file - Hap plugin register hook end...
[2026-06-06T12:51:23.895] [DEBUG] debug-file - Plugin build process completed
[2026-06-06T12:51:23.895] [DEBUG] debug-file - hvigorfile, binding custom plugins []
[2026-06-06T12:51:23.895] [DEBUG] debug-file - hvigorfile, no custom plugins were found in D:\files_for_huaweidevelop\FaceCheck\camera-preview-minimal\entry\hvigorfile.ts
[2026-06-06T12:51:23.895] [DEBUG] debug-file - hvigorfile, resolve finished D:\files_for_huaweidevelop\FaceCheck\camera-preview-minimal\entry\hvigorfile.ts
[2026-06-06T12:51:23.907] [DEBUG] debug-file - hvigorfile, resolve hvigorfile dependencies in 13 ms 
[2026-06-06T12:51:23.908] [DEBUG] debug-file - project has submodules:entry
[2026-06-06T12:51:23.909] [DEBUG] debug-file - start to load updatedOhPackageInfo to the disk
[2026-06-06T12:51:23.915] [DEBUG] debug-file - load to the disk finished
[2026-06-06T12:51:23.915] [DEBUG] debug-file - Start to initialize dependency information.
[2026-06-06T12:51:23.920] [DEBUG] debug-file - Module camera-preview-minimal Collected Dependency: 
[2026-06-06T12:51:23.920] [DEBUG] debug-file - Module camera-preview-minimal's total dependency: 0
[2026-06-06T12:51:23.920] [DEBUG] debug-file - Start to initialize dependency information.
[2026-06-06T12:51:23.922] [DEBUG] debug-file - Module entry Collected Dependency: 
[2026-06-06T12:51:23.922] [DEBUG] debug-file - Module entry's total dependency: 0
[2026-06-06T12:51:23.923] [DEBUG] debug-file - Configuration phase cost:85 ms 
[2026-06-06T12:51:23.924] [DEBUG] debug-file - Configuration task cost before running: 92 ms 
[2026-06-06T12:51:23.924] [DEBUG] debug-file - Executing task :entry:init
[2026-06-06T12:51:23.924] [DEBUG] debug-file - entry : init cost memory 0.01483917236328125
[2026-06-06T12:51:23.924] [DEBUG] debug-file - runTaskFromQueue task cost before running: 93 ms 
[2026-06-06T12:51:23.924] [INFO] debug-file - Finished :entry:init... after 1 ms 
[2026-06-06T12:51:23.925] [DEBUG] debug-file - Executing task ::init
[2026-06-06T12:51:23.925] [DEBUG] debug-file - camera-preview-minimal : init cost memory 0.01371002197265625
[2026-06-06T12:51:23.925] [DEBUG] debug-file - runTaskFromQueue task cost before running: 93 ms 
[2026-06-06T12:51:23.925] [INFO] debug-file - Finished ::init... after 1 ms 
[2026-06-06T12:51:23.938] [DEBUG] debug-file - Obtain build option for module 'entry' target 'default'in this build.
[2026-06-06T12:51:23.940] [DEBUG] debug-file - hvigor build process will be closed.
[2026-06-06T12:51:23.947] [DEBUG] debug-file - session manager: send message to worker process.
[2026-06-06T12:51:23.948] [DEBUG] debug-file - session manager: send message to worker process.
[2026-06-06T12:51:23.947] [DEBUG] debug-file - watch worker: worker id should be larger than 0. Nothing will be sent to any worker thread.
[2026-06-06T12:51:23.948] [DEBUG] debug-file - watch worker: worker id should be larger than 0. Nothing will be sent to any worker thread.
[2026-06-06T12:51:56.571] [DEBUG] debug-file - session manager: set active socket. socketId=3QL1pTX5BAGc7M9mAAAJ
[2026-06-06T12:51:56.577] [DEBUG] debug-file - watch worker: worker id should be larger than 0. Nothing will be sent to any worker thread.
[2026-06-06T12:51:56.579] [DEBUG] debug-file - Workers' log level updated to INFO
[2026-06-06T12:51:56.582] [DEBUG] debug-file - Hvigor init with startParameters:{
  hvigorfileTypeCheck: false,
  parallelExecution: true,
  incrementalExecution: true,
  printStackTrace: false,
  daemon: true,
  analyze: 0,
  logLevel: Level { level: 20000, levelStr: 'INFO', colour: 'green' },
  optimizationStrategy: 'memory',
  hotCompile: undefined,
  hotReloadBuild: undefined,
  customizedParam: undefined
}
[2026-06-06T12:51:56.585] [DEBUG] debug-file - Cache service initialization finished in 4 ms 
[2026-06-06T12:51:56.585] [DEBUG] debug-file - hvigorfile, resolving D:\files_for_huaweidevelop\FaceCheck\camera-preview-minimal\hvigorfile.ts
[2026-06-06T12:51:56.590] [DEBUG] debug-file - hvigorfile, require result:  { default: { plugins: [] } }
[2026-06-06T12:51:56.590] [DEBUG] debug-file - hvigorfile, binding system plugins null
[2026-06-06T12:51:56.591] [DEBUG] debug-file - Starting plugin build process
[2026-06-06T12:51:56.591] [DEBUG] debug-file - App plugin prepare start...
[2026-06-06T12:51:56.591] [DEBUG] debug-file - App plugin prepare end...
[2026-06-06T12:51:56.591] [DEBUG] debug-file - App plugin creating...
[2026-06-06T12:51:56.596] [DEBUG] debug-file - App plugin register hook start...
[2026-06-06T12:51:56.597] [DEBUG] debug-file - App plugin register hook end...
[2026-06-06T12:51:56.597] [DEBUG] debug-file - Plugin build process completed
[2026-06-06T12:51:56.597] [DEBUG] debug-file - Start initialize project's product build option map with build mode debug.
[2026-06-06T12:51:56.597] [DEBUG] debug-file - Picking option from product 'default' with build mode 'debug'.
[2026-06-06T12:51:56.597] [DEBUG] debug-file - Product 'default' build option initialized
[2026-06-06T12:51:56.597] [DEBUG] debug-file - End initialize project's product build option map with build mode 'debug'.
[2026-06-06T12:51:56.598] [DEBUG] debug-file - Obtain build option for product 'default'in this build.
[2026-06-06T12:51:56.598] [DEBUG] debug-file - D:\files_for_huaweidevelop\FaceCheck\camera-preview-minimal\build\cache\default\remote_hsp\remoteHspCache.json not exists.
[2026-06-06T12:51:56.601] [DEBUG] debug-file - Start recording SDK configuration permission data.
[2026-06-06T12:51:56.626] [DEBUG] debug-file - Sdk init in 27 ms 
[2026-06-06T12:51:56.628] [DEBUG] debug-file - Project task initialization takes 3 ms 
[2026-06-06T12:51:56.629] [DEBUG] debug-file - hvigorfile, binding custom plugins []
[2026-06-06T12:51:56.629] [DEBUG] debug-file - hvigorfile, no custom plugins were found in D:\files_for_huaweidevelop\FaceCheck\camera-preview-minimal\hvigorfile.ts
[2026-06-06T12:51:56.629] [DEBUG] debug-file - hvigorfile, resolve finished D:\files_for_huaweidevelop\FaceCheck\camera-preview-minimal\hvigorfile.ts
[2026-06-06T12:51:56.629] [DEBUG] debug-file - hvigorfile, resolving D:\files_for_huaweidevelop\FaceCheck\camera-preview-minimal\entry\hvigorfile.ts
[2026-06-06T12:51:56.637] [DEBUG] debug-file - hvigorfile, require result:  { default: { plugins: [] } }
[2026-06-06T12:51:56.637] [DEBUG] debug-file - hvigorfile, binding system plugins null
[2026-06-06T12:51:56.637] [DEBUG] debug-file - Starting plugin build process
[2026-06-06T12:51:56.637] [DEBUG] debug-file - Hap plugin creating...
[2026-06-06T12:51:56.639] [DEBUG] debug-file - failed to load cangjie to dynamically generate schemas: Error: Cannot find module '@ohos/cangjie-build-support/index'
Require stack:
- D:\DevEco Studio\tools\hvigor\hvigor-ohos-plugin\src\plugin\hooks\cangjie-register.js
- D:\DevEco Studio\tools\hvigor\hvigor-ohos-plugin\src\plugin\strategy\stage-init-strategy.js
- D:\DevEco Studio\tools\hvigor\hvigor-ohos-plugin\src\plugin\builder\abstract-plugin-builder.js
- D:\DevEco Studio\tools\hvigor\hvigor-ohos-plugin\src\plugin\builder\app-plugin-builder.js
- D:\DevEco Studio\tools\hvigor\hvigor-ohos-plugin\src\plugin\factory\plugin-factory.js
- D:\DevEco Studio\tools\hvigor\hvigor-ohos-plugin\index.js
- D:\files_for_huaweidevelop\FaceCheck\camera-preview-minimal\hvigorfile.ts
- D:\DevEco Studio\tools\hvigor\hvigor\src\base\internal\lifecycle\configuration.js
- D:\DevEco Studio\tools\hvigor\hvigor\src\base\boot\index.js
- D:\DevEco Studio\tools\hvigor\hvigor\src\base\daemon\cluster\worker-process-lifecycle.js
- D:\DevEco Studio\tools\hvigor\hvigor\src\base\daemon\process\daemon-process-boot-script.js
[2026-06-06T12:51:56.640] [DEBUG] debug-file - Start initialize module-target build option map, moduleName=entry, buildMode=debug
[2026-06-06T12:51:56.641] [DEBUG] debug-file - Target 'default' config initialized
[2026-06-06T12:51:56.641] [DEBUG] debug-file - Module 'entry' target 'default' build option initialized
[2026-06-06T12:51:56.641] [DEBUG] debug-file - End initialize module-target build option map, moduleName=entry
[2026-06-06T12:51:56.641] [DEBUG] debug-file - Start initialize module-target build option map, moduleName=entry, buildMode=release
[2026-06-06T12:51:56.641] [DEBUG] debug-file - Target 'default' config initialized
[2026-06-06T12:51:56.641] [DEBUG] debug-file - Module 'entry' target 'default' build option initialized
[2026-06-06T12:51:56.642] [DEBUG] debug-file - End initialize module-target build option map, moduleName=entry
[2026-06-06T12:51:56.642] [DEBUG] debug-file - Start initialize module-target build option map, moduleName=entry, buildMode=debug
[2026-06-06T12:51:56.642] [DEBUG] debug-file - Target 'default' config initialized
[2026-06-06T12:51:56.642] [DEBUG] debug-file - Module 'entry' target 'default' build option initialized
[2026-06-06T12:51:56.642] [DEBUG] debug-file - End initialize module-target build option map, moduleName=entry
[2026-06-06T12:51:56.642] [DEBUG] debug-file - Obtain build option for module 'entry' target 'default'in this build.
[2026-06-06T12:51:56.644] [DEBUG] debug-file - Module entry task initialization takes 1 ms 
[2026-06-06T12:51:56.644] [DEBUG] debug-file - Hap plugin register hook start...
[2026-06-06T12:51:56.644] [DEBUG] debug-file - Hap plugin register hook end...
[2026-06-06T12:51:56.644] [DEBUG] debug-file - Plugin build process completed
[2026-06-06T12:51:56.644] [DEBUG] debug-file - hvigorfile, binding custom plugins []
[2026-06-06T12:51:56.644] [DEBUG] debug-file - hvigorfile, no custom plugins were found in D:\files_for_huaweidevelop\FaceCheck\camera-preview-minimal\entry\hvigorfile.ts
[2026-06-06T12:51:56.644] [DEBUG] debug-file - hvigorfile, resolve finished D:\files_for_huaweidevelop\FaceCheck\camera-preview-minimal\entry\hvigorfile.ts
[2026-06-06T12:51:56.661] [DEBUG] debug-file - hvigorfile, resolve hvigorfile dependencies in 17 ms 
[2026-06-06T12:51:56.661] [DEBUG] debug-file - project has submodules:entry
[2026-06-06T12:51:56.662] [DEBUG] debug-file - start to load updatedOhPackageInfo to the disk
[2026-06-06T12:51:56.668] [DEBUG] debug-file - load to the disk finished
[2026-06-06T12:51:56.669] [DEBUG] debug-file - Start to initialize dependency information.
[2026-06-06T12:51:56.674] [DEBUG] debug-file - Module camera-preview-minimal Collected Dependency: 
[2026-06-06T12:51:56.674] [DEBUG] debug-file - Module camera-preview-minimal's total dependency: 0
[2026-06-06T12:51:56.674] [DEBUG] debug-file - Start to initialize dependency information.
[2026-06-06T12:51:56.676] [DEBUG] debug-file - Module entry Collected Dependency: 
[2026-06-06T12:51:56.676] [DEBUG] debug-file - Module entry's total dependency: 0
[2026-06-06T12:51:56.677] [DEBUG] debug-file - Configuration phase cost:93 ms 
[2026-06-06T12:51:56.678] [DEBUG] debug-file - Configuration task cost before running: 99 ms 
[2026-06-06T12:51:56.681] [DEBUG] debug-file - Executing task :entry:default@PreBuild
[2026-06-06T12:51:56.682] [DEBUG] debug-file - Task 'entry:default@PreBuild' cost while wrapping incremental declarations: 1 ms 
[2026-06-06T12:51:56.689] [DEBUG] debug-file - entry:default@PreBuild is not up-to-date, since the task snapshots are different.
[2026-06-06T12:51:56.690] [DEBUG] debug-file - Incremental task entry:default@PreBuild pre-execution cost: 6 ms .
[2026-06-06T12:51:56.695] [DEBUG] debug-file - current product is not Atomic service.
[2026-06-06T12:51:56.695] [DEBUG] debug-file - Use tool [win32: JAVA_HOME, CLASSPATH]
 [ { JAVA_HOME: 'D:\\java_folder' }, { CLASSPATH: undefined } ]
[2026-06-06T12:51:56.695] [DEBUG] debug-file - Use tool [win32: NODE_HOME]
 [ { NODE_HOME: 'D:\\DevEco Studio\\tools\\node' } ]
[2026-06-06T12:51:56.695] [DEBUG] debug-file - entry : default@PreBuild cost memory -1.1442031860351562
[2026-06-06T12:51:56.695] [DEBUG] debug-file - runTaskFromQueue task cost before running: 116 ms 
[2026-06-06T12:51:56.697] [INFO] debug-file - Finished :entry:default@PreBuild... after 14 ms 
[2026-06-06T12:51:56.698] [DEBUG] debug-file - Executing task :entry:default@CreateModuleInfo
[2026-06-06T12:51:56.698] [DEBUG] debug-file - Task 'entry:default@CreateModuleInfo' cost while wrapping incremental declarations: 1 ms 
[2026-06-06T12:51:56.698] [DEBUG] debug-file - entry : default@CreateModuleInfo cost memory 0.04221343994140625
[2026-06-06T12:51:56.698] [DEBUG] debug-file - runTaskFromQueue task cost before running: 119 ms 
[2026-06-06T12:51:56.698] [INFO] debug-file - Finished :entry:default@CreateModuleInfo... after 1 ms 
[2026-06-06T12:51:56.701] [DEBUG] debug-file - Executing task :entry:default@GenerateMetadata
[2026-06-06T12:51:56.702] [DEBUG] debug-file - Task 'entry:default@GenerateMetadata' cost while wrapping incremental declarations: 1 ms 
[2026-06-06T12:51:56.703] [DEBUG] debug-file - Incremental task entry:default@GenerateMetadata pre-execution cost: 1 ms .
[2026-06-06T12:51:56.703] [DEBUG] debug-file - entry : default@GenerateMetadata cost memory 0.08811187744140625
[2026-06-06T12:51:56.703] [INFO] debug-file - UP-TO-DATE :entry:default@GenerateMetadata...  
[2026-06-06T12:51:56.703] [DEBUG] debug-file - Executing task :entry:default@ConfigureCmake
[2026-06-06T12:51:56.704] [DEBUG] debug-file - entry : default@ConfigureCmake cost memory 0.01461029052734375
[2026-06-06T12:51:56.704] [DEBUG] debug-file - runTaskFromQueue task cost before running: 125 ms 
[2026-06-06T12:51:56.704] [INFO] debug-file - Finished :entry:default@ConfigureCmake... after 1 ms 
[2026-06-06T12:51:56.704] [DEBUG] debug-file - Executing task :entry:default@MergeProfile
[2026-06-06T12:51:56.705] [DEBUG] debug-file - Task 'entry:default@MergeProfile' cost while wrapping incremental declarations: 1 ms 
[2026-06-06T12:51:56.706] [DEBUG] debug-file - Incremental task entry:default@MergeProfile pre-execution cost: 2 ms .
[2026-06-06T12:51:56.706] [DEBUG] debug-file - entry : default@MergeProfile cost memory 0.1269683837890625
[2026-06-06T12:51:56.707] [INFO] debug-file - UP-TO-DATE :entry:default@MergeProfile...  
[2026-06-06T12:51:56.708] [DEBUG] debug-file - Executing task :entry:default@CreateBuildProfile
[2026-06-06T12:51:56.708] [DEBUG] debug-file - Task 'entry:default@CreateBuildProfile' cost while wrapping incremental declarations: 1 ms 
[2026-06-06T12:51:56.709] [DEBUG] debug-file - Incremental task entry:default@CreateBuildProfile pre-execution cost: 2 ms .
[2026-06-06T12:51:56.709] [DEBUG] debug-file - entry : default@CreateBuildProfile cost memory 0.09572601318359375
[2026-06-06T12:51:56.710] [INFO] debug-file - UP-TO-DATE :entry:default@CreateBuildProfile...  
[2026-06-06T12:51:56.710] [DEBUG] debug-file - Executing task :entry:default@PreCheckSyscap
[2026-06-06T12:51:56.710] [DEBUG] debug-file - entry : default@PreCheckSyscap cost memory 0.01480865478515625
[2026-06-06T12:51:56.711] [DEBUG] debug-file - runTaskFromQueue task cost before running: 132 ms 
[2026-06-06T12:51:56.711] [INFO] debug-file - Finished :entry:default@PreCheckSyscap... after 1 ms 
[2026-06-06T12:51:56.712] [DEBUG] debug-file - Executing task :entry:default@GeneratePkgContextInfo
[2026-06-06T12:51:56.715] [DEBUG] debug-file - Task 'entry:default@GeneratePkgContextInfo' cost while wrapping incremental declarations: 1 ms 
[2026-06-06T12:51:56.716] [DEBUG] debug-file - Incremental task entry:default@GeneratePkgContextInfo pre-execution cost: 1 ms .
[2026-06-06T12:51:56.716] [DEBUG] debug-file - entry : default@GeneratePkgContextInfo cost memory -1.420074462890625
[2026-06-06T12:51:56.716] [INFO] debug-file - UP-TO-DATE :entry:default@GeneratePkgContextInfo...  
[2026-06-06T12:51:56.719] [DEBUG] debug-file - Executing task :entry:default@ProcessIntegratedHsp
[2026-06-06T12:51:56.719] [DEBUG] debug-file - entry:default@ProcessIntegratedHsp is not up-to-date, since the output file 'D:\files_for_huaweidevelop\FaceCheck\camera-preview-minimal\build\cache\default\integrated_hsp\integratedHspCache.json' does not exist.
[2026-06-06T12:51:56.719] [DEBUG] debug-file - Incremental task entry:default@ProcessIntegratedHsp pre-execution cost: 1 ms .
[2026-06-06T12:51:56.720] [DEBUG] debug-file - entry : default@ProcessIntegratedHsp cost memory 0.05818939208984375
[2026-06-06T12:51:56.720] [DEBUG] debug-file - runTaskFromQueue task cost before running: 141 ms 
[2026-06-06T12:51:56.720] [INFO] debug-file - Finished :entry:default@ProcessIntegratedHsp... after 1 ms 
[2026-06-06T12:51:56.720] [DEBUG] debug-file - Executing task :entry:default@BuildNativeWithCmake
[2026-06-06T12:51:56.721] [DEBUG] debug-file - entry : default@BuildNativeWithCmake cost memory 0.01458740234375
[2026-06-06T12:51:56.721] [DEBUG] debug-file - runTaskFromQueue task cost before running: 142 ms 
[2026-06-06T12:51:56.721] [INFO] debug-file - Finished :entry:default@BuildNativeWithCmake... after 1 ms 
[2026-06-06T12:51:56.722] [DEBUG] debug-file - Executing task :entry:default@MakePackInfo
[2026-06-06T12:51:56.723] [DEBUG] debug-file - Incremental task entry:default@MakePackInfo pre-execution cost: 2 ms .
[2026-06-06T12:51:56.723] [DEBUG] debug-file - entry : default@MakePackInfo cost memory 0.10776519775390625
[2026-06-06T12:51:56.724] [INFO] debug-file - UP-TO-DATE :entry:default@MakePackInfo...  
[2026-06-06T12:51:56.724] [DEBUG] debug-file - Executing task :entry:default@SyscapTransform
[2026-06-06T12:51:56.724] [DEBUG] debug-file - File: 'D:\files_for_huaweidevelop\FaceCheck\camera-preview-minimal\entry\src\main\syscap.json' from 'sysCapJsonPath' is not exists, just ignore.
[2026-06-06T12:51:56.725] [DEBUG] debug-file - Task 'entry:default@SyscapTransform' cost while wrapping incremental declarations: 1 ms 
[2026-06-06T12:51:56.727] [DEBUG] debug-file - entry:default@SyscapTransform is not up-to-date, since the output file 'D:\files_for_huaweidevelop\FaceCheck\camera-preview-minimal\entry\build\default\intermediates\syscap\default\rpcid.sc' does not exist.
[2026-06-06T12:51:56.727] [DEBUG] debug-file - Incremental task entry:default@SyscapTransform pre-execution cost: 2 ms .
[2026-06-06T12:51:56.727] [DEBUG] debug-file - entry : default@SyscapTransform cost memory 0.14128875732421875
[2026-06-06T12:51:56.727] [DEBUG] debug-file - runTaskFromQueue task cost before running: 149 ms 
[2026-06-06T12:51:56.728] [INFO] debug-file - Finished :entry:default@SyscapTransform... after 4 ms 
[2026-06-06T12:51:56.728] [DEBUG] debug-file - Executing task :entry:default@ProcessProfile
[2026-06-06T12:51:56.729] [DEBUG] debug-file - Task 'entry:default@ProcessProfile' cost while wrapping incremental declarations: 1 ms 
[2026-06-06T12:51:56.730] [DEBUG] debug-file - Incremental task entry:default@ProcessProfile pre-execution cost: 1 ms .
[2026-06-06T12:51:56.730] [DEBUG] debug-file - entry : default@ProcessProfile cost memory 0.12961578369140625
[2026-06-06T12:51:56.730] [INFO] debug-file - UP-TO-DATE :entry:default@ProcessProfile...  
[2026-06-06T12:51:56.731] [DEBUG] debug-file - Executing task :entry:default@ProcessRouterMap
[2026-06-06T12:51:56.734] [DEBUG] debug-file - Incremental task entry:default@ProcessRouterMap pre-execution cost: 3 ms .
[2026-06-06T12:51:56.734] [DEBUG] debug-file - entry : default@ProcessRouterMap cost memory 0.1694183349609375
[2026-06-06T12:51:56.735] [INFO] debug-file - UP-TO-DATE :entry:default@ProcessRouterMap...  
[2026-06-06T12:51:56.735] [DEBUG] debug-file - Executing task :entry:default@ProcessShareConfig
[2026-06-06T12:51:56.738] [DEBUG] debug-file - Incremental task entry:default@ProcessShareConfig pre-execution cost: 3 ms .
[2026-06-06T12:51:56.738] [DEBUG] debug-file - entry : default@ProcessShareConfig cost memory -1.4925079345703125
[2026-06-06T12:51:56.739] [INFO] debug-file - UP-TO-DATE :entry:default@ProcessShareConfig...  
[2026-06-06T12:51:56.740] [DEBUG] debug-file - Executing task :entry:default@ProcessStartupConfig
[2026-06-06T12:51:56.740] [DEBUG] debug-file - Task 'entry:default@ProcessStartupConfig' cost while wrapping incremental declarations: 1 ms 
[2026-06-06T12:51:56.741] [DEBUG] debug-file - entry:default@ProcessStartupConfig is not up-to-date, since the output file 'D:\files_for_huaweidevelop\FaceCheck\camera-preview-minimal\entry\build\default\intermediates\startup\default\startup_config.json' does not exist.
[2026-06-06T12:51:56.741] [DEBUG] debug-file - Incremental task entry:default@ProcessStartupConfig pre-execution cost: 1 ms .
[2026-06-06T12:51:56.742] [DEBUG] debug-file - entry : default@ProcessStartupConfig cost memory 0.14221954345703125
[2026-06-06T12:51:56.742] [DEBUG] debug-file - runTaskFromQueue task cost before running: 163 ms 
[2026-06-06T12:51:56.742] [INFO] debug-file - Finished :entry:default@ProcessStartupConfig... after 2 ms 
[2026-06-06T12:51:56.743] [DEBUG] debug-file - Executing task :entry:default@BuildNativeWithNinja
[2026-06-06T12:51:56.743] [DEBUG] debug-file - entry : default@BuildNativeWithNinja cost memory 0.0214996337890625
[2026-06-06T12:51:56.744] [DEBUG] debug-file - runTaskFromQueue task cost before running: 165 ms 
[2026-06-06T12:51:56.744] [INFO] debug-file - Finished :entry:default@BuildNativeWithNinja... after 1 ms 
[2026-06-06T12:51:56.745] [DEBUG] debug-file - restool module names: entry; moduleName=entry, taskName=default@ProcessResource
[2026-06-06T12:51:56.746] [DEBUG] debug-file - Executing task :entry:default@ProcessResource
[2026-06-06T12:51:56.746] [DEBUG] debug-file - Task 'entry:default@ProcessResource' cost while wrapping incremental declarations: 1 ms 
[2026-06-06T12:51:56.747] [DEBUG] debug-file - Incremental task entry:default@ProcessResource pre-execution cost: 1 ms .
[2026-06-06T12:51:56.747] [DEBUG] debug-file - entry : default@ProcessResource cost memory 0.13394927978515625
[2026-06-06T12:51:56.749] [INFO] debug-file - UP-TO-DATE :entry:default@ProcessResource...  
[2026-06-06T12:51:56.750] [DEBUG] debug-file - Executing task :entry:default@GenerateLoaderJson
[2026-06-06T12:51:56.750] [DEBUG] debug-file - Task 'entry:default@GenerateLoaderJson' cost while wrapping incremental declarations: 1 ms 
[2026-06-06T12:51:56.758] [DEBUG] debug-file - entry:default@GenerateLoaderJson is not up-to-date, since the task snapshots are different.
[2026-06-06T12:51:56.758] [DEBUG] debug-file - Incremental task entry:default@GenerateLoaderJson pre-execution cost: 5 ms .
[2026-06-06T12:51:56.760] [DEBUG] debug-file - entry : default@GenerateLoaderJson cost memory 0.660675048828125
[2026-06-06T12:51:56.760] [DEBUG] debug-file - runTaskFromQueue task cost before running: 182 ms 
[2026-06-06T12:51:56.765] [INFO] debug-file - Finished :entry:default@GenerateLoaderJson... after 11 ms 
[2026-06-06T12:51:56.766] [DEBUG] debug-file - Executing task :entry:default@ProcessLibs
[2026-06-06T12:51:56.767] [DEBUG] debug-file - Incremental task entry:default@ProcessLibs pre-execution cost: 2 ms .
[2026-06-06T12:51:56.767] [DEBUG] debug-file - entry : default@ProcessLibs cost memory 0.1077728271484375
[2026-06-06T12:51:56.768] [INFO] debug-file - UP-TO-DATE :entry:default@ProcessLibs...  
[2026-06-06T12:51:56.769] [DEBUG] debug-file - restool module names: entry; moduleName=entry, taskName=default@CompileResource
[2026-06-06T12:51:56.769] [DEBUG] debug-file - Executing task :entry:default@CompileResource
[2026-06-06T12:51:56.782] [DEBUG] debug-file - Incremental task entry:default@CompileResource pre-execution cost: 12 ms .
[2026-06-06T12:51:56.782] [DEBUG] debug-file - entry : default@CompileResource cost memory 0.6061019897460938
[2026-06-06T12:51:56.783] [INFO] debug-file - UP-TO-DATE :entry:default@CompileResource...  
[2026-06-06T12:51:56.783] [DEBUG] debug-file - Executing task :entry:default@DoNativeStrip
[2026-06-06T12:51:56.784] [DEBUG] debug-file - Task 'entry:default@DoNativeStrip' cost while wrapping incremental declarations: 1 ms 
[2026-06-06T12:51:56.784] [DEBUG] debug-file - Incremental task entry:default@DoNativeStrip pre-execution cost: 1 ms .
[2026-06-06T12:51:56.784] [DEBUG] debug-file - entry : default@DoNativeStrip cost memory 0.0790557861328125
[2026-06-06T12:51:56.785] [INFO] debug-file - UP-TO-DATE :entry:default@DoNativeStrip...  
[2026-06-06T12:51:56.786] [DEBUG] debug-file - Executing task :entry:default@CompileArkTS
[2026-06-06T12:51:56.786] [DEBUG] debug-file - obfuscationOptions: undefined
[2026-06-06T12:51:56.787] [DEBUG] debug-file - Task 'entry:default@CompileArkTS' cost while wrapping incremental declarations: 1 ms 
[2026-06-06T12:51:56.791] [DEBUG] debug-file - entry:default@CompileArkTS is not up-to-date, since the input file 'D:\files_for_huaweidevelop\FaceCheck\camera-preview-minimal\entry\build\default\intermediates\loader\default' has been changed.
[2026-06-06T12:51:56.791] [DEBUG] debug-file - Incremental task entry:default@CompileArkTS pre-execution cost: 4 ms .
[2026-06-06T12:51:56.800] [DEBUG] debug-file - build config:
[2026-06-06T12:51:56.800] [DEBUG] debug-file - {
  moduleType: 'entry',
  perf: 0,
  targetName: '.default',
  packageManagerType: 'ohpm',
  localPropertiesPath: 'D:\\files_for_huaweidevelop\\FaceCheck\\camera-preview-minimal\\local.properties',
  isPreview: false,
  isOhosTest: false,
  isLocalTest: false,
  buildMode: 'Debug',
  hotReloadBuild: undefined,
  watchMode: 'false',
  aceProfilePath: 'D:\\files_for_huaweidevelop\\FaceCheck\\camera-preview-minimal\\entry\\build\\default\\intermediates\\res\\default\\resources\\base\\profile',
  etsLoaderPath: 'D:\\DevEco Studio\\sdk\\default\\openharmony\\ets\\build-tools\\ets-loader',
  modulePath: 'D:\\files_for_huaweidevelop\\FaceCheck\\camera-preview-minimal\\entry',
  testFrameworkPar: {
    testMode: undefined,
    coveragePathFilter: undefined,
    coverageMode: undefined
  },
  needCoverageInsert: false,
  debugLine: false,
  projectTopDir: 'D:\\files_for_huaweidevelop\\FaceCheck\\camera-preview-minimal',
  compileSdkVersion: 22,
  compatibleSdkVersion: 22,
  originCompatibleSdkVersion: '6.0.2(22)',
  compatibleSdkVersionStage: undefined,
  bundleName: 'c***n',
  etsLoaderVersion: '6.0.2.130',
  etsLoaderReleaseType: 'Release',
  aotCompileMode: 'type',
  apPath: 'D:\\files_for_huaweidevelop\\FaceCheck\\camera-preview-minimal\\entry\\modules.ap',
  entryModuleName: 'entry',
  entryModuleVersion: '1.0.0',
  entryPackageName: 'entry',
  allModuleNameHash: '18ee91e67eb32e137e924ee7a48a53f8b0a93bb43eff5885ad0ab42f35f94670',
  externalApiPaths: [ 'D:\\DevEco Studio\\sdk\\default\\hms\\ets' ],
  compilerTypes: [],
  isCrossplatform: false,
  hvigorPluginFile: undefined,
  compilePluginPath: undefined,
  buildGeneratedProfilePath: 'D:\\files_for_huaweidevelop\\FaceCheck\\camera-preview-minimal\\entry\\build\\default\\generated\\profile\\default',
  bundleType: 'app',
  arkTSVersion: undefined,
  apiVersion: 22,
  needCompleteSourcesMap: false,
  isFaMode: false,
  buildDir: 'D:\\files_for_huaweidevelop\\FaceCheck\\camera-preview-minimal\\entry\\build',
  deviceTypes: [ 'phone', 'tablet' ],
  pkgContextInfo: {
    '@ohos/hypium': {
      packageName: '@ohos/hypium',
      bundleName: '*****',
      moduleName: '',
      version: '1.0.25',
      entryPath: 'index.js',
      isSO: false,
      dependencyAlias: ''
    },
    '@ohos/hamock': {
      packageName: '@ohos/hamock',
      bundleName: '*****',
      moduleName: '',
      version: '1.0.0',
      entryPath: 'index.ets',
      isSO: false,
      dependencyAlias: ''
    },
    entry: {
      packageName: 'entry',
      bundleName: '*****',
      moduleName: '',
      version: '',
      entryPath: 'src/main/',
      isSO: false,
      dependencyAlias: ''
    }
  },
  ohPackagePathMap: {},
  dependencyAliasMap: {},
  permission: { requestPermissions: [ [Object] ], definePermissions: undefined },
  useGetCurrentBundleName: false,
  projectArkOption: undefined,
  sourceMapDir: undefined,
  branchElimination: false,
  transformLib: undefined,
  tsImportSendable: false,
  resolveConflictMode: true,
  depName2RootPath: {},
  depName2DepInfo: {},
  rootPathSet: [ 'D:\\files_for_huaweidevelop\\FaceCheck\\camera-preview-minimal' ],
  useNativeResolver: true,
  shouldEmitJs: true,
  useTscResolve: false,
  singleFileEmit: false,
  userProjectConfig: {
    autoLazyImport: false,
    allowEmptyBundleName: false,
    reExportCheckMode: 'noCheck',
    executionMode: 'memory',
    usePathPlaceholder: false,
    writeRollupCache: true,
    isExpandImportEnabled: false,
    expandImportExclude: '',
    lazyImportExclude: '',
    lazyImportInclude: '',
    ignoreCrossplatformCheck: false,
    isHarDeduplicateEnabled: false,
    skipOhModulesLint: false,
    enableStrictCheckOHModule: false,
    disableSendableCheckRules: [],
    useDeclarationFileSignature: false,
    customizedOptions: undefined,
    integratedHsp: false,
    isPreloadSoEnabled: false
  },
  executionMode: 'memory',
  arkCompileCachePath: 'D:\\files_for_huaweidevelop\\FaceCheck\\camera-preview-minimal\\entry\\build\\default\\cache\\default\\default@CompileArkTS\\esmodule',
  autoLazyFilter: undefined,
  isHarDeduplicateEnabled: false,
  intermediateHarDuplicateDirPath: 'D:\\files_for_huaweidevelop\\FaceCheck\\camera-preview-minimal\\entry\\build\\default\\intermediates\\har_duplicate\\default',
  autoLazyImport: false,
  allowEmptyBundleName: false,
  reExportCheckMode: 'noCheck',
  usePathPlaceholder: false,
  writeRollupCache: true,
  isExpandImportEnabled: false,
  expandImportExclude: '',
  lazyImportExclude: '',
  lazyImportInclude: '',
  ignoreCrossplatformCheck: false,
  skipOhModulesLint: false,
  enableStrictCheckOHModule: false,
  disableSendableCheckRules: [],
  useDeclarationFileSignature: false,
  customizedOptions: undefined,
  integratedHsp: false,
  isPreloadSoEnabled: false,
  strictMode: {
    caseSensitiveCheck: true,
    useNormalizedOHMUrl: true,
    noExternalImportByPath: true
  },
  useNormalizedOHMUrl: true,
  caseSensitiveCheck: true,
  aceModuleJsonPath: 'D:\\files_for_huaweidevelop\\FaceCheck\\camera-preview-minimal\\entry\\build\\default\\intermediates\\res\\default\\ark_module.json',
  appResource: 'D:\\files_for_huaweidevelop\\FaceCheck\\camera-preview-minimal\\entry\\build\\default\\intermediates\\res\\default\\ResourceTable.txt',
  rawFileResource: 'D:\\files_for_huaweidevelop\\FaceCheck\\camera-preview-minimal\\entry\\build\\default\\intermediates\\res\\default\\resources\\rawfile',
  resourceTableHash: 'f64a437b8e40f6ffeb1e500beb89d221770e69f3dce109977b102f45a561d3b6',
  runtimeOS: 'HarmonyOS',
  sdkInfo: 'false:22:6.0.2.130:Release',
  aceModuleRoot: 'D:\\files_for_huaweidevelop\\FaceCheck\\camera-preview-minimal\\entry\\src\\main\\ets',
  compileMode: 'esmodule',
  aceSuperVisualPath: 'D:\\files_for_huaweidevelop\\FaceCheck\\camera-preview-minimal\\entry\\src\\main\\supervisual',
  aceBuildJson: 'D:\\files_for_huaweidevelop\\FaceCheck\\camera-preview-minimal\\entry\\build\\default\\intermediates\\loader\\default\\loader.json',
  cachePath: 'D:\\files_for_huaweidevelop\\FaceCheck\\camera-preview-minimal\\entry\\build\\default\\cache\\default\\default@CompileArkTS\\esmodule\\debug',
  aceModuleBuild: 'D:\\files_for_huaweidevelop\\FaceCheck\\camera-preview-minimal\\entry\\build\\default\\intermediates\\loader_out\\default\\ets',
  supportChunks: true,
  declaredFilesPath: undefined,
  shouldCollectDirectImportees: false,
  isByteCodeHarOptimize: false,
  expandImportPath: undefined,
  pkgNameToPkgBriefInfo: {
    entry: {
      pkgRoot: 'D:\\files_for_huaweidevelop\\FaceCheck\\camera-preview-minimal\\entry',
      originalSourceRoots: undefined,
      sourceRoots: [Array],
      pkgName: 'entry'
    }
  },
  projectModel: {
    'D:\\files_for_huaweidevelop\\FaceCheck\\camera-preview-minimal\\entry\\src\\main': {
      moduleName: 'entry',
      modulePkgPath: 'D:\\files_for_huaweidevelop\\FaceCheck\\camera-preview-minimal\\entry',
      belongProjectPath: 'D:\\files_for_huaweidevelop\\FaceCheck\\camera-preview-minimal'
    },
    'D:\\files_for_huaweidevelop\\FaceCheck\\camera-preview-minimal\\entry': {
      moduleName: 'entry',
      modulePkgPath: 'D:\\files_for_huaweidevelop\\FaceCheck\\camera-preview-minimal\\entry',
      belongProjectPath: 'D:\\files_for_huaweidevelop\\FaceCheck\\camera-preview-minimal'
    },
    'D:\\files_for_huaweidevelop\\FaceCheck\\camera-preview-minimal': {
      moduleName: 'camera-preview-minimal',
      modulePkgPath: 'D:\\files_for_huaweidevelop\\FaceCheck\\camera-preview-minimal',
      belongProjectPath: 'D:\\files_for_huaweidevelop\\FaceCheck\\camera-preview-minimal'
    }
  },
  pkgJsonFileHash: '441d5fb9425d899bb86c2aae0376406b9303b6bc97b7c6bd19cab2ba79e65e90',
  allModulePaths: [
    'D:\\files_for_huaweidevelop\\FaceCheck\\camera-preview-minimal\\entry'
  ],
  routerMap: {},
  obfuscationOptions: undefined,
  byteCodeHarToDependencyKeys: undefined,
  compileBlockPkg: [],
  mockParams: {
    decorator: '@MockSetup',
    packageName: '@ohos/hamock',
    etsSourceRootPath: 'src/main/ets',
    mockConfigPath: undefined,
    mockConfigKey2ModuleInfo: {},
    source2ModuleIdMap: {}
  },
  copyCodeResourceEnable: false,
  copyCodeResourceExcludes: [],
  copyCodeResourceIncludes: undefined,
  uiTransformOptimization: false,
  sdkPath: 'D:/DevEco Studio/sdk',
  needPreloadSoFileSet: {},
  preloadSoFilePath: 'D:\\files_for_huaweidevelop\\FaceCheck\\camera-preview-minimal\\entry\\build\\default\\intermediates\\preload\\default\\preload.json',
  useSourceHash: false,
  localModuleParamMap: {},
  otherPaths: {
    'entry/*': [
      '..\\*',
      '..\\..\\..\\build\\default\\generated\\profile\\default\\*'
    ]
  },
  collectImportersConfig: undefined
}
[2026-06-06T12:51:56.800] [DEBUG] debug-file - Compile arkts with external api path: D:\DevEco Studio\sdk\default\hms\ets
[2026-06-06T12:51:56.801] [DEBUG] debug-file - default@CompileArkTS work[3] is submitted.
[2026-06-06T12:51:56.801] [DEBUG] debug-file - default@CompileArkTS work[3] is pushed to ready queue.
[2026-06-06T12:51:56.801] [DEBUG] debug-file - A work dispatched to worker[31] failed because unable to get work from ready queue.
[2026-06-06T12:51:56.801] [DEBUG] debug-file - A work dispatched to worker[30] failed because unable to get work from ready queue.
[2026-06-06T12:51:56.801] [DEBUG] debug-file - A work dispatched to worker[29] failed because unable to get work from ready queue.
[2026-06-06T12:51:56.801] [DEBUG] debug-file - A work dispatched to worker[28] failed because unable to get work from ready queue.
[2026-06-06T12:51:56.801] [DEBUG] debug-file - A work dispatched to worker[27] failed because unable to get work from ready queue.
[2026-06-06T12:51:56.801] [DEBUG] debug-file - A work dispatched to worker[26] failed because unable to get work from ready queue.
[2026-06-06T12:51:56.801] [DEBUG] debug-file - A work dispatched to worker[25] failed because unable to get work from ready queue.
[2026-06-06T12:51:56.801] [DEBUG] debug-file - A work dispatched to worker[24] failed because unable to get work from ready queue.
[2026-06-06T12:51:56.801] [DEBUG] debug-file - A work dispatched to worker[23] failed because unable to get work from ready queue.
[2026-06-06T12:51:56.801] [DEBUG] debug-file - A work dispatched to worker[22] failed because unable to get work from ready queue.
[2026-06-06T12:51:56.801] [DEBUG] debug-file - A work dispatched to worker[21] failed because unable to get work from ready queue.
[2026-06-06T12:51:56.801] [DEBUG] debug-file - A work dispatched to worker[20] failed because unable to get work from ready queue.
[2026-06-06T12:51:56.802] [DEBUG] debug-file - A work dispatched to worker[19] failed because unable to get work from ready queue.
[2026-06-06T12:51:56.802] [DEBUG] debug-file - A work dispatched to worker[18] failed because unable to get work from ready queue.
[2026-06-06T12:51:56.802] [DEBUG] debug-file - A work dispatched to worker[17] failed because unable to get work from ready queue.
[2026-06-06T12:51:56.802] [DEBUG] debug-file - A work dispatched to worker[16] failed because unable to get work from ready queue.
[2026-06-06T12:51:56.802] [DEBUG] debug-file - A work dispatched to worker[15] failed because unable to get work from ready queue.
[2026-06-06T12:51:56.802] [DEBUG] debug-file - A work dispatched to worker[14] failed because unable to get work from ready queue.
[2026-06-06T12:51:56.802] [DEBUG] debug-file - A work dispatched to worker[13] failed because unable to get work from ready queue.
[2026-06-06T12:51:56.802] [DEBUG] debug-file - A work dispatched to worker[12] failed because unable to get work from ready queue.
[2026-06-06T12:51:56.802] [DEBUG] debug-file - A work dispatched to worker[11] failed because unable to get work from ready queue.
[2026-06-06T12:51:56.802] [DEBUG] debug-file - A work dispatched to worker[10] failed because unable to get work from ready queue.
[2026-06-06T12:51:56.802] [DEBUG] debug-file - A work dispatched to worker[9] failed because unable to get work from ready queue.
[2026-06-06T12:51:56.802] [DEBUG] debug-file - A work dispatched to worker[8] failed because unable to get work from ready queue.
[2026-06-06T12:51:56.802] [DEBUG] debug-file - A work dispatched to worker[7] failed because unable to get work from ready queue.
[2026-06-06T12:51:56.802] [DEBUG] debug-file - A work dispatched to worker[6] failed because unable to get work from ready queue.
[2026-06-06T12:51:56.802] [DEBUG] debug-file - A work dispatched to worker[5] failed because unable to get work from ready queue.
[2026-06-06T12:51:56.802] [DEBUG] debug-file - default@CompileArkTS work[3] has been dispatched to worker[4].
[2026-06-06T12:51:56.802] [DEBUG] debug-file - default@CompileArkTS work[3] is dispatched.
[2026-06-06T12:51:56.802] [DEBUG] debug-file - entry : default@CompileArkTS cost memory -0.39546966552734375
[2026-06-06T12:51:56.803] [DEBUG] debug-file - Executing task :entry:default@BuildJS
[2026-06-06T12:51:56.804] [DEBUG] debug-file - Task 'entry:default@BuildJS' cost while wrapping incremental declarations: 1 ms 
[2026-06-06T12:51:56.807] [DEBUG] debug-file - entry : default@BuildJS cost memory 0.16436004638671875
[2026-06-06T12:51:56.807] [DEBUG] debug-file - runTaskFromQueue task cost before running: 228 ms 
[2026-06-06T12:51:56.807] [INFO] debug-file - Finished :entry:default@BuildJS... after 4 ms 
[2026-06-06T12:51:56.808] [DEBUG] debug-file - Executing task :entry:default@CacheNativeLibs
[2026-06-06T12:51:56.808] [DEBUG] debug-file - Task 'entry:default@CacheNativeLibs' cost while wrapping incremental declarations: 1 ms 
[2026-06-06T12:51:56.810] [DEBUG] debug-file - Incremental task entry:default@CacheNativeLibs pre-execution cost: 2 ms .
[2026-06-06T12:51:56.810] [DEBUG] debug-file - entry : default@CacheNativeLibs cost memory 0.0970458984375
[2026-06-06T12:51:56.810] [INFO] debug-file - UP-TO-DATE :entry:default@CacheNativeLibs...  
[2026-06-06T12:51:57.145] [WARN] debug-file - [33mWARN: [33m[33mArkTS:WARN File: D:/files_for_huaweidevelop/FaceCheck/camera-preview-minimal/entry/src/main/ets/pages/Index.ets:89:21
 'getContext' has been deprecated.
[39m[39m

[2026-06-06T12:51:57.145] [DEBUG] debug-file - Ark compile task finished.finished time is 8547831980200
[2026-06-06T12:51:57.145] [DEBUG] debug-file - worker[4] has one work done.
[2026-06-06T12:51:57.146] [DEBUG] debug-file - default@CompileArkTS work[3] done.
[2026-06-06T12:51:57.148] [INFO] debug-file - Finished :entry:default@CompileArkTS... after 360 ms 
[2026-06-06T12:51:57.149] [DEBUG] debug-file - Executing task :entry:default@GeneratePkgModuleJson
[2026-06-06T12:51:57.149] [DEBUG] debug-file - File: 'D:\files_for_huaweidevelop\FaceCheck\camera-preview-minimal\entry\build\default\intermediates\preload\default\preload.json' from 'preloadSoJsonPath' is not exists, just ignore.
[2026-06-06T12:51:57.149] [DEBUG] debug-file - Error occurs while handling @Input 'shouldDeduplicateHar': The "data" argument must be of type string or an instance of Buffer, TypedArray, or DataView. Received undefined
[2026-06-06T12:51:57.149] [DEBUG] debug-file - Task 'entry:default@GeneratePkgModuleJson' cost while wrapping incremental declarations: 1 ms 
[2026-06-06T12:51:57.150] [DEBUG] debug-file - Incremental task entry:default@GeneratePkgModuleJson pre-execution cost: 1 ms .
[2026-06-06T12:51:57.150] [DEBUG] debug-file - entry : default@GeneratePkgModuleJson cost memory 0.1042633056640625
[2026-06-06T12:51:57.150] [INFO] debug-file - UP-TO-DATE :entry:default@GeneratePkgModuleJson...  
[2026-06-06T12:51:57.151] [DEBUG] debug-file - Executing task :entry:default@ProcessCompiledResources
[2026-06-06T12:51:57.151] [DEBUG] debug-file - File: 'D:\files_for_huaweidevelop\FaceCheck\camera-preview-minimal\entry\build\default\intermediates\preload\default\preload.json' from 'preloadSoJsonPath' is not exists, just ignore.
[2026-06-06T12:51:57.151] [DEBUG] debug-file - Task 'entry:default@ProcessCompiledResources' cost while wrapping incremental declarations: 1 ms 
[2026-06-06T12:51:57.152] [DEBUG] debug-file - entry : default@ProcessCompiledResources cost memory -1.6601028442382812
[2026-06-06T12:51:57.152] [DEBUG] debug-file - runTaskFromQueue task cost before running: 573 ms 
[2026-06-06T12:51:57.152] [INFO] debug-file - Finished :entry:default@ProcessCompiledResources... after 2 ms 
[2026-06-06T12:51:57.154] [DEBUG] debug-file - Executing task :entry:default@PackageHap
[2026-06-06T12:51:57.160] [DEBUG] debug-file - entry:default@PackageHap is not up-to-date, since the input file 'D:\files_for_huaweidevelop\FaceCheck\camera-preview-minimal\entry\build\default\intermediates\loader_out\default\ets' has been changed.
[2026-06-06T12:51:57.160] [DEBUG] debug-file - Incremental task entry:default@PackageHap pre-execution cost: 6 ms .
[2026-06-06T12:51:57.160] [DEBUG] debug-file - Use tool [D:\DevEco Studio\sdk\default\openharmony\toolchains\lib\app_packing_tool.jar]
 [
  'java',
  '-Dfile.encoding=GBK',
  '-jar',
  'D:\\DevEco Studio\\sdk\\default\\openharmony\\toolchains\\lib\\app_packing_tool.jar',
  '--mode',
  'hap',
  '--force',
  'true',
  '--lib-path',
  'D:\\files_for_huaweidevelop\\FaceCheck\\camera-preview-minimal\\entry\\build\\default\\intermediates\\stripped_native_libs\\default',
  '--json-path',
  'D:\\files_for_huaweidevelop\\FaceCheck\\camera-preview-minimal\\entry\\build\\default\\intermediates\\package\\default\\module.json',
  '--resources-path',
  'D:\\files_for_huaweidevelop\\FaceCheck\\camera-preview-minimal\\entry\\build\\default\\intermediates\\res\\default\\resources',
  '--index-path',
  'D:\\files_for_huaweidevelop\\FaceCheck\\camera-preview-minimal\\entry\\build\\default\\intermediates\\res\\default\\resources.index',
  '--pack-info-path',
  'D:\\files_for_huaweidevelop\\FaceCheck\\camera-preview-minimal\\entry\\build\\default\\outputs\\default\\pack.info',
  '--out-path',
  'D:\\files_for_huaweidevelop\\FaceCheck\\camera-preview-minimal\\entry\\build\\default\\outputs\\default\\entry-default-unsigned.hap',
  '--ets-path',
  'D:\\files_for_huaweidevelop\\FaceCheck\\camera-preview-minimal\\entry\\build\\default\\intermediates\\loader_out\\default\\ets',
  '--pkg-context-path',
  'D:\\files_for_huaweidevelop\\FaceCheck\\camera-preview-minimal\\entry\\build\\default\\intermediates\\loader\\default\\pkgContextInfo.json'
]
[2026-06-06T12:51:57.162] [DEBUG] debug-file - java daemon socket close code:1006 reason:
[2026-06-06T12:51:57.163] [DEBUG] debug-file - java daemon remote pack failed: connect ECONNREFUSED 127.0.0.1:45050. fallback to local java -jar pack
[2026-06-06T12:51:57.163] [DEBUG] debug-file - default@PackageHap work[4] is submitted.
[2026-06-06T12:51:57.163] [DEBUG] debug-file - default@PackageHap work[4] is pushed to ready queue.
[2026-06-06T12:51:57.163] [DEBUG] debug-file - A work dispatched to worker[31] failed because unable to get work from ready queue.
[2026-06-06T12:51:57.163] [DEBUG] debug-file - Create  resident worker with id: 30.
[2026-06-06T12:51:57.164] [DEBUG] debug-file - default@PackageHap work[4] has been dispatched to worker[30].
[2026-06-06T12:51:57.165] [DEBUG] debug-file - default@PackageHap work[4] is dispatched.
[2026-06-06T12:51:57.167] [DEBUG] debug-file - entry : default@PackageHap cost memory 0.7119827270507812
[2026-06-06T12:51:58.257] [DEBUG] debug-file - current process  memoryUsage: {
  rss: 561348608,
  heapTotal: 80773120,
  heapUsed: 48587936,
  external: 2300355,
  arrayBuffers: 58678
} os memoryUsage :12.622718811035156
[2026-06-06T12:51:58.715] [WARN] debug-file - WARNING: A terminally deprecated method in sun.misc.Unsafe has been called
WARNING: sun.misc.Unsafe::arrayBaseOffset has been called by com.alibaba.fastjson2.util.JDKUtils (file:/D:/DevEco%20Studio/sdk/default/openharmony/toolchains/lib/app_packing_tool.jar)
WARNING: Please consider reporting this to the maintainers of class com.alibaba.fastjson2.util.JDKUtils
WARNING: sun.misc.Unsafe::arrayBaseOffset will be removed in a future release

[2026-06-06T12:51:58.715] [DEBUG] debug-file - worker[30] has one work done.
[2026-06-06T12:51:58.715] [DEBUG] debug-file - default@PackageHap work[4] done.
[2026-06-06T12:51:58.715] [DEBUG] debug-file - A work dispatched to worker[30] failed because unable to get work from ready queue.
[2026-06-06T12:51:58.716] [INFO] debug-file - Finished :entry:default@PackageHap... after 474 ms 
[2026-06-06T12:51:58.717] [DEBUG] debug-file - Executing task :entry:default@PackingCheck
[2026-06-06T12:51:58.720] [DEBUG] debug-file - entry : default@PackingCheck cost memory 0.2750244140625
[2026-06-06T12:51:58.720] [DEBUG] debug-file - runTaskFromQueue task cost before running: 2 s 141 ms 
[2026-06-06T12:51:58.720] [INFO] debug-file - Finished :entry:default@PackingCheck... after 3 ms 
[2026-06-06T12:51:58.721] [DEBUG] debug-file - Executing task :entry:default@SignHap
[2026-06-06T12:51:58.725] [DEBUG] debug-file - entry:default@SignHap is not up-to-date, since the input file 'D:\files_for_huaweidevelop\FaceCheck\camera-preview-minimal\entry\build\default\outputs\default\entry-default-unsigned.hap' has been changed.
[2026-06-06T12:51:58.725] [DEBUG] debug-file - Incremental task entry:default@SignHap pre-execution cost: 3 ms .
[2026-06-06T12:51:58.741] [DEBUG] debug-file - java daemon socket close code:1006 reason:
[2026-06-06T12:51:58.741] [DEBUG] debug-file - java daemon remote sign failed 1006 fallback to local java -jar sign
[2026-06-06T12:51:58.754] [DEBUG] debug-file - current process  memoryUsage: {
  rss: 559497216,
  heapTotal: 131883008,
  heapUsed: 123676344,
  external: 3236335,
  arrayBuffers: 208714
} os memoryUsage :12.583702087402344
[2026-06-06T12:51:59.298] [DEBUG] debug-file - 06-06 12:51:59.298  INFO - Start verify-profile

[2026-06-06T12:51:59.576] [DEBUG] debug-file - 06-06 12:51:59.576  INFO - verify-profile success

[2026-06-06T12:51:59.617] [DEBUG] debug-file - current process  memoryUsage: {
  rss: 559583232,
  heapTotal: 131883008,
  heapUsed: 123954072,
  external: 3236635,
  arrayBuffers: 208158
} os memoryUsage :12.588909149169922
[2026-06-06T12:52:00.135] [DEBUG] debug-file - 06-06 12:52:00.135  INFO - Start sign-app

[2026-06-06T12:52:00.370] [DEBUG] debug-file - 06-06 12:52:00.371  INFO - certificate in profile: 戴奇威(1966093224086927489)\,Development

[2026-06-06T12:52:00.404] [DEBUG] debug-file - 06-06 12:52:00.404  INFO - Start to sign code.

[2026-06-06T12:52:00.410] [DEBUG] debug-file - 06-06 12:52:00.411  INFO - profile type is: debug

[2026-06-06T12:52:00.426] [DEBUG] debug-file - 06-06 12:52:00.427  INFO - C:\Users\white\.ohos\config\default_FaceCheck_XIP5AEtjoMg_LHh2fT2SHXaqBQOeOLbhsmuA_gUfwkM=.p12 is exist. Try to load it with given passwd

[2026-06-06T12:52:00.571] [DEBUG] debug-file - 06-06 12:52:00.572  INFO - Create a sign info successfully.

[2026-06-06T12:52:00.583] [DEBUG] debug-file - 06-06 12:52:00.584  INFO - Create a sign info successfully.

[2026-06-06T12:52:00.588] [DEBUG] debug-file - 06-06 12:52:00.588  INFO - No native libs.

[2026-06-06T12:52:00.590] [DEBUG] debug-file - 06-06 12:52:00.591  INFO - Sign successfully.

[2026-06-06T12:52:00.597] [DEBUG] debug-file - 06-06 12:52:00.597  INFO - Add sign data in sign info list success.

[2026-06-06T12:52:00.600] [DEBUG] debug-file - 06-06 12:52:00.600  INFO - Generate signing block success, begin write it to output file

[2026-06-06T12:52:00.602] [DEBUG] debug-file - 06-06 12:52:00.602  INFO - Sign Hap success!

[2026-06-06T12:52:00.602] [DEBUG] debug-file - 06-06 12:52:00.602  INFO - sign-app success

[2026-06-06T12:52:00.640] [DEBUG] debug-file - entry : default@SignHap cost memory -0.48479461669921875
[2026-06-06T12:52:00.640] [DEBUG] debug-file - runTaskFromQueue task cost before running: 4 s 61 ms 
[2026-06-06T12:52:00.641] [INFO] debug-file - Finished :entry:default@SignHap... after 1 s 919 ms 
[2026-06-06T12:52:00.642] [DEBUG] debug-file - Executing task :entry:default@CollectDebugSymbol
[2026-06-06T12:52:00.643] [DEBUG] debug-file - entry : default@CollectDebugSymbol cost memory 0.0959625244140625
[2026-06-06T12:52:00.643] [DEBUG] debug-file - runTaskFromQueue task cost before running: 4 s 64 ms 
[2026-06-06T12:52:00.644] [INFO] debug-file - Finished :entry:default@CollectDebugSymbol... after 2 ms 
[2026-06-06T12:52:00.644] [DEBUG] debug-file - Executing task :entry:assembleHap
[2026-06-06T12:52:00.644] [DEBUG] debug-file - entry : assembleHap cost memory 0.012725830078125
[2026-06-06T12:52:00.644] [DEBUG] debug-file - runTaskFromQueue task cost before running: 4 s 65 ms 
[2026-06-06T12:52:00.645] [INFO] debug-file - Finished :entry:assembleHap... after 1 ms 
[2026-06-06T12:52:00.657] [INFO] debug-file - BUILD SUCCESSFUL in 4 s 78 ms 
[2026-06-06T12:52:00.658] [DEBUG] debug-file - Update task entry:default@PreBuild input file:D:\files_for_huaweidevelop\FaceCheck\camera-preview-minimal\AppScope\app.json5 cache by regenerate.
[2026-06-06T12:52:00.659] [DEBUG] debug-file - Update task entry:default@PreBuild input file:D:\files_for_huaweidevelop\FaceCheck\camera-preview-minimal\entry\src\main\module.json5 cache by regenerate.
[2026-06-06T12:52:00.659] [DEBUG] debug-file - Update task entry:default@PreBuild input file:D:\files_for_huaweidevelop\FaceCheck\camera-preview-minimal\build-profile.json5 cache by regenerate.
[2026-06-06T12:52:00.659] [DEBUG] debug-file - Update task entry:default@PreBuild input file:D:\files_for_huaweidevelop\FaceCheck\camera-preview-minimal\entry\build-profile.json5 cache by regenerate.
[2026-06-06T12:52:00.660] [DEBUG] debug-file - Update task entry:default@PreBuild input file:D:\files_for_huaweidevelop\FaceCheck\camera-preview-minimal\entry\src\main\resources\base\profile\main_pages.json cache by regenerate.
[2026-06-06T12:52:00.660] [DEBUG] debug-file - Update task entry:default@PreBuild input file:D:\files_for_huaweidevelop\FaceCheck\camera-preview-minimal\hvigor\hvigor-config.json5 cache by regenerate.
[2026-06-06T12:52:00.660] [DEBUG] debug-file - Update task entry:default@PreBuild input file:D:\files_for_huaweidevelop\FaceCheck\camera-preview-minimal\entry\oh-package.json5 cache by regenerate.
[2026-06-06T12:52:00.661] [DEBUG] debug-file - Update task entry:default@PreBuild input file:D:\files_for_huaweidevelop\FaceCheck\camera-preview-minimal\oh-package.json5 cache by regenerate.
[2026-06-06T12:52:00.661] [DEBUG] debug-file - Incremental task entry:default@PreBuild post-execution cost:4 ms .
[2026-06-06T12:52:00.661] [DEBUG] debug-file - Update task entry:default@CreateModuleInfo output file:D:\files_for_huaweidevelop\FaceCheck\camera-preview-minimal\entry\build\default\generated\profile\default\ModuleInfo.ts cache.
[2026-06-06T12:52:00.661] [DEBUG] debug-file - Incremental task entry:default@CreateModuleInfo post-execution cost:1 ms .
[2026-06-06T12:52:00.661] [DEBUG] debug-file - There is no need to refresh cache, since the incremental task entry:default@GenerateMetadata is up-to-date.
[2026-06-06T12:52:00.661] [DEBUG] debug-file - There is no need to refresh cache, since the incremental task entry:default@MergeProfile is up-to-date.
[2026-06-06T12:52:00.661] [DEBUG] debug-file - There is no need to refresh cache, since the incremental task entry:default@CreateBuildProfile is up-to-date.
[2026-06-06T12:52:00.661] [DEBUG] debug-file - There is no need to refresh cache, since the incremental task entry:default@GeneratePkgContextInfo is up-to-date.
[2026-06-06T12:52:00.661] [DEBUG] debug-file - Update task entry:default@ProcessIntegratedHsp output file:D:\files_for_huaweidevelop\FaceCheck\camera-preview-minimal\build\cache\default\integrated_hsp\integratedHspCache.json cache.
[2026-06-06T12:52:00.662] [DEBUG] debug-file - Incremental task entry:default@ProcessIntegratedHsp post-execution cost:1 ms .
[2026-06-06T12:52:00.662] [DEBUG] debug-file - There is no need to refresh cache, since the incremental task entry:default@MakePackInfo is up-to-date.
[2026-06-06T12:52:00.662] [DEBUG] debug-file - Update task entry:default@SyscapTransform input file:D:\DevEco Studio\sdk\default\openharmony\toolchains\syscap_tool.exe cache by regenerate.
[2026-06-06T12:52:00.662] [DEBUG] debug-file - Update task entry:default@SyscapTransform input file:D:\DevEco Studio\sdk\default\openharmony\ets\api\device-define cache by regenerate.
[2026-06-06T12:52:00.663] [DEBUG] debug-file - Update task entry:default@SyscapTransform output file:D:\files_for_huaweidevelop\FaceCheck\camera-preview-minimal\entry\build\default\intermediates\syscap\default\rpcid.sc cache.
[2026-06-06T12:52:00.664] [DEBUG] debug-file - Incremental task entry:default@SyscapTransform post-execution cost:2 ms .
[2026-06-06T12:52:00.664] [DEBUG] debug-file - There is no need to refresh cache, since the incremental task entry:default@ProcessProfile is up-to-date.
[2026-06-06T12:52:00.664] [DEBUG] debug-file - There is no need to refresh cache, since the incremental task entry:default@ProcessRouterMap is up-to-date.
[2026-06-06T12:52:00.664] [DEBUG] debug-file - There is no need to refresh cache, since the incremental task entry:default@ProcessShareConfig is up-to-date.
[2026-06-06T12:52:00.664] [DEBUG] debug-file - Update task entry:default@ProcessStartupConfig input file:D:\files_for_huaweidevelop\FaceCheck\camera-preview-minimal\entry\build\default\intermediates\loader\default\pkgContextInfo.json cache by regenerate.
[2026-06-06T12:52:00.665] [DEBUG] debug-file - Update task entry:default@ProcessStartupConfig output file:D:\files_for_huaweidevelop\FaceCheck\camera-preview-minimal\entry\build\default\intermediates\startup\default\startup_config.json cache.
[2026-06-06T12:52:00.665] [DEBUG] debug-file - Incremental task entry:default@ProcessStartupConfig post-execution cost:2 ms .
[2026-06-06T12:52:00.665] [DEBUG] debug-file - There is no need to refresh cache, since the incremental task entry:default@ProcessResource is up-to-date.
[2026-06-06T12:52:00.666] [DEBUG] debug-file - Update task entry:default@GenerateLoaderJson input file:D:\files_for_huaweidevelop\FaceCheck\camera-preview-minimal\entry\build\default\intermediates\loader\default\pkgContextInfo.json cache by regenerate.
[2026-06-06T12:52:00.666] [DEBUG] debug-file - Update task entry:default@GenerateLoaderJson input file:D:\files_for_huaweidevelop\FaceCheck\camera-preview-minimal\entry\build\default\intermediates\router_map\default\temp-router-map.json cache by regenerate.
[2026-06-06T12:52:00.667] [DEBUG] debug-file - Update task entry:default@GenerateLoaderJson output file:D:\files_for_huaweidevelop\FaceCheck\camera-preview-minimal\entry\build\default\intermediates\loader\default\loader.json cache.
[2026-06-06T12:52:00.667] [DEBUG] debug-file - Incremental task entry:default@GenerateLoaderJson post-execution cost:2 ms .
[2026-06-06T12:52:00.667] [DEBUG] debug-file - There is no need to refresh cache, since the incremental task entry:default@ProcessLibs is up-to-date.
[2026-06-06T12:52:00.667] [DEBUG] debug-file - There is no need to refresh cache, since the incremental task entry:default@CompileResource is up-to-date.
[2026-06-06T12:52:00.667] [DEBUG] debug-file - There is no need to refresh cache, since the incremental task entry:default@DoNativeStrip is up-to-date.
[2026-06-06T12:52:00.668] [DEBUG] debug-file - Update task entry:default@CompileArkTS input file:D:\files_for_huaweidevelop\FaceCheck\camera-preview-minimal\entry\build\default\intermediates\loader\default cache from map.
[2026-06-06T12:52:00.668] [DEBUG] debug-file - Update task entry:default@CompileArkTS input file:D:\files_for_huaweidevelop\FaceCheck\camera-preview-minimal\entry\build\default\intermediates\res\default\ResourceTable.txt cache by regenerate.
[2026-06-06T12:52:00.669] [DEBUG] debug-file - Update task entry:default@CompileArkTS input file:D:\files_for_huaweidevelop\FaceCheck\camera-preview-minimal\entry\build\default\intermediates\res\default\ark_module.json cache by regenerate.
[2026-06-06T12:52:00.669] [DEBUG] debug-file - Update task entry:default@CompileArkTS input file:D:\files_for_huaweidevelop\FaceCheck\camera-preview-minimal\entry\build\default\intermediates\res\default\resources\base\profile cache by regenerate.
[2026-06-06T12:52:00.670] [DEBUG] debug-file - Update task entry:default@CompileArkTS input file:D:\files_for_huaweidevelop\FaceCheck\camera-preview-minimal\entry\src\main\ets cache by regenerate.
[2026-06-06T12:52:00.671] [DEBUG] debug-file - Update task entry:default@CompileArkTS input file:D:\files_for_huaweidevelop\FaceCheck\camera-preview-minimal\entry\build\default\intermediates\loader\default\pkgContextInfo.json cache by regenerate.
[2026-06-06T12:52:00.671] [DEBUG] debug-file - Update task entry:default@CompileArkTS input file:D:\files_for_huaweidevelop\FaceCheck\camera-preview-minimal\entry\build\default\generated\profile\default\BuildProfile.ets cache by regenerate.
[2026-06-06T12:52:00.671] [DEBUG] debug-file - Update task entry:default@CompileArkTS output file:D:\files_for_huaweidevelop\FaceCheck\camera-preview-minimal\entry\build\default\intermediates\loader_out\default\ets cache.
[2026-06-06T12:52:00.672] [DEBUG] debug-file - Incremental task entry:default@CompileArkTS post-execution cost:5 ms .
[2026-06-06T12:52:00.673] [DEBUG] debug-file - Update task entry:default@BuildJS input file:D:\files_for_huaweidevelop\FaceCheck\camera-preview-minimal\entry\build\default\intermediates\loader\default cache by regenerate.
[2026-06-06T12:52:00.673] [DEBUG] debug-file - Update task entry:default@BuildJS input file:D:\files_for_huaweidevelop\FaceCheck\camera-preview-minimal\entry\build\default\intermediates\res\default\ResourceTable.txt cache by regenerate.
[2026-06-06T12:52:00.673] [DEBUG] debug-file - Update task entry:default@BuildJS input file:D:\files_for_huaweidevelop\FaceCheck\camera-preview-minimal\entry\build\default\intermediates\res\default\ark_module.json cache by regenerate.
[2026-06-06T12:52:00.674] [DEBUG] debug-file - Update task entry:default@BuildJS input file:D:\files_for_huaweidevelop\FaceCheck\camera-preview-minimal\entry\build\default\intermediates\res\default\resources\base\profile cache by regenerate.
[2026-06-06T12:52:00.674] [DEBUG] debug-file - Update task entry:default@BuildJS input file:D:\files_for_huaweidevelop\FaceCheck\camera-preview-minimal\entry\build\default\intermediates\loader\default\pkgContextInfo.json cache by regenerate.
[2026-06-06T12:52:00.675] [DEBUG] debug-file - Update task entry:default@BuildJS output file:D:\files_for_huaweidevelop\FaceCheck\camera-preview-minimal\entry\build\default\intermediates\loader_out\default\js cache.
[2026-06-06T12:52:00.675] [DEBUG] debug-file - Incremental task entry:default@BuildJS post-execution cost:3 ms .
[2026-06-06T12:52:00.675] [DEBUG] debug-file - There is no need to refresh cache, since the incremental task entry:default@CacheNativeLibs is up-to-date.
[2026-06-06T12:52:00.675] [DEBUG] debug-file - There is no need to refresh cache, since the incremental task entry:default@GeneratePkgModuleJson is up-to-date.
[2026-06-06T12:52:00.675] [DEBUG] debug-file - Incremental task entry:default@ProcessCompiledResources post-execution cost:1 ms .
[2026-06-06T12:52:00.676] [DEBUG] debug-file - Update task entry:default@PackageHap input file:D:\files_for_huaweidevelop\FaceCheck\camera-preview-minimal\entry\build\default\intermediates\stripped_native_libs\default cache by regenerate.
[2026-06-06T12:52:00.676] [DEBUG] debug-file - Update task entry:default@PackageHap input file:D:\files_for_huaweidevelop\FaceCheck\camera-preview-minimal\entry\build\default\intermediates\res\default\module.json cache by regenerate.
[2026-06-06T12:52:00.676] [DEBUG] debug-file - Update task entry:default@PackageHap input file:D:\files_for_huaweidevelop\FaceCheck\camera-preview-minimal\entry\build\default\intermediates\res\default\resources cache by regenerate.
[2026-06-06T12:52:00.678] [DEBUG] debug-file - Update task entry:default@PackageHap input file:D:\files_for_huaweidevelop\FaceCheck\camera-preview-minimal\entry\build\default\intermediates\res\default\resources.index cache by regenerate.
[2026-06-06T12:52:00.679] [DEBUG] debug-file - Update task entry:default@PackageHap input file:D:\files_for_huaweidevelop\FaceCheck\camera-preview-minimal\entry\build\default\outputs\default\pack.info cache by regenerate.
[2026-06-06T12:52:00.679] [DEBUG] debug-file - Update task entry:default@PackageHap input file:D:\files_for_huaweidevelop\FaceCheck\camera-preview-minimal\entry\build\default\intermediates\loader_out\default\ets cache from map.
[2026-06-06T12:52:00.679] [DEBUG] debug-file - Update task entry:default@PackageHap input file:D:\files_for_huaweidevelop\FaceCheck\camera-preview-minimal\entry\build\default\intermediates\loader\default\pkgContextInfo.json cache by regenerate.
[2026-06-06T12:52:00.679] [DEBUG] debug-file - Update task entry:default@PackageHap input file:D:\files_for_huaweidevelop\FaceCheck\camera-preview-minimal\entry\build\default\intermediates\loader_out\default\ets\sourceMaps.map cache by regenerate.
[2026-06-06T12:52:00.680] [DEBUG] debug-file - Update task entry:default@PackageHap input file:D:\files_for_huaweidevelop\FaceCheck\camera-preview-minimal\entry\build\default\generated\profile\default\BuildProfile.ets cache by regenerate.
[2026-06-06T12:52:00.680] [DEBUG] debug-file - Update task entry:default@PackageHap output file:D:\files_for_huaweidevelop\FaceCheck\camera-preview-minimal\entry\build\default\outputs\default\entry-default-unsigned.hap cache.
[2026-06-06T12:52:00.680] [DEBUG] debug-file - Update task entry:default@PackageHap output file:D:\files_for_huaweidevelop\FaceCheck\camera-preview-minimal\entry\build\default\intermediates\source_map\default\sourceMaps.map cache.
[2026-06-06T12:52:00.680] [DEBUG] debug-file - Update task entry:default@PackageHap output file:D:\files_for_huaweidevelop\FaceCheck\camera-preview-minimal\entry\build\default\outputs\default\mapping\sourceMaps.map cache.
[2026-06-06T12:52:00.681] [DEBUG] debug-file - Incremental task entry:default@PackageHap post-execution cost:6 ms .
[2026-06-06T12:52:00.681] [DEBUG] debug-file - Update task entry:default@SignHap input file:C:\Users\white\.ohos\config\default_FaceCheck_XIP5AEtjoMg_LHh2fT2SHXaqBQOeOLbhsmuA_gUfwkM=.cer cache by regenerate.
[2026-06-06T12:52:00.682] [DEBUG] debug-file - Update task entry:default@SignHap input file:C:\Users\white\.ohos\config\default_FaceCheck_XIP5AEtjoMg_LHh2fT2SHXaqBQOeOLbhsmuA_gUfwkM=.p7b cache by regenerate.
[2026-06-06T12:52:00.682] [DEBUG] debug-file - Update task entry:default@SignHap input file:C:\Users\white\.ohos\config\default_FaceCheck_XIP5AEtjoMg_LHh2fT2SHXaqBQOeOLbhsmuA_gUfwkM=.p12 cache by regenerate.
[2026-06-06T12:52:00.682] [DEBUG] debug-file - Update task entry:default@SignHap input file:D:\files_for_huaweidevelop\FaceCheck\camera-preview-minimal\entry\build\default\outputs\default\entry-default-unsigned.hap cache from map.
[2026-06-06T12:52:00.683] [DEBUG] debug-file - Update task entry:default@SignHap output file:D:\files_for_huaweidevelop\FaceCheck\camera-preview-minimal\entry\build\default\outputs\default\entry-default-signed.hap cache.
[2026-06-06T12:52:00.683] [DEBUG] debug-file - Incremental task entry:default@SignHap post-execution cost:3 ms .
[2026-06-06T12:52:00.683] [DEBUG] debug-file - Update task entry:default@CollectDebugSymbol input file:D:\files_for_huaweidevelop\FaceCheck\camera-preview-minimal\entry\build\default\intermediates\loader_out\default\ets\sourceMaps.map cache by regenerate.
[2026-06-06T12:52:00.683] [DEBUG] debug-file - Update task entry:default@CollectDebugSymbol input file:D:\files_for_huaweidevelop\FaceCheck\camera-preview-minimal\entry\build\default\intermediates\libs\default cache by regenerate.
[2026-06-06T12:52:00.684] [DEBUG] debug-file - Update task entry:default@CollectDebugSymbol output file:D:\files_for_huaweidevelop\FaceCheck\camera-preview-minimal\entry\build\default\outputs\default\symbol cache.
[2026-06-06T12:52:00.684] [DEBUG] debug-file - Incremental task entry:default@CollectDebugSymbol post-execution cost:2 ms .
[2026-06-06T12:52:00.705] [DEBUG] debug-file - Cleanup worker 30.
[2026-06-06T12:52:00.705] [DEBUG] debug-file - Worker 30 has been cleaned up.
[2026-06-06T12:52:00.705] [DEBUG] debug-file - Current idle worker size: 1.
[2026-06-06T12:52:00.705] [DEBUG] debug-file - Current resident worker size: 2.
[2026-06-06T12:52:00.705] [DEBUG] debug-file - hvigor build process will be closed.
[2026-06-06T12:52:00.714] [DEBUG] debug-file - session manager: send message to worker process.
[2026-06-06T12:52:00.714] [DEBUG] debug-file - session manager: send message to worker process.
[2026-06-06T12:52:00.714] [DEBUG] debug-file - watch worker: worker id should be larger than 0. Nothing will be sent to any worker thread.
[2026-06-06T12:52:00.714] [DEBUG] debug-file - watch worker: worker id should be larger than 0. Nothing will be sent to any worker thread.
[2026-06-06T12:52:00.716] [DEBUG] debug-file - worker[30] exits with exit code 1.
[2026-06-07T10:47:38.491] [DEBUG] debug-file - env: nodejsVersion=v18.20.1
[2026-06-07T10:47:38.552] [DEBUG] debug-file - env: daemon=true
[2026-06-07T10:47:38.492] [DEBUG] debug-file - env: hvigor-config.json5 content = {
  modelVersion: '6.0.2',
  dependencies: {},
  execution: {},
  logging: {},
  debugging: {},
  nodeOptions: {}
}
[2026-06-07T10:47:39.331] [DEBUG] debug-file - session manager: set active socket. socketId=j2ZV7aPLm-z7p_eJAAAB
[2026-06-07T10:47:39.360] [DEBUG] debug-file - java daemon tryConnect success
[2026-06-07T10:47:40.070] [DEBUG] debug-file - watch worker: worker id should be larger than 0. Nothing will be sent to any worker thread.
[2026-06-07T10:47:40.073] [DEBUG] debug-file - Since there is no instance or instance is terminated, create a new worker pool.
[2026-06-07T10:47:40.074] [DEBUG] debug-file - Worker pool is initialized with config:  {
  minPoolNum: 2,
  maxPoolNum: undefined,
  maxCoreSize: undefined,
  cacheCapacity: undefined,
  cacheTtl: undefined
}
[2026-06-07T10:47:40.074] [DEBUG] debug-file - Create  resident worker with id: 0.
[2026-06-07T10:47:40.076] [DEBUG] debug-file - Create  resident worker with id: 1.
[2026-06-07T10:47:40.078] [DEBUG] debug-file - Workers' log level updated to INFO
[2026-06-07T10:47:40.084] [DEBUG] debug-file - Hvigor init with startParameters:{
  hvigorfileTypeCheck: false,
  parallelExecution: true,
  incrementalExecution: true,
  printStackTrace: false,
  daemon: true,
  analyze: 0,
  logLevel: Level { level: 20000, levelStr: 'INFO', colour: 'green' },
  optimizationStrategy: 'memory',
  hotCompile: undefined,
  hotReloadBuild: undefined,
  customizedParam: undefined
}
[2026-06-07T10:47:40.089] [DEBUG] debug-file - Cache service initialization finished in 4 ms 
[2026-06-07T10:47:40.090] [DEBUG] debug-file - hvigorfile, resolving D:\files_for_huaweidevelop\FaceCheck\camera-preview-minimal\hvigorfile.ts
[2026-06-07T10:47:41.854] [DEBUG] debug-file - hvigorfile, require result:  { default: { plugins: [] } }
[2026-06-07T10:47:41.855] [DEBUG] debug-file - hvigorfile, binding system plugins null
[2026-06-07T10:47:41.855] [DEBUG] debug-file - Starting plugin build process
[2026-06-07T10:47:41.855] [DEBUG] debug-file - App plugin prepare start...
[2026-06-07T10:47:41.855] [DEBUG] debug-file - App plugin prepare end...
[2026-06-07T10:47:41.855] [DEBUG] debug-file - App plugin creating...
[2026-06-07T10:47:41.985] [DEBUG] debug-file - App plugin register hook start...
[2026-06-07T10:47:41.985] [DEBUG] debug-file - App plugin register hook end...
[2026-06-07T10:47:41.985] [DEBUG] debug-file - Plugin build process completed
[2026-06-07T10:47:41.986] [DEBUG] debug-file - Start initialize project's product build option map with build mode debug.
[2026-06-07T10:47:41.986] [DEBUG] debug-file - Picking option from product 'default' with build mode 'debug'.
[2026-06-07T10:47:41.987] [DEBUG] debug-file - Product 'default' build option initialized
[2026-06-07T10:47:41.987] [DEBUG] debug-file - End initialize project's product build option map with build mode 'debug'.
[2026-06-07T10:47:41.988] [DEBUG] debug-file - Obtain build option for product 'default'in this build.
[2026-06-07T10:47:41.989] [DEBUG] debug-file - D:\files_for_huaweidevelop\FaceCheck\camera-preview-minimal\build\cache\default\remote_hsp\remoteHspCache.json not exists.
[2026-06-07T10:47:41.991] [DEBUG] debug-file - Local scan or download HarmonyOS sdk components toolchains,ets,js,native,previewer
[2026-06-07T10:47:41.994] [DEBUG] debug-file - Local scan or download hmscore sdk components toolchains,ets,native
[2026-06-07T10:47:41.995] [DEBUG] debug-file - Start recording SDK configuration permission data.
[2026-06-07T10:47:42.021] [DEBUG] debug-file - Sdk init in 31 ms 
[2026-06-07T10:47:42.025] [DEBUG] debug-file - Project task initialization takes 4 ms 
[2026-06-07T10:47:42.026] [DEBUG] debug-file - hvigorfile, binding custom plugins []
[2026-06-07T10:47:42.026] [DEBUG] debug-file - hvigorfile, no custom plugins were found in D:\files_for_huaweidevelop\FaceCheck\camera-preview-minimal\hvigorfile.ts
[2026-06-07T10:47:42.026] [DEBUG] debug-file - hvigorfile, resolve finished D:\files_for_huaweidevelop\FaceCheck\camera-preview-minimal\hvigorfile.ts
[2026-06-07T10:47:42.026] [DEBUG] debug-file - hvigorfile, resolving D:\files_for_huaweidevelop\FaceCheck\camera-preview-minimal\entry\hvigorfile.ts
[2026-06-07T10:47:42.032] [DEBUG] debug-file - hvigorfile, require result:  { default: { plugins: [] } }
[2026-06-07T10:47:42.032] [DEBUG] debug-file - hvigorfile, binding system plugins null
[2026-06-07T10:47:42.032] [DEBUG] debug-file - Starting plugin build process
[2026-06-07T10:47:42.032] [DEBUG] debug-file - Hap plugin creating...
[2026-06-07T10:47:42.034] [DEBUG] debug-file - failed to load cangjie to dynamically generate schemas: Error: Cannot find module '@ohos/cangjie-build-support/index'
Require stack:
- D:\DevEco Studio\tools\hvigor\hvigor-ohos-plugin\src\plugin\hooks\cangjie-register.js
- D:\DevEco Studio\tools\hvigor\hvigor-ohos-plugin\src\plugin\strategy\stage-init-strategy.js
- D:\DevEco Studio\tools\hvigor\hvigor-ohos-plugin\src\plugin\builder\abstract-plugin-builder.js
- D:\DevEco Studio\tools\hvigor\hvigor-ohos-plugin\src\plugin\builder\app-plugin-builder.js
- D:\DevEco Studio\tools\hvigor\hvigor-ohos-plugin\src\plugin\factory\plugin-factory.js
- D:\DevEco Studio\tools\hvigor\hvigor-ohos-plugin\index.js
- D:\files_for_huaweidevelop\FaceCheck\camera-preview-minimal\hvigorfile.ts
- D:\DevEco Studio\tools\hvigor\hvigor\src\base\internal\lifecycle\configuration.js
- D:\DevEco Studio\tools\hvigor\hvigor\src\base\boot\index.js
- D:\DevEco Studio\tools\hvigor\hvigor\src\base\daemon\cluster\worker-process-lifecycle.js
- D:\DevEco Studio\tools\hvigor\hvigor\src\base\daemon\process\daemon-process-boot-script.js
[2026-06-07T10:47:42.044] [DEBUG] debug-file - Start initialize module-target build option map, moduleName=entry, buildMode=debug
[2026-06-07T10:47:42.044] [DEBUG] debug-file - Target 'default' config initialized
[2026-06-07T10:47:42.044] [DEBUG] debug-file - Module 'entry' target 'default' build option initialized
[2026-06-07T10:47:42.044] [DEBUG] debug-file - End initialize module-target build option map, moduleName=entry
[2026-06-07T10:47:42.044] [DEBUG] debug-file - Start initialize module-target build option map, moduleName=entry, buildMode=release
[2026-06-07T10:47:42.045] [DEBUG] debug-file - Target 'default' config initialized
[2026-06-07T10:47:42.045] [DEBUG] debug-file - Module 'entry' target 'default' build option initialized
[2026-06-07T10:47:42.045] [DEBUG] debug-file - End initialize module-target build option map, moduleName=entry
[2026-06-07T10:47:42.045] [DEBUG] debug-file - Start initialize module-target build option map, moduleName=entry, buildMode=debug
[2026-06-07T10:47:42.045] [DEBUG] debug-file - Target 'default' config initialized
[2026-06-07T10:47:42.045] [DEBUG] debug-file - Module 'entry' target 'default' build option initialized
[2026-06-07T10:47:42.045] [DEBUG] debug-file - End initialize module-target build option map, moduleName=entry
[2026-06-07T10:47:42.045] [DEBUG] debug-file - Obtain build option for module 'entry' target 'default'in this build.
[2026-06-07T10:47:42.049] [DEBUG] debug-file - Module entry task initialization takes 3 ms 
[2026-06-07T10:47:42.049] [DEBUG] debug-file - Hap plugin register hook start...
[2026-06-07T10:47:42.049] [DEBUG] debug-file - Hap plugin register hook end...
[2026-06-07T10:47:42.049] [DEBUG] debug-file - Plugin build process completed
[2026-06-07T10:47:42.049] [DEBUG] debug-file - hvigorfile, binding custom plugins []
[2026-06-07T10:47:42.049] [DEBUG] debug-file - hvigorfile, no custom plugins were found in D:\files_for_huaweidevelop\FaceCheck\camera-preview-minimal\entry\hvigorfile.ts
[2026-06-07T10:47:42.050] [DEBUG] debug-file - hvigorfile, resolve finished D:\files_for_huaweidevelop\FaceCheck\camera-preview-minimal\entry\hvigorfile.ts
[2026-06-07T10:47:42.062] [DEBUG] debug-file - hvigorfile, resolve hvigorfile dependencies in 13 ms 
[2026-06-07T10:47:42.062] [DEBUG] debug-file - project has submodules:entry
[2026-06-07T10:47:42.064] [DEBUG] debug-file - start to load updatedOhPackageInfo to the disk
[2026-06-07T10:47:42.071] [DEBUG] debug-file - load to the disk finished
[2026-06-07T10:47:42.072] [DEBUG] debug-file - Start to initialize dependency information.
[2026-06-07T10:47:42.080] [DEBUG] debug-file - Module camera-preview-minimal Collected Dependency: 
[2026-06-07T10:47:42.080] [DEBUG] debug-file - Module camera-preview-minimal's total dependency: 0
[2026-06-07T10:47:42.081] [DEBUG] debug-file - Start to initialize dependency information.
[2026-06-07T10:47:42.084] [DEBUG] debug-file - Module entry Collected Dependency: 
[2026-06-07T10:47:42.084] [DEBUG] debug-file - Module entry's total dependency: 0
[2026-06-07T10:47:42.088] [DEBUG] debug-file - Configuration phase cost:1 s 999 ms 
[2026-06-07T10:47:42.090] [DEBUG] debug-file - Configuration task cost before running: 2 s 12 ms 
[2026-06-07T10:47:42.095] [DEBUG] debug-file - Executing task :entry:default@PreBuild
[2026-06-07T10:47:42.096] [DEBUG] debug-file - Task 'entry:default@PreBuild' cost while wrapping incremental declarations: 1 ms 
[2026-06-07T10:47:42.103] [DEBUG] debug-file - entry:default@PreBuild is not up-to-date, since the task snapshots are different.
[2026-06-07T10:47:42.103] [DEBUG] debug-file - Incremental task entry:default@PreBuild pre-execution cost: 6 ms .
[2026-06-07T10:47:42.212] [DEBUG] debug-file - current product is not Atomic service.
[2026-06-07T10:47:42.212] [DEBUG] debug-file - Use tool [win32: JAVA_HOME, CLASSPATH]
 [ { JAVA_HOME: 'D:\\java_folder' }, { CLASSPATH: undefined } ]
[2026-06-07T10:47:42.212] [DEBUG] debug-file - Use tool [win32: NODE_HOME]
 [ { NODE_HOME: 'D:\\DevEco Studio\\tools\\node' } ]
[2026-06-07T10:47:42.213] [DEBUG] debug-file - entry : default@PreBuild cost memory 4.262870788574219
[2026-06-07T10:47:42.213] [DEBUG] debug-file - runTaskFromQueue task cost before running: 2 s 135 ms 
[2026-06-07T10:47:42.215] [INFO] debug-file - Finished :entry:default@PreBuild... after 119 ms 
[2026-06-07T10:47:42.216] [DEBUG] debug-file - Executing task :entry:default@CreateModuleInfo
[2026-06-07T10:47:42.216] [DEBUG] debug-file - Task 'entry:default@CreateModuleInfo' cost while wrapping incremental declarations: 1 ms 
[2026-06-07T10:47:42.217] [DEBUG] debug-file - entry : default@CreateModuleInfo cost memory 0.0429840087890625
[2026-06-07T10:47:42.217] [DEBUG] debug-file - runTaskFromQueue task cost before running: 2 s 139 ms 
[2026-06-07T10:47:42.217] [INFO] debug-file - Finished :entry:default@CreateModuleInfo... after 1 ms 
[2026-06-07T10:47:42.220] [DEBUG] debug-file - Executing task :entry:default@GenerateMetadata
[2026-06-07T10:47:42.220] [DEBUG] debug-file - Task 'entry:default@GenerateMetadata' cost while wrapping incremental declarations: 1 ms 
[2026-06-07T10:47:42.221] [DEBUG] debug-file - Incremental task entry:default@GenerateMetadata pre-execution cost: 2 ms .
[2026-06-07T10:47:42.222] [DEBUG] debug-file - entry : default@GenerateMetadata cost memory 0.097747802734375
[2026-06-07T10:47:42.222] [INFO] debug-file - UP-TO-DATE :entry:default@GenerateMetadata...  
[2026-06-07T10:47:42.222] [DEBUG] debug-file - Executing task :entry:default@ConfigureCmake
[2026-06-07T10:47:42.223] [DEBUG] debug-file - entry : default@ConfigureCmake cost memory 0.0144805908203125
[2026-06-07T10:47:42.223] [DEBUG] debug-file - runTaskFromQueue task cost before running: 2 s 145 ms 
[2026-06-07T10:47:42.223] [INFO] debug-file - Finished :entry:default@ConfigureCmake... after 1 ms 
[2026-06-07T10:47:42.224] [DEBUG] debug-file - Executing task :entry:default@MergeProfile
[2026-06-07T10:47:42.224] [DEBUG] debug-file - Task 'entry:default@MergeProfile' cost while wrapping incremental declarations: 1 ms 
[2026-06-07T10:47:42.226] [DEBUG] debug-file - Incremental task entry:default@MergeProfile pre-execution cost: 2 ms .
[2026-06-07T10:47:42.226] [DEBUG] debug-file - entry : default@MergeProfile cost memory 0.14373779296875
[2026-06-07T10:47:42.226] [INFO] debug-file - UP-TO-DATE :entry:default@MergeProfile...  
[2026-06-07T10:47:42.227] [DEBUG] debug-file - Executing task :entry:default@CreateBuildProfile
[2026-06-07T10:47:42.227] [DEBUG] debug-file - Task 'entry:default@CreateBuildProfile' cost while wrapping incremental declarations: 1 ms 
[2026-06-07T10:47:42.228] [DEBUG] debug-file - Incremental task entry:default@CreateBuildProfile pre-execution cost: 1 ms .
[2026-06-07T10:47:42.228] [DEBUG] debug-file - entry : default@CreateBuildProfile cost memory 0.10269927978515625
[2026-06-07T10:47:42.228] [INFO] debug-file - UP-TO-DATE :entry:default@CreateBuildProfile...  
[2026-06-07T10:47:42.229] [DEBUG] debug-file - Executing task :entry:default@PreCheckSyscap
[2026-06-07T10:47:42.229] [DEBUG] debug-file - entry : default@PreCheckSyscap cost memory 0.01471710205078125
[2026-06-07T10:47:42.229] [DEBUG] debug-file - runTaskFromQueue task cost before running: 2 s 151 ms 
[2026-06-07T10:47:42.229] [INFO] debug-file - Finished :entry:default@PreCheckSyscap... after 1 ms 
[2026-06-07T10:47:42.230] [DEBUG] debug-file - Executing task :entry:default@GeneratePkgContextInfo
[2026-06-07T10:47:42.237] [DEBUG] debug-file - Task 'entry:default@GeneratePkgContextInfo' cost while wrapping incremental declarations: 1 ms 
[2026-06-07T10:47:42.238] [DEBUG] debug-file - Incremental task entry:default@GeneratePkgContextInfo pre-execution cost: 1 ms .
[2026-06-07T10:47:42.238] [DEBUG] debug-file - entry : default@GeneratePkgContextInfo cost memory 0.530120849609375
[2026-06-07T10:47:42.238] [INFO] debug-file - UP-TO-DATE :entry:default@GeneratePkgContextInfo...  
[2026-06-07T10:47:42.241] [DEBUG] debug-file - Executing task :entry:default@ProcessIntegratedHsp
[2026-06-07T10:47:42.241] [DEBUG] debug-file - entry:default@ProcessIntegratedHsp is not up-to-date, since the output file 'D:\files_for_huaweidevelop\FaceCheck\camera-preview-minimal\build\cache\default\integrated_hsp\integratedHspCache.json' does not exist.
[2026-06-07T10:47:42.241] [DEBUG] debug-file - Incremental task entry:default@ProcessIntegratedHsp pre-execution cost: 1 ms .
[2026-06-07T10:47:42.241] [DEBUG] debug-file - entry : default@ProcessIntegratedHsp cost memory 0.0601043701171875
[2026-06-07T10:47:42.242] [DEBUG] debug-file - runTaskFromQueue task cost before running: 2 s 164 ms 
[2026-06-07T10:47:42.242] [INFO] debug-file - Finished :entry:default@ProcessIntegratedHsp... after 1 ms 
[2026-06-07T10:47:42.243] [DEBUG] debug-file - Executing task :entry:default@BuildNativeWithCmake
[2026-06-07T10:47:42.243] [DEBUG] debug-file - entry : default@BuildNativeWithCmake cost memory 0.014862060546875
[2026-06-07T10:47:42.243] [DEBUG] debug-file - runTaskFromQueue task cost before running: 2 s 165 ms 
[2026-06-07T10:47:42.243] [INFO] debug-file - Finished :entry:default@BuildNativeWithCmake... after 1 ms 
[2026-06-07T10:47:42.244] [DEBUG] debug-file - Executing task :entry:default@MakePackInfo
[2026-06-07T10:47:42.245] [DEBUG] debug-file - Incremental task entry:default@MakePackInfo pre-execution cost: 2 ms .
[2026-06-07T10:47:42.245] [DEBUG] debug-file - entry : default@MakePackInfo cost memory 0.11852264404296875
[2026-06-07T10:47:42.245] [INFO] debug-file - UP-TO-DATE :entry:default@MakePackInfo...  
[2026-06-07T10:47:42.246] [DEBUG] debug-file - Executing task :entry:default@SyscapTransform
[2026-06-07T10:47:42.246] [DEBUG] debug-file - File: 'D:\files_for_huaweidevelop\FaceCheck\camera-preview-minimal\entry\src\main\syscap.json' from 'sysCapJsonPath' is not exists, just ignore.
[2026-06-07T10:47:42.247] [DEBUG] debug-file - Task 'entry:default@SyscapTransform' cost while wrapping incremental declarations: 1 ms 
[2026-06-07T10:47:42.257] [DEBUG] debug-file - entry:default@SyscapTransform is not up-to-date, since the output file 'D:\files_for_huaweidevelop\FaceCheck\camera-preview-minimal\entry\build\default\intermediates\syscap\default\rpcid.sc' does not exist.
[2026-06-07T10:47:42.257] [DEBUG] debug-file - Incremental task entry:default@SyscapTransform pre-execution cost: 10 ms .
[2026-06-07T10:47:42.257] [DEBUG] debug-file - entry : default@SyscapTransform cost memory 0.15689849853515625
[2026-06-07T10:47:42.257] [DEBUG] debug-file - runTaskFromQueue task cost before running: 2 s 179 ms 
[2026-06-07T10:47:42.257] [INFO] debug-file - Finished :entry:default@SyscapTransform... after 11 ms 
[2026-06-07T10:47:42.258] [DEBUG] debug-file - Executing task :entry:default@ProcessProfile
[2026-06-07T10:47:42.259] [DEBUG] debug-file - Task 'entry:default@ProcessProfile' cost while wrapping incremental declarations: 1 ms 
[2026-06-07T10:47:42.260] [DEBUG] debug-file - Incremental task entry:default@ProcessProfile pre-execution cost: 1 ms .
[2026-06-07T10:47:42.260] [DEBUG] debug-file - entry : default@ProcessProfile cost memory 0.1439361572265625
[2026-06-07T10:47:42.261] [INFO] debug-file - UP-TO-DATE :entry:default@ProcessProfile...  
[2026-06-07T10:47:42.262] [DEBUG] debug-file - Executing task :entry:default@ProcessRouterMap
[2026-06-07T10:47:42.268] [DEBUG] debug-file - Incremental task entry:default@ProcessRouterMap pre-execution cost: 3 ms .
[2026-06-07T10:47:42.268] [DEBUG] debug-file - entry : default@ProcessRouterMap cost memory -10.633705139160156
[2026-06-07T10:47:42.269] [INFO] debug-file - UP-TO-DATE :entry:default@ProcessRouterMap...  
[2026-06-07T10:47:42.270] [DEBUG] debug-file - Executing task :entry:default@ProcessShareConfig
[2026-06-07T10:47:42.272] [DEBUG] debug-file - Incremental task entry:default@ProcessShareConfig pre-execution cost: 2 ms .
[2026-06-07T10:47:42.272] [DEBUG] debug-file - entry : default@ProcessShareConfig cost memory 0.1519012451171875
[2026-06-07T10:47:42.272] [INFO] debug-file - UP-TO-DATE :entry:default@ProcessShareConfig...  
[2026-06-07T10:47:42.273] [DEBUG] debug-file - Executing task :entry:default@ProcessStartupConfig
[2026-06-07T10:47:42.273] [DEBUG] debug-file - Task 'entry:default@ProcessStartupConfig' cost while wrapping incremental declarations: 1 ms 
[2026-06-07T10:47:42.274] [DEBUG] debug-file - entry:default@ProcessStartupConfig is not up-to-date, since the output file 'D:\files_for_huaweidevelop\FaceCheck\camera-preview-minimal\entry\build\default\intermediates\startup\default\startup_config.json' does not exist.
[2026-06-07T10:47:42.274] [DEBUG] debug-file - Incremental task entry:default@ProcessStartupConfig pre-execution cost: 1 ms .
[2026-06-07T10:47:42.275] [DEBUG] debug-file - entry : default@ProcessStartupConfig cost memory 0.150115966796875
[2026-06-07T10:47:42.275] [DEBUG] debug-file - runTaskFromQueue task cost before running: 2 s 198 ms 
[2026-06-07T10:47:42.276] [INFO] debug-file - Finished :entry:default@ProcessStartupConfig... after 3 ms 
[2026-06-07T10:47:42.277] [DEBUG] debug-file - Executing task :entry:default@BuildNativeWithNinja
[2026-06-07T10:47:42.277] [DEBUG] debug-file - entry : default@BuildNativeWithNinja cost memory 0.0217132568359375
[2026-06-07T10:47:42.277] [DEBUG] debug-file - runTaskFromQueue task cost before running: 2 s 199 ms 
[2026-06-07T10:47:42.278] [INFO] debug-file - Finished :entry:default@BuildNativeWithNinja... after 1 ms 
[2026-06-07T10:47:42.279] [DEBUG] debug-file - restool module names: entry; moduleName=entry, taskName=default@ProcessResource
[2026-06-07T10:47:42.280] [DEBUG] debug-file - Executing task :entry:default@ProcessResource
[2026-06-07T10:47:42.281] [DEBUG] debug-file - Task 'entry:default@ProcessResource' cost while wrapping incremental declarations: 1 ms 
[2026-06-07T10:47:42.282] [DEBUG] debug-file - Incremental task entry:default@ProcessResource pre-execution cost: 1 ms .
[2026-06-07T10:47:42.282] [DEBUG] debug-file - entry : default@ProcessResource cost memory 0.13996124267578125
[2026-06-07T10:47:42.283] [INFO] debug-file - UP-TO-DATE :entry:default@ProcessResource...  
[2026-06-07T10:47:42.285] [DEBUG] debug-file - Executing task :entry:default@GenerateLoaderJson
[2026-06-07T10:47:42.286] [DEBUG] debug-file - Task 'entry:default@GenerateLoaderJson' cost while wrapping incremental declarations: 1 ms 
[2026-06-07T10:47:42.294] [DEBUG] debug-file - Incremental task entry:default@GenerateLoaderJson pre-execution cost: 5 ms .
[2026-06-07T10:47:42.294] [DEBUG] debug-file - entry : default@GenerateLoaderJson cost memory 0.6128311157226562
[2026-06-07T10:47:42.296] [INFO] debug-file - UP-TO-DATE :entry:default@GenerateLoaderJson...  
[2026-06-07T10:47:42.297] [DEBUG] debug-file - Executing task :entry:default@ProcessLibs
[2026-06-07T10:47:42.299] [DEBUG] debug-file - Incremental task entry:default@ProcessLibs pre-execution cost: 2 ms .
[2026-06-07T10:47:42.299] [DEBUG] debug-file - entry : default@ProcessLibs cost memory 0.11357879638671875
[2026-06-07T10:47:42.300] [INFO] debug-file - UP-TO-DATE :entry:default@ProcessLibs...  
[2026-06-07T10:47:42.301] [DEBUG] debug-file - restool module names: entry; moduleName=entry, taskName=default@CompileResource
[2026-06-07T10:47:42.301] [DEBUG] debug-file - Executing task :entry:default@CompileResource
[2026-06-07T10:47:42.315] [DEBUG] debug-file - Incremental task entry:default@CompileResource pre-execution cost: 13 ms .
[2026-06-07T10:47:42.315] [DEBUG] debug-file - entry : default@CompileResource cost memory 0.8415374755859375
[2026-06-07T10:47:42.316] [INFO] debug-file - UP-TO-DATE :entry:default@CompileResource...  
[2026-06-07T10:47:42.317] [DEBUG] debug-file - Executing task :entry:default@DoNativeStrip
[2026-06-07T10:47:42.317] [DEBUG] debug-file - Task 'entry:default@DoNativeStrip' cost while wrapping incremental declarations: 1 ms 
[2026-06-07T10:47:42.318] [DEBUG] debug-file - Incremental task entry:default@DoNativeStrip pre-execution cost: 1 ms .
[2026-06-07T10:47:42.318] [DEBUG] debug-file - entry : default@DoNativeStrip cost memory 0.08240509033203125
[2026-06-07T10:47:42.318] [INFO] debug-file - UP-TO-DATE :entry:default@DoNativeStrip...  
[2026-06-07T10:47:42.319] [DEBUG] debug-file - Executing task :entry:default@CompileArkTS
[2026-06-07T10:47:42.320] [DEBUG] debug-file - obfuscationOptions: undefined
[2026-06-07T10:47:42.321] [DEBUG] debug-file - Task 'entry:default@CompileArkTS' cost while wrapping incremental declarations: 1 ms 
[2026-06-07T10:47:42.328] [DEBUG] debug-file - entry:default@CompileArkTS is not up-to-date, since the input file 'D:\files_for_huaweidevelop\FaceCheck\camera-preview-minimal\entry\src\main\ets' has been changed.
[2026-06-07T10:47:42.328] [DEBUG] debug-file - Incremental task entry:default@CompileArkTS pre-execution cost: 5 ms .
[2026-06-07T10:47:42.340] [DEBUG] debug-file - build config:
[2026-06-07T10:47:42.341] [DEBUG] debug-file - {
  moduleType: 'entry',
  perf: 0,
  targetName: '.default',
  packageManagerType: 'ohpm',
  localPropertiesPath: 'D:\\files_for_huaweidevelop\\FaceCheck\\camera-preview-minimal\\local.properties',
  isPreview: false,
  isOhosTest: false,
  isLocalTest: false,
  buildMode: 'Debug',
  hotReloadBuild: undefined,
  watchMode: 'false',
  aceProfilePath: 'D:\\files_for_huaweidevelop\\FaceCheck\\camera-preview-minimal\\entry\\build\\default\\intermediates\\res\\default\\resources\\base\\profile',
  etsLoaderPath: 'D:\\DevEco Studio\\sdk\\default\\openharmony\\ets\\build-tools\\ets-loader',
  modulePath: 'D:\\files_for_huaweidevelop\\FaceCheck\\camera-preview-minimal\\entry',
  testFrameworkPar: {
    testMode: undefined,
    coveragePathFilter: undefined,
    coverageMode: undefined
  },
  needCoverageInsert: false,
  debugLine: false,
  projectTopDir: 'D:\\files_for_huaweidevelop\\FaceCheck\\camera-preview-minimal',
  compileSdkVersion: 22,
  compatibleSdkVersion: 22,
  originCompatibleSdkVersion: '6.0.2(22)',
  compatibleSdkVersionStage: undefined,
  bundleName: 'c***n',
  etsLoaderVersion: '6.0.2.130',
  etsLoaderReleaseType: 'Release',
  aotCompileMode: 'type',
  apPath: 'D:\\files_for_huaweidevelop\\FaceCheck\\camera-preview-minimal\\entry\\modules.ap',
  entryModuleName: 'entry',
  entryModuleVersion: '1.0.0',
  entryPackageName: 'entry',
  allModuleNameHash: '18ee91e67eb32e137e924ee7a48a53f8b0a93bb43eff5885ad0ab42f35f94670',
  externalApiPaths: [ 'D:\\DevEco Studio\\sdk\\default\\hms\\ets' ],
  compilerTypes: [],
  isCrossplatform: false,
  hvigorPluginFile: undefined,
  compilePluginPath: undefined,
  buildGeneratedProfilePath: 'D:\\files_for_huaweidevelop\\FaceCheck\\camera-preview-minimal\\entry\\build\\default\\generated\\profile\\default',
  bundleType: 'app',
  arkTSVersion: undefined,
  apiVersion: 22,
  needCompleteSourcesMap: false,
  isFaMode: false,
  buildDir: 'D:\\files_for_huaweidevelop\\FaceCheck\\camera-preview-minimal\\entry\\build',
  deviceTypes: [ 'phone', 'tablet' ],
  pkgContextInfo: {
    '@ohos/hypium': {
      packageName: '@ohos/hypium',
      bundleName: '*****',
      moduleName: '',
      version: '1.0.25',
      entryPath: 'index.js',
      isSO: false,
      dependencyAlias: ''
    },
    '@ohos/hamock': {
      packageName: '@ohos/hamock',
      bundleName: '*****',
      moduleName: '',
      version: '1.0.0',
      entryPath: 'index.ets',
      isSO: false,
      dependencyAlias: ''
    },
    entry: {
      packageName: 'entry',
      bundleName: '*****',
      moduleName: '',
      version: '',
      entryPath: 'src/main/',
      isSO: false,
      dependencyAlias: ''
    }
  },
  ohPackagePathMap: {},
  dependencyAliasMap: {},
  permission: { requestPermissions: [ [Object] ], definePermissions: undefined },
  useGetCurrentBundleName: false,
  projectArkOption: undefined,
  sourceMapDir: undefined,
  branchElimination: false,
  transformLib: undefined,
  tsImportSendable: false,
  resolveConflictMode: true,
  depName2RootPath: {},
  depName2DepInfo: {},
  rootPathSet: [ 'D:\\files_for_huaweidevelop\\FaceCheck\\camera-preview-minimal' ],
  useNativeResolver: true,
  shouldEmitJs: true,
  useTscResolve: false,
  singleFileEmit: false,
  userProjectConfig: {
    autoLazyImport: false,
    allowEmptyBundleName: false,
    reExportCheckMode: 'noCheck',
    executionMode: 'memory',
    usePathPlaceholder: false,
    writeRollupCache: true,
    isExpandImportEnabled: false,
    expandImportExclude: '',
    lazyImportExclude: '',
    lazyImportInclude: '',
    ignoreCrossplatformCheck: false,
    isHarDeduplicateEnabled: false,
    skipOhModulesLint: false,
    enableStrictCheckOHModule: false,
    disableSendableCheckRules: [],
    useDeclarationFileSignature: false,
    customizedOptions: undefined,
    integratedHsp: false,
    isPreloadSoEnabled: false
  },
  executionMode: 'memory',
  arkCompileCachePath: 'D:\\files_for_huaweidevelop\\FaceCheck\\camera-preview-minimal\\entry\\build\\default\\cache\\default\\default@CompileArkTS\\esmodule',
  autoLazyFilter: undefined,
  isHarDeduplicateEnabled: false,
  intermediateHarDuplicateDirPath: 'D:\\files_for_huaweidevelop\\FaceCheck\\camera-preview-minimal\\entry\\build\\default\\intermediates\\har_duplicate\\default',
  autoLazyImport: false,
  allowEmptyBundleName: false,
  reExportCheckMode: 'noCheck',
  usePathPlaceholder: false,
  writeRollupCache: true,
  isExpandImportEnabled: false,
  expandImportExclude: '',
  lazyImportExclude: '',
  lazyImportInclude: '',
  ignoreCrossplatformCheck: false,
  skipOhModulesLint: false,
  enableStrictCheckOHModule: false,
  disableSendableCheckRules: [],
  useDeclarationFileSignature: false,
  customizedOptions: undefined,
  integratedHsp: false,
  isPreloadSoEnabled: false,
  strictMode: {
    caseSensitiveCheck: true,
    useNormalizedOHMUrl: true,
    noExternalImportByPath: true
  },
  useNormalizedOHMUrl: true,
  caseSensitiveCheck: true,
  aceModuleJsonPath: 'D:\\files_for_huaweidevelop\\FaceCheck\\camera-preview-minimal\\entry\\build\\default\\intermediates\\res\\default\\ark_module.json',
  appResource: 'D:\\files_for_huaweidevelop\\FaceCheck\\camera-preview-minimal\\entry\\build\\default\\intermediates\\res\\default\\ResourceTable.txt',
  rawFileResource: 'D:\\files_for_huaweidevelop\\FaceCheck\\camera-preview-minimal\\entry\\build\\default\\intermediates\\res\\default\\resources\\rawfile',
  resourceTableHash: 'f64a437b8e40f6ffeb1e500beb89d221770e69f3dce109977b102f45a561d3b6',
  runtimeOS: 'HarmonyOS',
  sdkInfo: 'false:22:6.0.2.130:Release',
  aceModuleRoot: 'D:\\files_for_huaweidevelop\\FaceCheck\\camera-preview-minimal\\entry\\src\\main\\ets',
  compileMode: 'esmodule',
  aceSuperVisualPath: 'D:\\files_for_huaweidevelop\\FaceCheck\\camera-preview-minimal\\entry\\src\\main\\supervisual',
  aceBuildJson: 'D:\\files_for_huaweidevelop\\FaceCheck\\camera-preview-minimal\\entry\\build\\default\\intermediates\\loader\\default\\loader.json',
  cachePath: 'D:\\files_for_huaweidevelop\\FaceCheck\\camera-preview-minimal\\entry\\build\\default\\cache\\default\\default@CompileArkTS\\esmodule\\debug',
  aceModuleBuild: 'D:\\files_for_huaweidevelop\\FaceCheck\\camera-preview-minimal\\entry\\build\\default\\intermediates\\loader_out\\default\\ets',
  supportChunks: true,
  declaredFilesPath: undefined,
  shouldCollectDirectImportees: false,
  isByteCodeHarOptimize: false,
  expandImportPath: undefined,
  pkgNameToPkgBriefInfo: {
    entry: {
      pkgRoot: 'D:\\files_for_huaweidevelop\\FaceCheck\\camera-preview-minimal\\entry',
      originalSourceRoots: undefined,
      sourceRoots: [Array],
      pkgName: 'entry'
    }
  },
  projectModel: {
    'D:\\files_for_huaweidevelop\\FaceCheck\\camera-preview-minimal\\entry\\src\\main': {
      moduleName: 'entry',
      modulePkgPath: 'D:\\files_for_huaweidevelop\\FaceCheck\\camera-preview-minimal\\entry',
      belongProjectPath: 'D:\\files_for_huaweidevelop\\FaceCheck\\camera-preview-minimal'
    },
    'D:\\files_for_huaweidevelop\\FaceCheck\\camera-preview-minimal\\entry': {
      moduleName: 'entry',
      modulePkgPath: 'D:\\files_for_huaweidevelop\\FaceCheck\\camera-preview-minimal\\entry',
      belongProjectPath: 'D:\\files_for_huaweidevelop\\FaceCheck\\camera-preview-minimal'
    },
    'D:\\files_for_huaweidevelop\\FaceCheck\\camera-preview-minimal': {
      moduleName: 'camera-preview-minimal',
      modulePkgPath: 'D:\\files_for_huaweidevelop\\FaceCheck\\camera-preview-minimal',
      belongProjectPath: 'D:\\files_for_huaweidevelop\\FaceCheck\\camera-preview-minimal'
    }
  },
  pkgJsonFileHash: '441d5fb9425d899bb86c2aae0376406b9303b6bc97b7c6bd19cab2ba79e65e90',
  allModulePaths: [
    'D:\\files_for_huaweidevelop\\FaceCheck\\camera-preview-minimal\\entry'
  ],
  routerMap: {},
  obfuscationOptions: undefined,
  byteCodeHarToDependencyKeys: undefined,
  compileBlockPkg: [],
  mockParams: {
    decorator: '@MockSetup',
    packageName: '@ohos/hamock',
    etsSourceRootPath: 'src/main/ets',
    mockConfigPath: undefined,
    mockConfigKey2ModuleInfo: {},
    source2ModuleIdMap: {}
  },
  copyCodeResourceEnable: false,
  copyCodeResourceExcludes: [],
  copyCodeResourceIncludes: undefined,
  uiTransformOptimization: false,
  sdkPath: 'D:/DevEco Studio/sdk',
  needPreloadSoFileSet: {},
  preloadSoFilePath: 'D:\\files_for_huaweidevelop\\FaceCheck\\camera-preview-minimal\\entry\\build\\default\\intermediates\\preload\\default\\preload.json',
  useSourceHash: false,
  localModuleParamMap: {},
  otherPaths: {
    'entry/*': [
      '..\\*',
      '..\\..\\..\\build\\default\\generated\\profile\\default\\*'
    ]
  },
  collectImportersConfig: undefined
}
[2026-06-07T10:47:42.341] [DEBUG] debug-file - Compile arkts with external api path: D:\DevEco Studio\sdk\default\hms\ets
[2026-06-07T10:47:42.343] [DEBUG] debug-file - default@CompileArkTS work[0] is submitted.
[2026-06-07T10:47:42.343] [DEBUG] debug-file - default@CompileArkTS work[0] is pushed to ready queue.
[2026-06-07T10:47:42.344] [DEBUG] debug-file - A work dispatched to worker[31] failed because unable to get work from ready queue.
[2026-06-07T10:47:42.344] [DEBUG] debug-file - A work dispatched to worker[30] failed because unable to get work from ready queue.
[2026-06-07T10:47:42.344] [DEBUG] debug-file - A work dispatched to worker[29] failed because unable to get work from ready queue.
[2026-06-07T10:47:42.344] [DEBUG] debug-file - A work dispatched to worker[28] failed because unable to get work from ready queue.
[2026-06-07T10:47:42.344] [DEBUG] debug-file - A work dispatched to worker[27] failed because unable to get work from ready queue.
[2026-06-07T10:47:42.344] [DEBUG] debug-file - A work dispatched to worker[26] failed because unable to get work from ready queue.
[2026-06-07T10:47:42.344] [DEBUG] debug-file - A work dispatched to worker[25] failed because unable to get work from ready queue.
[2026-06-07T10:47:42.344] [DEBUG] debug-file - A work dispatched to worker[24] failed because unable to get work from ready queue.
[2026-06-07T10:47:42.344] [DEBUG] debug-file - A work dispatched to worker[23] failed because unable to get work from ready queue.
[2026-06-07T10:47:42.344] [DEBUG] debug-file - A work dispatched to worker[22] failed because unable to get work from ready queue.
[2026-06-07T10:47:42.344] [DEBUG] debug-file - A work dispatched to worker[21] failed because unable to get work from ready queue.
[2026-06-07T10:47:42.344] [DEBUG] debug-file - A work dispatched to worker[20] failed because unable to get work from ready queue.
[2026-06-07T10:47:42.344] [DEBUG] debug-file - A work dispatched to worker[19] failed because unable to get work from ready queue.
[2026-06-07T10:47:42.344] [DEBUG] debug-file - A work dispatched to worker[18] failed because unable to get work from ready queue.
[2026-06-07T10:47:42.344] [DEBUG] debug-file - A work dispatched to worker[17] failed because unable to get work from ready queue.
[2026-06-07T10:47:42.345] [DEBUG] debug-file - A work dispatched to worker[16] failed because unable to get work from ready queue.
[2026-06-07T10:47:42.345] [DEBUG] debug-file - A work dispatched to worker[15] failed because unable to get work from ready queue.
[2026-06-07T10:47:42.345] [DEBUG] debug-file - A work dispatched to worker[14] failed because unable to get work from ready queue.
[2026-06-07T10:47:42.345] [DEBUG] debug-file - A work dispatched to worker[13] failed because unable to get work from ready queue.
[2026-06-07T10:47:42.345] [DEBUG] debug-file - A work dispatched to worker[12] failed because unable to get work from ready queue.
[2026-06-07T10:47:42.345] [DEBUG] debug-file - A work dispatched to worker[11] failed because unable to get work from ready queue.
[2026-06-07T10:47:42.345] [DEBUG] debug-file - A work dispatched to worker[10] failed because unable to get work from ready queue.
[2026-06-07T10:47:42.345] [DEBUG] debug-file - A work dispatched to worker[9] failed because unable to get work from ready queue.
[2026-06-07T10:47:42.345] [DEBUG] debug-file - A work dispatched to worker[8] failed because unable to get work from ready queue.
[2026-06-07T10:47:42.345] [DEBUG] debug-file - A work dispatched to worker[7] failed because unable to get work from ready queue.
[2026-06-07T10:47:42.345] [DEBUG] debug-file - A work dispatched to worker[6] failed because unable to get work from ready queue.
[2026-06-07T10:47:42.345] [DEBUG] debug-file - A work dispatched to worker[5] failed because unable to get work from ready queue.
[2026-06-07T10:47:42.345] [DEBUG] debug-file - Create  resident worker with id: 4.
[2026-06-07T10:47:42.346] [DEBUG] debug-file - default@CompileArkTS work[0] has been dispatched to worker[4].
[2026-06-07T10:47:42.346] [DEBUG] debug-file - default@CompileArkTS work[0] is dispatched.
[2026-06-07T10:47:42.347] [DEBUG] debug-file - entry : default@CompileArkTS cost memory 2.2942276000976562
[2026-06-07T10:47:42.348] [DEBUG] debug-file - Executing task :entry:default@BuildJS
[2026-06-07T10:47:42.348] [DEBUG] debug-file - Task 'entry:default@BuildJS' cost while wrapping incremental declarations: 1 ms 
[2026-06-07T10:47:42.351] [DEBUG] debug-file - entry : default@BuildJS cost memory 0.16582489013671875
[2026-06-07T10:47:42.351] [DEBUG] debug-file - runTaskFromQueue task cost before running: 2 s 273 ms 
[2026-06-07T10:47:42.351] [INFO] debug-file - Finished :entry:default@BuildJS... after 3 ms 
[2026-06-07T10:47:42.352] [DEBUG] debug-file - Executing task :entry:default@CacheNativeLibs
[2026-06-07T10:47:42.352] [DEBUG] debug-file - Task 'entry:default@CacheNativeLibs' cost while wrapping incremental declarations: 1 ms 
[2026-06-07T10:47:42.353] [DEBUG] debug-file - Incremental task entry:default@CacheNativeLibs pre-execution cost: 2 ms .
[2026-06-07T10:47:42.354] [DEBUG] debug-file - entry : default@CacheNativeLibs cost memory 0.1016693115234375
[2026-06-07T10:47:42.354] [INFO] debug-file - UP-TO-DATE :entry:default@CacheNativeLibs...  
[2026-06-07T10:47:49.248] [WARN] debug-file - [33mWARN: [33m[33mArkTS:WARN File: D:/files_for_huaweidevelop/FaceCheck/camera-preview-minimal/entry/src/main/ets/pages/Index.ets:106:21
 'getContext' has been deprecated.
[39m[39m
[33mWARN: [33m[33mArkTS:WARN File: D:/files_for_huaweidevelop/FaceCheck/camera-preview-minimal/entry/src/main/ets/pages/Index.ets:162:21
 'getContext' has been deprecated.
[39m[39m

[2026-06-07T10:47:49.249] [DEBUG] debug-file - Ark compile task finished.finished time is 788935912300
[2026-06-07T10:47:49.250] [DEBUG] debug-file - worker[4] has one work done.
[2026-06-07T10:47:49.251] [DEBUG] debug-file - default@CompileArkTS work[0] done.
[2026-06-07T10:47:49.252] [DEBUG] debug-file - A work dispatched to worker[4] failed because unable to get work from ready queue.
[2026-06-07T10:47:49.253] [INFO] debug-file - Finished :entry:default@CompileArkTS... after 4 s 736 ms 
[2026-06-07T10:47:49.254] [DEBUG] debug-file - Executing task :entry:default@GeneratePkgModuleJson
[2026-06-07T10:47:49.255] [DEBUG] debug-file - File: 'D:\files_for_huaweidevelop\FaceCheck\camera-preview-minimal\entry\build\default\intermediates\preload\default\preload.json' from 'preloadSoJsonPath' is not exists, just ignore.
[2026-06-07T10:47:49.255] [DEBUG] debug-file - Error occurs while handling @Input 'shouldDeduplicateHar': The "data" argument must be of type string or an instance of Buffer, TypedArray, or DataView. Received undefined
[2026-06-07T10:47:49.255] [DEBUG] debug-file - Task 'entry:default@GeneratePkgModuleJson' cost while wrapping incremental declarations: 1 ms 
[2026-06-07T10:47:49.256] [DEBUG] debug-file - Incremental task entry:default@GeneratePkgModuleJson pre-execution cost: 1 ms .
[2026-06-07T10:47:49.256] [DEBUG] debug-file - entry : default@GeneratePkgModuleJson cost memory 0.10858917236328125
[2026-06-07T10:47:49.256] [INFO] debug-file - UP-TO-DATE :entry:default@GeneratePkgModuleJson...  
[2026-06-07T10:47:49.257] [DEBUG] debug-file - Executing task :entry:default@ProcessCompiledResources
[2026-06-07T10:47:49.257] [DEBUG] debug-file - File: 'D:\files_for_huaweidevelop\FaceCheck\camera-preview-minimal\entry\build\default\intermediates\preload\default\preload.json' from 'preloadSoJsonPath' is not exists, just ignore.
[2026-06-07T10:47:49.257] [DEBUG] debug-file - Task 'entry:default@ProcessCompiledResources' cost while wrapping incremental declarations: 1 ms 
[2026-06-07T10:47:49.258] [DEBUG] debug-file - entry : default@ProcessCompiledResources cost memory 0.06037139892578125
[2026-06-07T10:47:49.258] [DEBUG] debug-file - runTaskFromQueue task cost before running: 9 s 180 ms 
[2026-06-07T10:47:49.258] [INFO] debug-file - Finished :entry:default@ProcessCompiledResources... after 1 ms 
[2026-06-07T10:47:49.260] [DEBUG] debug-file - Executing task :entry:default@PackageHap
[2026-06-07T10:47:49.265] [DEBUG] debug-file - entry:default@PackageHap is not up-to-date, since the input file 'D:\files_for_huaweidevelop\FaceCheck\camera-preview-minimal\entry\build\default\intermediates\loader_out\default\ets' has been changed.
[2026-06-07T10:47:49.265] [DEBUG] debug-file - Incremental task entry:default@PackageHap pre-execution cost: 4 ms .
[2026-06-07T10:47:49.266] [DEBUG] debug-file - Use tool [D:\DevEco Studio\sdk\default\openharmony\toolchains\lib\app_packing_tool.jar]
 [
  'java',
  '-Dfile.encoding=GBK',
  '-jar',
  'D:\\DevEco Studio\\sdk\\default\\openharmony\\toolchains\\lib\\app_packing_tool.jar',
  '--mode',
  'hap',
  '--force',
  'true',
  '--lib-path',
  'D:\\files_for_huaweidevelop\\FaceCheck\\camera-preview-minimal\\entry\\build\\default\\intermediates\\stripped_native_libs\\default',
  '--json-path',
  'D:\\files_for_huaweidevelop\\FaceCheck\\camera-preview-minimal\\entry\\build\\default\\intermediates\\package\\default\\module.json',
  '--resources-path',
  'D:\\files_for_huaweidevelop\\FaceCheck\\camera-preview-minimal\\entry\\build\\default\\intermediates\\res\\default\\resources',
  '--index-path',
  'D:\\files_for_huaweidevelop\\FaceCheck\\camera-preview-minimal\\entry\\build\\default\\intermediates\\res\\default\\resources.index',
  '--pack-info-path',
  'D:\\files_for_huaweidevelop\\FaceCheck\\camera-preview-minimal\\entry\\build\\default\\outputs\\default\\pack.info',
  '--out-path',
  'D:\\files_for_huaweidevelop\\FaceCheck\\camera-preview-minimal\\entry\\build\\default\\outputs\\default\\entry-default-unsigned.hap',
  '--ets-path',
  'D:\\files_for_huaweidevelop\\FaceCheck\\camera-preview-minimal\\entry\\build\\default\\intermediates\\loader_out\\default\\ets',
  '--pkg-context-path',
  'D:\\files_for_huaweidevelop\\FaceCheck\\camera-preview-minimal\\entry\\build\\default\\intermediates\\loader\\default\\pkgContextInfo.json'
]
[2026-06-07T10:47:49.535] [DEBUG] debug-file - java daemon socket received message:{"code":0,"message":"pack success"}
[2026-06-07T10:47:49.538] [DEBUG] debug-file - entry : default@PackageHap cost memory 0.8523330688476562
[2026-06-07T10:47:49.539] [DEBUG] debug-file - runTaskFromQueue task cost before running: 9 s 461 ms 
[2026-06-07T10:47:49.540] [INFO] debug-file - Finished :entry:default@PackageHap... after 279 ms 
[2026-06-07T10:47:49.541] [DEBUG] debug-file - Executing task :entry:default@PackingCheck
[2026-06-07T10:47:49.547] [DEBUG] debug-file - entry : default@PackingCheck cost memory 0.5231781005859375
[2026-06-07T10:47:49.547] [DEBUG] debug-file - runTaskFromQueue task cost before running: 9 s 469 ms 
[2026-06-07T10:47:49.547] [INFO] debug-file - Finished :entry:default@PackingCheck... after 6 ms 
[2026-06-07T10:47:49.548] [DEBUG] debug-file - Executing task :entry:default@SignHap
[2026-06-07T10:47:49.552] [DEBUG] debug-file - entry:default@SignHap is not up-to-date, since the input file 'D:\files_for_huaweidevelop\FaceCheck\camera-preview-minimal\entry\build\default\outputs\default\entry-default-unsigned.hap' has been changed.
[2026-06-07T10:47:49.552] [DEBUG] debug-file - Incremental task entry:default@SignHap pre-execution cost: 3 ms .
[2026-06-07T10:47:49.574] [DEBUG] debug-file - java daemon socket close code:1000 reason:close by user
[2026-06-07T10:47:50.203] [DEBUG] debug-file - java daemon socket received message:{"code":0,"message":"verify profile success"}
[2026-06-07T10:47:50.208] [DEBUG] debug-file - java daemon socket close code:1000 reason:close by user
[2026-06-07T10:47:50.448] [DEBUG] debug-file - java daemon socket received message:{"code":0,"message":"sign app success"}
[2026-06-07T10:47:50.449] [DEBUG] debug-file - entry : default@SignHap cost memory 0.8625869750976562
[2026-06-07T10:47:50.449] [DEBUG] debug-file - runTaskFromQueue task cost before running: 10 s 371 ms 
[2026-06-07T10:47:50.450] [INFO] debug-file - Finished :entry:default@SignHap... after 901 ms 
[2026-06-07T10:47:50.452] [DEBUG] debug-file - Executing task :entry:default@CollectDebugSymbol
[2026-06-07T10:47:50.453] [DEBUG] debug-file - entry : default@CollectDebugSymbol cost memory 0.09627532958984375
[2026-06-07T10:47:50.453] [DEBUG] debug-file - runTaskFromQueue task cost before running: 10 s 375 ms 
[2026-06-07T10:47:50.453] [INFO] debug-file - Finished :entry:default@CollectDebugSymbol... after 2 ms 
[2026-06-07T10:47:50.453] [DEBUG] debug-file - Executing task :entry:assembleHap
[2026-06-07T10:47:50.454] [DEBUG] debug-file - entry : assembleHap cost memory 0.0128326416015625
[2026-06-07T10:47:50.454] [DEBUG] debug-file - runTaskFromQueue task cost before running: 10 s 376 ms 
[2026-06-07T10:47:50.454] [INFO] debug-file - Finished :entry:assembleHap... after 1 ms 
[2026-06-07T10:47:50.466] [INFO] debug-file - BUILD SUCCESSFUL in 10 s 388 ms 
[2026-06-07T10:47:50.468] [DEBUG] debug-file - Update task entry:default@PreBuild input file:D:\files_for_huaweidevelop\FaceCheck\camera-preview-minimal\AppScope\app.json5 cache by regenerate.
[2026-06-07T10:47:50.469] [DEBUG] debug-file - Update task entry:default@PreBuild input file:D:\files_for_huaweidevelop\FaceCheck\camera-preview-minimal\entry\src\main\module.json5 cache by regenerate.
[2026-06-07T10:47:50.469] [DEBUG] debug-file - Update task entry:default@PreBuild input file:D:\files_for_huaweidevelop\FaceCheck\camera-preview-minimal\build-profile.json5 cache by regenerate.
[2026-06-07T10:47:50.469] [DEBUG] debug-file - Update task entry:default@PreBuild input file:D:\files_for_huaweidevelop\FaceCheck\camera-preview-minimal\entry\build-profile.json5 cache by regenerate.
[2026-06-07T10:47:50.469] [DEBUG] debug-file - Update task entry:default@PreBuild input file:D:\files_for_huaweidevelop\FaceCheck\camera-preview-minimal\entry\src\main\resources\base\profile\main_pages.json cache by regenerate.
[2026-06-07T10:47:50.470] [DEBUG] debug-file - Update task entry:default@PreBuild input file:D:\files_for_huaweidevelop\FaceCheck\camera-preview-minimal\hvigor\hvigor-config.json5 cache by regenerate.
[2026-06-07T10:47:50.470] [DEBUG] debug-file - Update task entry:default@PreBuild input file:D:\files_for_huaweidevelop\FaceCheck\camera-preview-minimal\entry\oh-package.json5 cache by regenerate.
[2026-06-07T10:47:50.470] [DEBUG] debug-file - Update task entry:default@PreBuild input file:D:\files_for_huaweidevelop\FaceCheck\camera-preview-minimal\oh-package.json5 cache by regenerate.
[2026-06-07T10:47:50.471] [DEBUG] debug-file - Incremental task entry:default@PreBuild post-execution cost:4 ms .
[2026-06-07T10:47:50.471] [DEBUG] debug-file - Update task entry:default@CreateModuleInfo output file:D:\files_for_huaweidevelop\FaceCheck\camera-preview-minimal\entry\build\default\generated\profile\default\ModuleInfo.ts cache.
[2026-06-07T10:47:50.471] [DEBUG] debug-file - Incremental task entry:default@CreateModuleInfo post-execution cost:1 ms .
[2026-06-07T10:47:50.471] [DEBUG] debug-file - There is no need to refresh cache, since the incremental task entry:default@GenerateMetadata is up-to-date.
[2026-06-07T10:47:50.472] [DEBUG] debug-file - There is no need to refresh cache, since the incremental task entry:default@MergeProfile is up-to-date.
[2026-06-07T10:47:50.472] [DEBUG] debug-file - There is no need to refresh cache, since the incremental task entry:default@CreateBuildProfile is up-to-date.
[2026-06-07T10:47:50.472] [DEBUG] debug-file - There is no need to refresh cache, since the incremental task entry:default@GeneratePkgContextInfo is up-to-date.
[2026-06-07T10:47:50.472] [DEBUG] debug-file - Update task entry:default@ProcessIntegratedHsp output file:D:\files_for_huaweidevelop\FaceCheck\camera-preview-minimal\build\cache\default\integrated_hsp\integratedHspCache.json cache.
[2026-06-07T10:47:50.472] [DEBUG] debug-file - Incremental task entry:default@ProcessIntegratedHsp post-execution cost:1 ms .
[2026-06-07T10:47:50.472] [DEBUG] debug-file - There is no need to refresh cache, since the incremental task entry:default@MakePackInfo is up-to-date.
[2026-06-07T10:47:50.472] [DEBUG] debug-file - Update task entry:default@SyscapTransform input file:D:\DevEco Studio\sdk\default\openharmony\toolchains\syscap_tool.exe cache by regenerate.
[2026-06-07T10:47:50.473] [DEBUG] debug-file - Update task entry:default@SyscapTransform input file:D:\DevEco Studio\sdk\default\openharmony\ets\api\device-define cache by regenerate.
[2026-06-07T10:47:50.474] [DEBUG] debug-file - Update task entry:default@SyscapTransform output file:D:\files_for_huaweidevelop\FaceCheck\camera-preview-minimal\entry\build\default\intermediates\syscap\default\rpcid.sc cache.
[2026-06-07T10:47:50.475] [DEBUG] debug-file - Incremental task entry:default@SyscapTransform post-execution cost:3 ms .
[2026-06-07T10:47:50.475] [DEBUG] debug-file - There is no need to refresh cache, since the incremental task entry:default@ProcessProfile is up-to-date.
[2026-06-07T10:47:50.475] [DEBUG] debug-file - There is no need to refresh cache, since the incremental task entry:default@ProcessRouterMap is up-to-date.
[2026-06-07T10:47:50.475] [DEBUG] debug-file - There is no need to refresh cache, since the incremental task entry:default@ProcessShareConfig is up-to-date.
[2026-06-07T10:47:50.475] [DEBUG] debug-file - Update task entry:default@ProcessStartupConfig input file:D:\files_for_huaweidevelop\FaceCheck\camera-preview-minimal\entry\build\default\intermediates\loader\default\pkgContextInfo.json cache by regenerate.
[2026-06-07T10:47:50.475] [DEBUG] debug-file - Update task entry:default@ProcessStartupConfig output file:D:\files_for_huaweidevelop\FaceCheck\camera-preview-minimal\entry\build\default\intermediates\startup\default\startup_config.json cache.
[2026-06-07T10:47:50.476] [DEBUG] debug-file - Incremental task entry:default@ProcessStartupConfig post-execution cost:1 ms .
[2026-06-07T10:47:50.476] [DEBUG] debug-file - There is no need to refresh cache, since the incremental task entry:default@ProcessResource is up-to-date.
[2026-06-07T10:47:50.476] [DEBUG] debug-file - There is no need to refresh cache, since the incremental task entry:default@GenerateLoaderJson is up-to-date.
[2026-06-07T10:47:50.476] [DEBUG] debug-file - There is no need to refresh cache, since the incremental task entry:default@ProcessLibs is up-to-date.
[2026-06-07T10:47:50.476] [DEBUG] debug-file - There is no need to refresh cache, since the incremental task entry:default@CompileResource is up-to-date.
[2026-06-07T10:47:50.476] [DEBUG] debug-file - There is no need to refresh cache, since the incremental task entry:default@DoNativeStrip is up-to-date.
[2026-06-07T10:47:50.478] [DEBUG] debug-file - Update task entry:default@CompileArkTS input file:D:\files_for_huaweidevelop\FaceCheck\camera-preview-minimal\entry\build\default\intermediates\loader\default cache by regenerate.
[2026-06-07T10:47:50.479] [DEBUG] debug-file - Update task entry:default@CompileArkTS input file:D:\files_for_huaweidevelop\FaceCheck\camera-preview-minimal\entry\build\default\intermediates\res\default\ResourceTable.txt cache by regenerate.
[2026-06-07T10:47:50.479] [DEBUG] debug-file - Update task entry:default@CompileArkTS input file:D:\files_for_huaweidevelop\FaceCheck\camera-preview-minimal\entry\build\default\intermediates\res\default\ark_module.json cache by regenerate.
[2026-06-07T10:47:50.479] [DEBUG] debug-file - Update task entry:default@CompileArkTS input file:D:\files_for_huaweidevelop\FaceCheck\camera-preview-minimal\entry\build\default\intermediates\res\default\resources\base\profile cache by regenerate.
[2026-06-07T10:47:50.480] [DEBUG] debug-file - Update task entry:default@CompileArkTS input file:D:\files_for_huaweidevelop\FaceCheck\camera-preview-minimal\entry\src\main\ets cache from map.
[2026-06-07T10:47:50.480] [DEBUG] debug-file - Update task entry:default@CompileArkTS input file:D:\files_for_huaweidevelop\FaceCheck\camera-preview-minimal\entry\build\default\intermediates\loader\default\pkgContextInfo.json cache by regenerate.
[2026-06-07T10:47:50.480] [DEBUG] debug-file - Update task entry:default@CompileArkTS input file:D:\files_for_huaweidevelop\FaceCheck\camera-preview-minimal\entry\build\default\generated\profile\default\BuildProfile.ets cache by regenerate.
[2026-06-07T10:47:50.481] [DEBUG] debug-file - Update task entry:default@CompileArkTS output file:D:\files_for_huaweidevelop\FaceCheck\camera-preview-minimal\entry\build\default\intermediates\loader_out\default\ets cache.
[2026-06-07T10:47:50.481] [DEBUG] debug-file - Incremental task entry:default@CompileArkTS post-execution cost:6 ms .
[2026-06-07T10:47:50.483] [DEBUG] debug-file - Update task entry:default@BuildJS input file:D:\files_for_huaweidevelop\FaceCheck\camera-preview-minimal\entry\build\default\intermediates\loader\default cache by regenerate.
[2026-06-07T10:47:50.484] [DEBUG] debug-file - Update task entry:default@BuildJS input file:D:\files_for_huaweidevelop\FaceCheck\camera-preview-minimal\entry\build\default\intermediates\res\default\ResourceTable.txt cache by regenerate.
[2026-06-07T10:47:50.484] [DEBUG] debug-file - Update task entry:default@BuildJS input file:D:\files_for_huaweidevelop\FaceCheck\camera-preview-minimal\entry\build\default\intermediates\res\default\ark_module.json cache by regenerate.
[2026-06-07T10:47:50.484] [DEBUG] debug-file - Update task entry:default@BuildJS input file:D:\files_for_huaweidevelop\FaceCheck\camera-preview-minimal\entry\build\default\intermediates\res\default\resources\base\profile cache by regenerate.
[2026-06-07T10:47:50.485] [DEBUG] debug-file - Update task entry:default@BuildJS input file:D:\files_for_huaweidevelop\FaceCheck\camera-preview-minimal\entry\build\default\intermediates\loader\default\pkgContextInfo.json cache by regenerate.
[2026-06-07T10:47:50.485] [DEBUG] debug-file - Update task entry:default@BuildJS output file:D:\files_for_huaweidevelop\FaceCheck\camera-preview-minimal\entry\build\default\intermediates\loader_out\default\js cache.
[2026-06-07T10:47:50.485] [DEBUG] debug-file - Incremental task entry:default@BuildJS post-execution cost:4 ms .
[2026-06-07T10:47:50.486] [DEBUG] debug-file - There is no need to refresh cache, since the incremental task entry:default@CacheNativeLibs is up-to-date.
[2026-06-07T10:47:50.486] [DEBUG] debug-file - There is no need to refresh cache, since the incremental task entry:default@GeneratePkgModuleJson is up-to-date.
[2026-06-07T10:47:50.486] [DEBUG] debug-file - Incremental task entry:default@ProcessCompiledResources post-execution cost:1 ms .
[2026-06-07T10:47:50.486] [DEBUG] debug-file - Update task entry:default@PackageHap input file:D:\files_for_huaweidevelop\FaceCheck\camera-preview-minimal\entry\build\default\intermediates\stripped_native_libs\default cache by regenerate.
[2026-06-07T10:47:50.487] [DEBUG] debug-file - Update task entry:default@PackageHap input file:D:\files_for_huaweidevelop\FaceCheck\camera-preview-minimal\entry\build\default\intermediates\res\default\module.json cache by regenerate.
[2026-06-07T10:47:50.487] [DEBUG] debug-file - Update task entry:default@PackageHap input file:D:\files_for_huaweidevelop\FaceCheck\camera-preview-minimal\entry\build\default\intermediates\res\default\resources cache by regenerate.
[2026-06-07T10:47:50.489] [DEBUG] debug-file - Update task entry:default@PackageHap input file:D:\files_for_huaweidevelop\FaceCheck\camera-preview-minimal\entry\build\default\intermediates\res\default\resources.index cache by regenerate.
[2026-06-07T10:47:50.489] [DEBUG] debug-file - Update task entry:default@PackageHap input file:D:\files_for_huaweidevelop\FaceCheck\camera-preview-minimal\entry\build\default\outputs\default\pack.info cache by regenerate.
[2026-06-07T10:47:50.490] [DEBUG] debug-file - Update task entry:default@PackageHap input file:D:\files_for_huaweidevelop\FaceCheck\camera-preview-minimal\entry\build\default\intermediates\loader_out\default\ets cache from map.
[2026-06-07T10:47:50.490] [DEBUG] debug-file - Update task entry:default@PackageHap input file:D:\files_for_huaweidevelop\FaceCheck\camera-preview-minimal\entry\build\default\intermediates\loader\default\pkgContextInfo.json cache by regenerate.
[2026-06-07T10:47:50.490] [DEBUG] debug-file - Update task entry:default@PackageHap input file:D:\files_for_huaweidevelop\FaceCheck\camera-preview-minimal\entry\build\default\intermediates\loader_out\default\ets\sourceMaps.map cache by regenerate.
[2026-06-07T10:47:50.490] [DEBUG] debug-file - Update task entry:default@PackageHap input file:D:\files_for_huaweidevelop\FaceCheck\camera-preview-minimal\entry\build\default\generated\profile\default\BuildProfile.ets cache by regenerate.
[2026-06-07T10:47:50.491] [DEBUG] debug-file - Update task entry:default@PackageHap output file:D:\files_for_huaweidevelop\FaceCheck\camera-preview-minimal\entry\build\default\outputs\default\entry-default-unsigned.hap cache.
[2026-06-07T10:47:50.491] [DEBUG] debug-file - Update task entry:default@PackageHap output file:D:\files_for_huaweidevelop\FaceCheck\camera-preview-minimal\entry\build\default\intermediates\source_map\default\sourceMaps.map cache.
[2026-06-07T10:47:50.491] [DEBUG] debug-file - Update task entry:default@PackageHap output file:D:\files_for_huaweidevelop\FaceCheck\camera-preview-minimal\entry\build\default\outputs\default\mapping\sourceMaps.map cache.
[2026-06-07T10:47:50.492] [DEBUG] debug-file - Incremental task entry:default@PackageHap post-execution cost:7 ms .
[2026-06-07T10:47:50.493] [DEBUG] debug-file - Update task entry:default@SignHap input file:C:\Users\white\.ohos\config\default_FaceCheck_XIP5AEtjoMg_LHh2fT2SHXaqBQOeOLbhsmuA_gUfwkM=.cer cache by regenerate.
[2026-06-07T10:47:50.493] [DEBUG] debug-file - Update task entry:default@SignHap input file:C:\Users\white\.ohos\config\default_FaceCheck_XIP5AEtjoMg_LHh2fT2SHXaqBQOeOLbhsmuA_gUfwkM=.p7b cache by regenerate.
[2026-06-07T10:47:50.494] [DEBUG] debug-file - Update task entry:default@SignHap input file:C:\Users\white\.ohos\config\default_FaceCheck_XIP5AEtjoMg_LHh2fT2SHXaqBQOeOLbhsmuA_gUfwkM=.p12 cache by regenerate.
[2026-06-07T10:47:50.494] [DEBUG] debug-file - Update task entry:default@SignHap input file:D:\files_for_huaweidevelop\FaceCheck\camera-preview-minimal\entry\build\default\outputs\default\entry-default-unsigned.hap cache from map.
[2026-06-07T10:47:50.494] [DEBUG] debug-file - Update task entry:default@SignHap output file:D:\files_for_huaweidevelop\FaceCheck\camera-preview-minimal\entry\build\default\outputs\default\entry-default-signed.hap cache.
[2026-06-07T10:47:50.494] [DEBUG] debug-file - Incremental task entry:default@SignHap post-execution cost:3 ms .
[2026-06-07T10:47:50.495] [DEBUG] debug-file - Update task entry:default@CollectDebugSymbol input file:D:\files_for_huaweidevelop\FaceCheck\camera-preview-minimal\entry\build\default\intermediates\loader_out\default\ets\sourceMaps.map cache by regenerate.
[2026-06-07T10:47:50.495] [DEBUG] debug-file - Update task entry:default@CollectDebugSymbol input file:D:\files_for_huaweidevelop\FaceCheck\camera-preview-minimal\entry\build\default\intermediates\libs\default cache by regenerate.
[2026-06-07T10:47:50.496] [DEBUG] debug-file - Update task entry:default@CollectDebugSymbol output file:D:\files_for_huaweidevelop\FaceCheck\camera-preview-minimal\entry\build\default\outputs\default\symbol cache.
[2026-06-07T10:47:50.496] [DEBUG] debug-file - Incremental task entry:default@CollectDebugSymbol post-execution cost:2 ms .
[2026-06-07T10:47:50.521] [DEBUG] debug-file - Cleanup worker 0.
[2026-06-07T10:47:50.521] [DEBUG] debug-file - Worker 0 has been cleaned up.
[2026-06-07T10:47:50.522] [DEBUG] debug-file - Current idle worker size: 2.
[2026-06-07T10:47:50.522] [DEBUG] debug-file - Current resident worker size: 3.
[2026-06-07T10:47:50.522] [DEBUG] debug-file - Cleanup worker 1.
[2026-06-07T10:47:50.522] [DEBUG] debug-file - Worker 1 has been cleaned up.
[2026-06-07T10:47:50.522] [DEBUG] debug-file - Current idle worker size: 1.
[2026-06-07T10:47:50.522] [DEBUG] debug-file - Current resident worker size: 3.
[2026-06-07T10:47:50.523] [DEBUG] debug-file - hvigor build process will be closed.
[2026-06-07T10:47:50.523] [DEBUG] debug-file - java daemon socket close code:1000 reason:close by user
[2026-06-07T10:47:50.528] [DEBUG] debug-file - session manager: send message to worker process.
[2026-06-07T10:47:50.528] [DEBUG] debug-file - session manager: send message to worker process.
[2026-06-07T10:47:50.527] [DEBUG] debug-file - worker[1] exits with exit code 1.
[2026-06-07T10:47:50.527] [DEBUG] debug-file - worker[0] exits with exit code 1.
[2026-06-07T10:47:50.528] [DEBUG] debug-file - watch worker: worker id should be larger than 0. Nothing will be sent to any worker thread.
[2026-06-07T10:47:50.529] [DEBUG] debug-file - watch worker: worker id should be larger than 0. Nothing will be sent to any worker thread.
[2026-06-07T10:54:37.141] [DEBUG] debug-file - env: nodejsVersion=v18.20.1
[2026-06-07T10:54:37.205] [DEBUG] debug-file - env: daemon=true
[2026-06-07T10:54:37.142] [DEBUG] debug-file - env: hvigor-config.json5 content = {
  modelVersion: '6.0.2',
  dependencies: {},
  execution: {},
  logging: {},
  debugging: {},
  nodeOptions: {}
}
[2026-06-07T10:54:37.776] [DEBUG] debug-file - session manager: set active socket. socketId=IoMuMVY0qBPqQM8BAAAD
[2026-06-07T10:54:37.784] [DEBUG] debug-file - watch worker: worker id should be larger than 0. Nothing will be sent to any worker thread.
[2026-06-07T10:54:37.789] [DEBUG] debug-file - Workers' log level updated to INFO
[2026-06-07T10:54:37.793] [DEBUG] debug-file - Hvigor init with startParameters:{
  hvigorfileTypeCheck: false,
  parallelExecution: true,
  incrementalExecution: true,
  printStackTrace: false,
  daemon: true,
  analyze: 0,
  logLevel: Level { level: 20000, levelStr: 'INFO', colour: 'green' },
  optimizationStrategy: 'memory',
  hotCompile: undefined,
  hotReloadBuild: undefined,
  customizedParam: undefined
}
[2026-06-07T10:54:37.797] [DEBUG] debug-file - Cache service initialization finished in 4 ms 
[2026-06-07T10:54:37.798] [DEBUG] debug-file - hvigorfile, resolving D:\files_for_huaweidevelop\FaceCheck\camera-preview-minimal\hvigorfile.ts
[2026-06-07T10:54:37.805] [DEBUG] debug-file - hvigorfile, require result:  { default: { plugins: [] } }
[2026-06-07T10:54:37.805] [DEBUG] debug-file - hvigorfile, binding system plugins null
[2026-06-07T10:54:37.805] [DEBUG] debug-file - Starting plugin build process
[2026-06-07T10:54:37.805] [DEBUG] debug-file - App plugin prepare start...
[2026-06-07T10:54:37.806] [DEBUG] debug-file - App plugin prepare end...
[2026-06-07T10:54:37.806] [DEBUG] debug-file - App plugin creating...
[2026-06-07T10:54:37.811] [DEBUG] debug-file - App plugin register hook start...
[2026-06-07T10:54:37.811] [DEBUG] debug-file - App plugin register hook end...
[2026-06-07T10:54:37.811] [DEBUG] debug-file - Plugin build process completed
[2026-06-07T10:54:37.812] [DEBUG] debug-file - Start initialize project's product build option map with build mode debug.
[2026-06-07T10:54:37.812] [DEBUG] debug-file - Picking option from product 'default' with build mode 'debug'.
[2026-06-07T10:54:37.812] [DEBUG] debug-file - Product 'default' build option initialized
[2026-06-07T10:54:37.812] [DEBUG] debug-file - End initialize project's product build option map with build mode 'debug'.
[2026-06-07T10:54:37.813] [DEBUG] debug-file - Obtain build option for product 'default'in this build.
[2026-06-07T10:54:37.814] [DEBUG] debug-file - D:\files_for_huaweidevelop\FaceCheck\camera-preview-minimal\build\cache\default\remote_hsp\remoteHspCache.json not exists.
[2026-06-07T10:54:37.818] [DEBUG] debug-file - Start recording SDK configuration permission data.
[2026-06-07T10:54:37.852] [DEBUG] debug-file - Sdk init in 38 ms 
[2026-06-07T10:54:37.856] [DEBUG] debug-file - Project task initialization takes 4 ms 
[2026-06-07T10:54:37.856] [DEBUG] debug-file - hvigorfile, binding custom plugins []
[2026-06-07T10:54:37.856] [DEBUG] debug-file - hvigorfile, no custom plugins were found in D:\files_for_huaweidevelop\FaceCheck\camera-preview-minimal\hvigorfile.ts
[2026-06-07T10:54:37.856] [DEBUG] debug-file - hvigorfile, resolve finished D:\files_for_huaweidevelop\FaceCheck\camera-preview-minimal\hvigorfile.ts
[2026-06-07T10:54:37.857] [DEBUG] debug-file - hvigorfile, resolving D:\files_for_huaweidevelop\FaceCheck\camera-preview-minimal\entry\hvigorfile.ts
[2026-06-07T10:54:37.862] [DEBUG] debug-file - hvigorfile, require result:  { default: { plugins: [] } }
[2026-06-07T10:54:37.862] [DEBUG] debug-file - hvigorfile, binding system plugins null
[2026-06-07T10:54:37.862] [DEBUG] debug-file - Starting plugin build process
[2026-06-07T10:54:37.862] [DEBUG] debug-file - Hap plugin creating...
[2026-06-07T10:54:37.865] [DEBUG] debug-file - failed to load cangjie to dynamically generate schemas: Error: Cannot find module '@ohos/cangjie-build-support/index'
Require stack:
- D:\DevEco Studio\tools\hvigor\hvigor-ohos-plugin\src\plugin\hooks\cangjie-register.js
- D:\DevEco Studio\tools\hvigor\hvigor-ohos-plugin\src\plugin\strategy\stage-init-strategy.js
- D:\DevEco Studio\tools\hvigor\hvigor-ohos-plugin\src\plugin\builder\abstract-plugin-builder.js
- D:\DevEco Studio\tools\hvigor\hvigor-ohos-plugin\src\plugin\builder\app-plugin-builder.js
- D:\DevEco Studio\tools\hvigor\hvigor-ohos-plugin\src\plugin\factory\plugin-factory.js
- D:\DevEco Studio\tools\hvigor\hvigor-ohos-plugin\index.js
- D:\files_for_huaweidevelop\FaceCheck\camera-preview-minimal\hvigorfile.ts
- D:\DevEco Studio\tools\hvigor\hvigor\src\base\internal\lifecycle\configuration.js
- D:\DevEco Studio\tools\hvigor\hvigor\src\base\boot\index.js
- D:\DevEco Studio\tools\hvigor\hvigor\src\base\daemon\cluster\worker-process-lifecycle.js
- D:\DevEco Studio\tools\hvigor\hvigor\src\base\daemon\process\daemon-process-boot-script.js
[2026-06-07T10:54:37.872] [DEBUG] debug-file - Start initialize module-target build option map, moduleName=entry, buildMode=debug
[2026-06-07T10:54:37.872] [DEBUG] debug-file - Target 'default' config initialized
[2026-06-07T10:54:37.872] [DEBUG] debug-file - Module 'entry' target 'default' build option initialized
[2026-06-07T10:54:37.872] [DEBUG] debug-file - End initialize module-target build option map, moduleName=entry
[2026-06-07T10:54:37.872] [DEBUG] debug-file - Start initialize module-target build option map, moduleName=entry, buildMode=release
[2026-06-07T10:54:37.873] [DEBUG] debug-file - Target 'default' config initialized
[2026-06-07T10:54:37.874] [DEBUG] debug-file - Module 'entry' target 'default' build option initialized
[2026-06-07T10:54:37.874] [DEBUG] debug-file - End initialize module-target build option map, moduleName=entry
[2026-06-07T10:54:37.874] [DEBUG] debug-file - Start initialize module-target build option map, moduleName=entry, buildMode=debug
[2026-06-07T10:54:37.874] [DEBUG] debug-file - Target 'default' config initialized
[2026-06-07T10:54:37.874] [DEBUG] debug-file - Module 'entry' target 'default' build option initialized
[2026-06-07T10:54:37.874] [DEBUG] debug-file - End initialize module-target build option map, moduleName=entry
[2026-06-07T10:54:37.874] [DEBUG] debug-file - Obtain build option for module 'entry' target 'default'in this build.
[2026-06-07T10:54:37.876] [DEBUG] debug-file - Module entry task initialization takes 2 ms 
[2026-06-07T10:54:37.876] [DEBUG] debug-file - Hap plugin register hook start...
[2026-06-07T10:54:37.876] [DEBUG] debug-file - Hap plugin register hook end...
[2026-06-07T10:54:37.876] [DEBUG] debug-file - Plugin build process completed
[2026-06-07T10:54:37.876] [DEBUG] debug-file - hvigorfile, binding custom plugins []
[2026-06-07T10:54:37.876] [DEBUG] debug-file - hvigorfile, no custom plugins were found in D:\files_for_huaweidevelop\FaceCheck\camera-preview-minimal\entry\hvigorfile.ts
[2026-06-07T10:54:37.877] [DEBUG] debug-file - hvigorfile, resolve finished D:\files_for_huaweidevelop\FaceCheck\camera-preview-minimal\entry\hvigorfile.ts
[2026-06-07T10:54:37.898] [DEBUG] debug-file - hvigorfile, resolve hvigorfile dependencies in 21 ms 
[2026-06-07T10:54:37.898] [DEBUG] debug-file - project has submodules:entry
[2026-06-07T10:54:37.900] [DEBUG] debug-file - start to load updatedOhPackageInfo to the disk
[2026-06-07T10:54:37.906] [DEBUG] debug-file - load to the disk finished
[2026-06-07T10:54:37.907] [DEBUG] debug-file - Start to initialize dependency information.
[2026-06-07T10:54:37.913] [DEBUG] debug-file - Module camera-preview-minimal Collected Dependency: 
[2026-06-07T10:54:37.914] [DEBUG] debug-file - Module camera-preview-minimal's total dependency: 0
[2026-06-07T10:54:37.914] [DEBUG] debug-file - Start to initialize dependency information.
[2026-06-07T10:54:37.916] [DEBUG] debug-file - Module entry Collected Dependency: 
[2026-06-07T10:54:37.916] [DEBUG] debug-file - Module entry's total dependency: 0
[2026-06-07T10:54:37.918] [DEBUG] debug-file - Configuration phase cost:121 ms 
[2026-06-07T10:54:37.919] [DEBUG] debug-file - Configuration task cost before running: 130 ms 
[2026-06-07T10:54:37.923] [DEBUG] debug-file - Executing task :entry:default@PreBuild
[2026-06-07T10:54:37.924] [DEBUG] debug-file - Task 'entry:default@PreBuild' cost while wrapping incremental declarations: 1 ms 
[2026-06-07T10:54:37.930] [DEBUG] debug-file - Incremental task entry:default@PreBuild pre-execution cost: 5 ms .
[2026-06-07T10:54:37.930] [DEBUG] debug-file - entry : default@PreBuild cost memory 0.3302154541015625
[2026-06-07T10:54:37.932] [INFO] debug-file - UP-TO-DATE :entry:default@PreBuild...  
[2026-06-07T10:54:37.933] [DEBUG] debug-file - Executing task :entry:default@CreateModuleInfo
[2026-06-07T10:54:37.933] [DEBUG] debug-file - Task 'entry:default@CreateModuleInfo' cost while wrapping incremental declarations: 1 ms 
[2026-06-07T10:54:37.934] [DEBUG] debug-file - entry : default@CreateModuleInfo cost memory 0.04183197021484375
[2026-06-07T10:54:37.934] [DEBUG] debug-file - runTaskFromQueue task cost before running: 145 ms 
[2026-06-07T10:54:37.934] [INFO] debug-file - Finished :entry:default@CreateModuleInfo... after 1 ms 
[2026-06-07T10:54:37.938] [DEBUG] debug-file - Executing task :entry:default@GenerateMetadata
[2026-06-07T10:54:37.938] [DEBUG] debug-file - Task 'entry:default@GenerateMetadata' cost while wrapping incremental declarations: 1 ms 
[2026-06-07T10:54:37.939] [DEBUG] debug-file - Incremental task entry:default@GenerateMetadata pre-execution cost: 1 ms .
[2026-06-07T10:54:37.939] [DEBUG] debug-file - entry : default@GenerateMetadata cost memory 0.0896148681640625
[2026-06-07T10:54:37.940] [INFO] debug-file - UP-TO-DATE :entry:default@GenerateMetadata...  
[2026-06-07T10:54:37.940] [DEBUG] debug-file - Executing task :entry:default@ConfigureCmake
[2026-06-07T10:54:37.940] [DEBUG] debug-file - entry : default@ConfigureCmake cost memory 0.0145416259765625
[2026-06-07T10:54:37.941] [DEBUG] debug-file - runTaskFromQueue task cost before running: 152 ms 
[2026-06-07T10:54:37.941] [INFO] debug-file - Finished :entry:default@ConfigureCmake... after 1 ms 
[2026-06-07T10:54:37.942] [DEBUG] debug-file - Executing task :entry:default@MergeProfile
[2026-06-07T10:54:37.942] [DEBUG] debug-file - Task 'entry:default@MergeProfile' cost while wrapping incremental declarations: 1 ms 
[2026-06-07T10:54:37.944] [DEBUG] debug-file - Incremental task entry:default@MergeProfile pre-execution cost: 2 ms .
[2026-06-07T10:54:37.944] [DEBUG] debug-file - entry : default@MergeProfile cost memory 0.131683349609375
[2026-06-07T10:54:37.945] [INFO] debug-file - UP-TO-DATE :entry:default@MergeProfile...  
[2026-06-07T10:54:37.946] [DEBUG] debug-file - Executing task :entry:default@CreateBuildProfile
[2026-06-07T10:54:37.946] [DEBUG] debug-file - Task 'entry:default@CreateBuildProfile' cost while wrapping incremental declarations: 1 ms 
[2026-06-07T10:54:37.948] [DEBUG] debug-file - Incremental task entry:default@CreateBuildProfile pre-execution cost: 2 ms .
[2026-06-07T10:54:37.948] [DEBUG] debug-file - entry : default@CreateBuildProfile cost memory 0.09922027587890625
[2026-06-07T10:54:37.948] [INFO] debug-file - UP-TO-DATE :entry:default@CreateBuildProfile...  
[2026-06-07T10:54:37.949] [DEBUG] debug-file - Executing task :entry:default@PreCheckSyscap
[2026-06-07T10:54:37.949] [DEBUG] debug-file - entry : default@PreCheckSyscap cost memory 0.01485443115234375
[2026-06-07T10:54:37.949] [DEBUG] debug-file - runTaskFromQueue task cost before running: 161 ms 
[2026-06-07T10:54:37.950] [INFO] debug-file - Finished :entry:default@PreCheckSyscap... after 1 ms 
[2026-06-07T10:54:37.951] [DEBUG] debug-file - Executing task :entry:default@GeneratePkgContextInfo
[2026-06-07T10:54:37.955] [DEBUG] debug-file - Task 'entry:default@GeneratePkgContextInfo' cost while wrapping incremental declarations: 1 ms 
[2026-06-07T10:54:37.956] [DEBUG] debug-file - Incremental task entry:default@GeneratePkgContextInfo pre-execution cost: 1 ms .
[2026-06-07T10:54:37.956] [DEBUG] debug-file - entry : default@GeneratePkgContextInfo cost memory 0.28466796875
[2026-06-07T10:54:37.956] [INFO] debug-file - UP-TO-DATE :entry:default@GeneratePkgContextInfo...  
[2026-06-07T10:54:37.959] [DEBUG] debug-file - Executing task :entry:default@ProcessIntegratedHsp
[2026-06-07T10:54:37.960] [DEBUG] debug-file - entry:default@ProcessIntegratedHsp is not up-to-date, since the output file 'D:\files_for_huaweidevelop\FaceCheck\camera-preview-minimal\build\cache\default\integrated_hsp\integratedHspCache.json' does not exist.
[2026-06-07T10:54:37.960] [DEBUG] debug-file - Incremental task entry:default@ProcessIntegratedHsp pre-execution cost: 1 ms .
[2026-06-07T10:54:37.960] [DEBUG] debug-file - entry : default@ProcessIntegratedHsp cost memory 0.05786895751953125
[2026-06-07T10:54:37.960] [DEBUG] debug-file - runTaskFromQueue task cost before running: 171 ms 
[2026-06-07T10:54:37.960] [INFO] debug-file - Finished :entry:default@ProcessIntegratedHsp... after 1 ms 
[2026-06-07T10:54:37.962] [DEBUG] debug-file - Executing task :entry:default@BuildNativeWithCmake
[2026-06-07T10:54:37.962] [DEBUG] debug-file - entry : default@BuildNativeWithCmake cost memory 0.0144805908203125
[2026-06-07T10:54:37.962] [DEBUG] debug-file - runTaskFromQueue task cost before running: 173 ms 
[2026-06-07T10:54:37.962] [INFO] debug-file - Finished :entry:default@BuildNativeWithCmake... after 1 ms 
[2026-06-07T10:54:37.963] [DEBUG] debug-file - Executing task :entry:default@MakePackInfo
[2026-06-07T10:54:37.965] [DEBUG] debug-file - Incremental task entry:default@MakePackInfo pre-execution cost: 2 ms .
[2026-06-07T10:54:37.965] [DEBUG] debug-file - entry : default@MakePackInfo cost memory 0.11273193359375
[2026-06-07T10:54:37.966] [INFO] debug-file - UP-TO-DATE :entry:default@MakePackInfo...  
[2026-06-07T10:54:37.967] [DEBUG] debug-file - Executing task :entry:default@SyscapTransform
[2026-06-07T10:54:37.967] [DEBUG] debug-file - File: 'D:\files_for_huaweidevelop\FaceCheck\camera-preview-minimal\entry\src\main\syscap.json' from 'sysCapJsonPath' is not exists, just ignore.
[2026-06-07T10:54:37.967] [DEBUG] debug-file - Task 'entry:default@SyscapTransform' cost while wrapping incremental declarations: 1 ms 
[2026-06-07T10:54:37.970] [DEBUG] debug-file - entry:default@SyscapTransform is not up-to-date, since the output file 'D:\files_for_huaweidevelop\FaceCheck\camera-preview-minimal\entry\build\default\intermediates\syscap\default\rpcid.sc' does not exist.
[2026-06-07T10:54:37.970] [DEBUG] debug-file - Incremental task entry:default@SyscapTransform pre-execution cost: 3 ms .
[2026-06-07T10:54:37.970] [DEBUG] debug-file - entry : default@SyscapTransform cost memory -1.4029083251953125
[2026-06-07T10:54:37.970] [DEBUG] debug-file - runTaskFromQueue task cost before running: 181 ms 
[2026-06-07T10:54:37.970] [INFO] debug-file - Finished :entry:default@SyscapTransform... after 4 ms 
[2026-06-07T10:54:37.972] [DEBUG] debug-file - Executing task :entry:default@ProcessProfile
[2026-06-07T10:54:37.972] [DEBUG] debug-file - Task 'entry:default@ProcessProfile' cost while wrapping incremental declarations: 1 ms 
[2026-06-07T10:54:37.973] [DEBUG] debug-file - Incremental task entry:default@ProcessProfile pre-execution cost: 1 ms .
[2026-06-07T10:54:37.973] [DEBUG] debug-file - entry : default@ProcessProfile cost memory 0.1329803466796875
[2026-06-07T10:54:37.973] [INFO] debug-file - UP-TO-DATE :entry:default@ProcessProfile...  
[2026-06-07T10:54:37.974] [DEBUG] debug-file - Executing task :entry:default@ProcessRouterMap
[2026-06-07T10:54:37.977] [DEBUG] debug-file - Incremental task entry:default@ProcessRouterMap pre-execution cost: 2 ms .
[2026-06-07T10:54:37.977] [DEBUG] debug-file - entry : default@ProcessRouterMap cost memory 0.1740570068359375
[2026-06-07T10:54:37.977] [INFO] debug-file - UP-TO-DATE :entry:default@ProcessRouterMap...  
[2026-06-07T10:54:37.978] [DEBUG] debug-file - Executing task :entry:default@ProcessShareConfig
[2026-06-07T10:54:37.980] [DEBUG] debug-file - Incremental task entry:default@ProcessShareConfig pre-execution cost: 2 ms .
[2026-06-07T10:54:37.981] [DEBUG] debug-file - entry : default@ProcessShareConfig cost memory 0.14923095703125
[2026-06-07T10:54:37.981] [INFO] debug-file - UP-TO-DATE :entry:default@ProcessShareConfig...  
[2026-06-07T10:54:37.982] [DEBUG] debug-file - Executing task :entry:default@ProcessStartupConfig
[2026-06-07T10:54:37.982] [DEBUG] debug-file - Task 'entry:default@ProcessStartupConfig' cost while wrapping incremental declarations: 1 ms 
[2026-06-07T10:54:37.983] [DEBUG] debug-file - entry:default@ProcessStartupConfig is not up-to-date, since the output file 'D:\files_for_huaweidevelop\FaceCheck\camera-preview-minimal\entry\build\default\intermediates\startup\default\startup_config.json' does not exist.
[2026-06-07T10:54:37.983] [DEBUG] debug-file - Incremental task entry:default@ProcessStartupConfig pre-execution cost: 1 ms .
[2026-06-07T10:54:37.983] [DEBUG] debug-file - entry : default@ProcessStartupConfig cost memory 0.1437835693359375
[2026-06-07T10:54:37.983] [DEBUG] debug-file - runTaskFromQueue task cost before running: 195 ms 
[2026-06-07T10:54:37.984] [INFO] debug-file - Finished :entry:default@ProcessStartupConfig... after 2 ms 
[2026-06-07T10:54:37.985] [DEBUG] debug-file - Executing task :entry:default@BuildNativeWithNinja
[2026-06-07T10:54:37.985] [DEBUG] debug-file - entry : default@BuildNativeWithNinja cost memory 0.021392822265625
[2026-06-07T10:54:37.985] [DEBUG] debug-file - runTaskFromQueue task cost before running: 196 ms 
[2026-06-07T10:54:37.985] [INFO] debug-file - Finished :entry:default@BuildNativeWithNinja... after 1 ms 
[2026-06-07T10:54:37.987] [DEBUG] debug-file - restool module names: entry; moduleName=entry, taskName=default@ProcessResource
[2026-06-07T10:54:37.988] [DEBUG] debug-file - Executing task :entry:default@ProcessResource
[2026-06-07T10:54:37.988] [DEBUG] debug-file - Task 'entry:default@ProcessResource' cost while wrapping incremental declarations: 1 ms 
[2026-06-07T10:54:37.989] [DEBUG] debug-file - Incremental task entry:default@ProcessResource pre-execution cost: 1 ms .
[2026-06-07T10:54:37.990] [DEBUG] debug-file - entry : default@ProcessResource cost memory 0.13559722900390625
[2026-06-07T10:54:37.991] [INFO] debug-file - UP-TO-DATE :entry:default@ProcessResource...  
[2026-06-07T10:54:37.993] [DEBUG] debug-file - Executing task :entry:default@GenerateLoaderJson
[2026-06-07T10:54:37.993] [DEBUG] debug-file - Task 'entry:default@GenerateLoaderJson' cost while wrapping incremental declarations: 1 ms 
[2026-06-07T10:54:38.000] [DEBUG] debug-file - Incremental task entry:default@GenerateLoaderJson pre-execution cost: 5 ms .
[2026-06-07T10:54:38.000] [DEBUG] debug-file - entry : default@GenerateLoaderJson cost memory 0.5440750122070312
[2026-06-07T10:54:38.003] [INFO] debug-file - UP-TO-DATE :entry:default@GenerateLoaderJson...  
[2026-06-07T10:54:38.004] [DEBUG] debug-file - Executing task :entry:default@ProcessLibs
[2026-06-07T10:54:38.007] [DEBUG] debug-file - Incremental task entry:default@ProcessLibs pre-execution cost: 3 ms .
[2026-06-07T10:54:38.007] [DEBUG] debug-file - entry : default@ProcessLibs cost memory 0.110015869140625
[2026-06-07T10:54:38.007] [INFO] debug-file - UP-TO-DATE :entry:default@ProcessLibs...  
[2026-06-07T10:54:38.008] [DEBUG] debug-file - restool module names: entry; moduleName=entry, taskName=default@CompileResource
[2026-06-07T10:54:38.009] [DEBUG] debug-file - Executing task :entry:default@CompileResource
[2026-06-07T10:54:38.026] [DEBUG] debug-file - Incremental task entry:default@CompileResource pre-execution cost: 16 ms .
[2026-06-07T10:54:38.026] [DEBUG] debug-file - entry : default@CompileResource cost memory 0.6484222412109375
[2026-06-07T10:54:38.028] [INFO] debug-file - UP-TO-DATE :entry:default@CompileResource...  
[2026-06-07T10:54:38.029] [DEBUG] debug-file - Executing task :entry:default@DoNativeStrip
[2026-06-07T10:54:38.029] [DEBUG] debug-file - Task 'entry:default@DoNativeStrip' cost while wrapping incremental declarations: 1 ms 
[2026-06-07T10:54:38.031] [DEBUG] debug-file - Incremental task entry:default@DoNativeStrip pre-execution cost: 2 ms .
[2026-06-07T10:54:38.031] [DEBUG] debug-file - entry : default@DoNativeStrip cost memory 0.0833740234375
[2026-06-07T10:54:38.031] [INFO] debug-file - UP-TO-DATE :entry:default@DoNativeStrip...  
[2026-06-07T10:54:38.032] [DEBUG] debug-file - Executing task :entry:default@CompileArkTS
[2026-06-07T10:54:38.032] [DEBUG] debug-file - obfuscationOptions: undefined
[2026-06-07T10:54:38.033] [DEBUG] debug-file - Task 'entry:default@CompileArkTS' cost while wrapping incremental declarations: 1 ms 
[2026-06-07T10:54:38.043] [DEBUG] debug-file - entry:default@CompileArkTS is not up-to-date, since the input file 'D:\files_for_huaweidevelop\FaceCheck\camera-preview-minimal\entry\src\main\ets' has been changed.
[2026-06-07T10:54:38.043] [DEBUG] debug-file - Incremental task entry:default@CompileArkTS pre-execution cost: 9 ms .
[2026-06-07T10:54:38.057] [DEBUG] debug-file - build config:
[2026-06-07T10:54:38.057] [DEBUG] debug-file - {
  moduleType: 'entry',
  perf: 0,
  targetName: '.default',
  packageManagerType: 'ohpm',
  localPropertiesPath: 'D:\\files_for_huaweidevelop\\FaceCheck\\camera-preview-minimal\\local.properties',
  isPreview: false,
  isOhosTest: false,
  isLocalTest: false,
  buildMode: 'Debug',
  hotReloadBuild: undefined,
  watchMode: 'false',
  aceProfilePath: 'D:\\files_for_huaweidevelop\\FaceCheck\\camera-preview-minimal\\entry\\build\\default\\intermediates\\res\\default\\resources\\base\\profile',
  etsLoaderPath: 'D:\\DevEco Studio\\sdk\\default\\openharmony\\ets\\build-tools\\ets-loader',
  modulePath: 'D:\\files_for_huaweidevelop\\FaceCheck\\camera-preview-minimal\\entry',
  testFrameworkPar: {
    testMode: undefined,
    coveragePathFilter: undefined,
    coverageMode: undefined
  },
  needCoverageInsert: false,
  debugLine: false,
  projectTopDir: 'D:\\files_for_huaweidevelop\\FaceCheck\\camera-preview-minimal',
  compileSdkVersion: 22,
  compatibleSdkVersion: 22,
  originCompatibleSdkVersion: '6.0.2(22)',
  compatibleSdkVersionStage: undefined,
  bundleName: 'c***n',
  etsLoaderVersion: '6.0.2.130',
  etsLoaderReleaseType: 'Release',
  aotCompileMode: 'type',
  apPath: 'D:\\files_for_huaweidevelop\\FaceCheck\\camera-preview-minimal\\entry\\modules.ap',
  entryModuleName: 'entry',
  entryModuleVersion: '1.0.0',
  entryPackageName: 'entry',
  allModuleNameHash: '18ee91e67eb32e137e924ee7a48a53f8b0a93bb43eff5885ad0ab42f35f94670',
  externalApiPaths: [ 'D:\\DevEco Studio\\sdk\\default\\hms\\ets' ],
  compilerTypes: [],
  isCrossplatform: false,
  hvigorPluginFile: undefined,
  compilePluginPath: undefined,
  buildGeneratedProfilePath: 'D:\\files_for_huaweidevelop\\FaceCheck\\camera-preview-minimal\\entry\\build\\default\\generated\\profile\\default',
  bundleType: 'app',
  arkTSVersion: undefined,
  apiVersion: 22,
  needCompleteSourcesMap: false,
  isFaMode: false,
  buildDir: 'D:\\files_for_huaweidevelop\\FaceCheck\\camera-preview-minimal\\entry\\build',
  deviceTypes: [ 'phone', 'tablet' ],
  pkgContextInfo: {
    '@ohos/hypium': {
      packageName: '@ohos/hypium',
      bundleName: '*****',
      moduleName: '',
      version: '1.0.25',
      entryPath: 'index.js',
      isSO: false,
      dependencyAlias: ''
    },
    '@ohos/hamock': {
      packageName: '@ohos/hamock',
      bundleName: '*****',
      moduleName: '',
      version: '1.0.0',
      entryPath: 'index.ets',
      isSO: false,
      dependencyAlias: ''
    },
    entry: {
      packageName: 'entry',
      bundleName: '*****',
      moduleName: '',
      version: '',
      entryPath: 'src/main/',
      isSO: false,
      dependencyAlias: ''
    }
  },
  ohPackagePathMap: {},
  dependencyAliasMap: {},
  permission: { requestPermissions: [ [Object] ], definePermissions: undefined },
  useGetCurrentBundleName: false,
  projectArkOption: undefined,
  sourceMapDir: undefined,
  branchElimination: false,
  transformLib: undefined,
  tsImportSendable: false,
  resolveConflictMode: true,
  depName2RootPath: {},
  depName2DepInfo: {},
  rootPathSet: [ 'D:\\files_for_huaweidevelop\\FaceCheck\\camera-preview-minimal' ],
  useNativeResolver: true,
  shouldEmitJs: true,
  useTscResolve: false,
  singleFileEmit: false,
  userProjectConfig: {
    autoLazyImport: false,
    allowEmptyBundleName: false,
    reExportCheckMode: 'noCheck',
    executionMode: 'memory',
    usePathPlaceholder: false,
    writeRollupCache: true,
    isExpandImportEnabled: false,
    expandImportExclude: '',
    lazyImportExclude: '',
    lazyImportInclude: '',
    ignoreCrossplatformCheck: false,
    isHarDeduplicateEnabled: false,
    skipOhModulesLint: false,
    enableStrictCheckOHModule: false,
    disableSendableCheckRules: [],
    useDeclarationFileSignature: false,
    customizedOptions: undefined,
    integratedHsp: false,
    isPreloadSoEnabled: false
  },
  executionMode: 'memory',
  arkCompileCachePath: 'D:\\files_for_huaweidevelop\\FaceCheck\\camera-preview-minimal\\entry\\build\\default\\cache\\default\\default@CompileArkTS\\esmodule',
  autoLazyFilter: undefined,
  isHarDeduplicateEnabled: false,
  intermediateHarDuplicateDirPath: 'D:\\files_for_huaweidevelop\\FaceCheck\\camera-preview-minimal\\entry\\build\\default\\intermediates\\har_duplicate\\default',
  autoLazyImport: false,
  allowEmptyBundleName: false,
  reExportCheckMode: 'noCheck',
  usePathPlaceholder: false,
  writeRollupCache: true,
  isExpandImportEnabled: false,
  expandImportExclude: '',
  lazyImportExclude: '',
  lazyImportInclude: '',
  ignoreCrossplatformCheck: false,
  skipOhModulesLint: false,
  enableStrictCheckOHModule: false,
  disableSendableCheckRules: [],
  useDeclarationFileSignature: false,
  customizedOptions: undefined,
  integratedHsp: false,
  isPreloadSoEnabled: false,
  strictMode: {
    caseSensitiveCheck: true,
    useNormalizedOHMUrl: true,
    noExternalImportByPath: true
  },
  useNormalizedOHMUrl: true,
  caseSensitiveCheck: true,
  aceModuleJsonPath: 'D:\\files_for_huaweidevelop\\FaceCheck\\camera-preview-minimal\\entry\\build\\default\\intermediates\\res\\default\\ark_module.json',
  appResource: 'D:\\files_for_huaweidevelop\\FaceCheck\\camera-preview-minimal\\entry\\build\\default\\intermediates\\res\\default\\ResourceTable.txt',
  rawFileResource: 'D:\\files_for_huaweidevelop\\FaceCheck\\camera-preview-minimal\\entry\\build\\default\\intermediates\\res\\default\\resources\\rawfile',
  resourceTableHash: 'f64a437b8e40f6ffeb1e500beb89d221770e69f3dce109977b102f45a561d3b6',
  runtimeOS: 'HarmonyOS',
  sdkInfo: 'false:22:6.0.2.130:Release',
  aceModuleRoot: 'D:\\files_for_huaweidevelop\\FaceCheck\\camera-preview-minimal\\entry\\src\\main\\ets',
  compileMode: 'esmodule',
  aceSuperVisualPath: 'D:\\files_for_huaweidevelop\\FaceCheck\\camera-preview-minimal\\entry\\src\\main\\supervisual',
  aceBuildJson: 'D:\\files_for_huaweidevelop\\FaceCheck\\camera-preview-minimal\\entry\\build\\default\\intermediates\\loader\\default\\loader.json',
  cachePath: 'D:\\files_for_huaweidevelop\\FaceCheck\\camera-preview-minimal\\entry\\build\\default\\cache\\default\\default@CompileArkTS\\esmodule\\debug',
  aceModuleBuild: 'D:\\files_for_huaweidevelop\\FaceCheck\\camera-preview-minimal\\entry\\build\\default\\intermediates\\loader_out\\default\\ets',
  supportChunks: true,
  declaredFilesPath: undefined,
  shouldCollectDirectImportees: false,
  isByteCodeHarOptimize: false,
  expandImportPath: undefined,
  pkgNameToPkgBriefInfo: {
    entry: {
      pkgRoot: 'D:\\files_for_huaweidevelop\\FaceCheck\\camera-preview-minimal\\entry',
      originalSourceRoots: undefined,
      sourceRoots: [Array],
      pkgName: 'entry'
    }
  },
  projectModel: {
    'D:\\files_for_huaweidevelop\\FaceCheck\\camera-preview-minimal\\entry\\src\\main': {
      moduleName: 'entry',
      modulePkgPath: 'D:\\files_for_huaweidevelop\\FaceCheck\\camera-preview-minimal\\entry',
      belongProjectPath: 'D:\\files_for_huaweidevelop\\FaceCheck\\camera-preview-minimal'
    },
    'D:\\files_for_huaweidevelop\\FaceCheck\\camera-preview-minimal\\entry': {
      moduleName: 'entry',
      modulePkgPath: 'D:\\files_for_huaweidevelop\\FaceCheck\\camera-preview-minimal\\entry',
      belongProjectPath: 'D:\\files_for_huaweidevelop\\FaceCheck\\camera-preview-minimal'
    },
    'D:\\files_for_huaweidevelop\\FaceCheck\\camera-preview-minimal': {
      moduleName: 'camera-preview-minimal',
      modulePkgPath: 'D:\\files_for_huaweidevelop\\FaceCheck\\camera-preview-minimal',
      belongProjectPath: 'D:\\files_for_huaweidevelop\\FaceCheck\\camera-preview-minimal'
    }
  },
  pkgJsonFileHash: '441d5fb9425d899bb86c2aae0376406b9303b6bc97b7c6bd19cab2ba79e65e90',
  allModulePaths: [
    'D:\\files_for_huaweidevelop\\FaceCheck\\camera-preview-minimal\\entry'
  ],
  routerMap: {},
  obfuscationOptions: undefined,
  byteCodeHarToDependencyKeys: undefined,
  compileBlockPkg: [],
  mockParams: {
    decorator: '@MockSetup',
    packageName: '@ohos/hamock',
    etsSourceRootPath: 'src/main/ets',
    mockConfigPath: undefined,
    mockConfigKey2ModuleInfo: {},
    source2ModuleIdMap: {}
  },
  copyCodeResourceEnable: false,
  copyCodeResourceExcludes: [],
  copyCodeResourceIncludes: undefined,
  uiTransformOptimization: false,
  sdkPath: 'D:/DevEco Studio/sdk',
  needPreloadSoFileSet: {},
  preloadSoFilePath: 'D:\\files_for_huaweidevelop\\FaceCheck\\camera-preview-minimal\\entry\\build\\default\\intermediates\\preload\\default\\preload.json',
  useSourceHash: false,
  localModuleParamMap: {},
  otherPaths: {
    'entry/*': [
      '..\\*',
      '..\\..\\..\\build\\default\\generated\\profile\\default\\*'
    ]
  },
  collectImportersConfig: undefined
}
[2026-06-07T10:54:38.058] [DEBUG] debug-file - Compile arkts with external api path: D:\DevEco Studio\sdk\default\hms\ets
[2026-06-07T10:54:38.059] [DEBUG] debug-file - default@CompileArkTS work[1] is submitted.
[2026-06-07T10:54:38.059] [DEBUG] debug-file - default@CompileArkTS work[1] is pushed to ready queue.
[2026-06-07T10:54:38.059] [DEBUG] debug-file - A work dispatched to worker[31] failed because unable to get work from ready queue.
[2026-06-07T10:54:38.059] [DEBUG] debug-file - A work dispatched to worker[30] failed because unable to get work from ready queue.
[2026-06-07T10:54:38.060] [DEBUG] debug-file - A work dispatched to worker[29] failed because unable to get work from ready queue.
[2026-06-07T10:54:38.060] [DEBUG] debug-file - A work dispatched to worker[28] failed because unable to get work from ready queue.
[2026-06-07T10:54:38.060] [DEBUG] debug-file - A work dispatched to worker[27] failed because unable to get work from ready queue.
[2026-06-07T10:54:38.060] [DEBUG] debug-file - A work dispatched to worker[26] failed because unable to get work from ready queue.
[2026-06-07T10:54:38.060] [DEBUG] debug-file - A work dispatched to worker[25] failed because unable to get work from ready queue.
[2026-06-07T10:54:38.060] [DEBUG] debug-file - A work dispatched to worker[24] failed because unable to get work from ready queue.
[2026-06-07T10:54:38.060] [DEBUG] debug-file - A work dispatched to worker[23] failed because unable to get work from ready queue.
[2026-06-07T10:54:38.060] [DEBUG] debug-file - A work dispatched to worker[22] failed because unable to get work from ready queue.
[2026-06-07T10:54:38.060] [DEBUG] debug-file - A work dispatched to worker[21] failed because unable to get work from ready queue.
[2026-06-07T10:54:38.060] [DEBUG] debug-file - A work dispatched to worker[20] failed because unable to get work from ready queue.
[2026-06-07T10:54:38.060] [DEBUG] debug-file - A work dispatched to worker[19] failed because unable to get work from ready queue.
[2026-06-07T10:54:38.060] [DEBUG] debug-file - A work dispatched to worker[18] failed because unable to get work from ready queue.
[2026-06-07T10:54:38.060] [DEBUG] debug-file - A work dispatched to worker[17] failed because unable to get work from ready queue.
[2026-06-07T10:54:38.060] [DEBUG] debug-file - A work dispatched to worker[16] failed because unable to get work from ready queue.
[2026-06-07T10:54:38.060] [DEBUG] debug-file - A work dispatched to worker[15] failed because unable to get work from ready queue.
[2026-06-07T10:54:38.060] [DEBUG] debug-file - A work dispatched to worker[14] failed because unable to get work from ready queue.
[2026-06-07T10:54:38.060] [DEBUG] debug-file - A work dispatched to worker[13] failed because unable to get work from ready queue.
[2026-06-07T10:54:38.060] [DEBUG] debug-file - A work dispatched to worker[12] failed because unable to get work from ready queue.
[2026-06-07T10:54:38.060] [DEBUG] debug-file - A work dispatched to worker[11] failed because unable to get work from ready queue.
[2026-06-07T10:54:38.060] [DEBUG] debug-file - A work dispatched to worker[10] failed because unable to get work from ready queue.
[2026-06-07T10:54:38.060] [DEBUG] debug-file - A work dispatched to worker[9] failed because unable to get work from ready queue.
[2026-06-07T10:54:38.061] [DEBUG] debug-file - A work dispatched to worker[8] failed because unable to get work from ready queue.
[2026-06-07T10:54:38.061] [DEBUG] debug-file - A work dispatched to worker[7] failed because unable to get work from ready queue.
[2026-06-07T10:54:38.061] [DEBUG] debug-file - A work dispatched to worker[6] failed because unable to get work from ready queue.
[2026-06-07T10:54:38.061] [DEBUG] debug-file - A work dispatched to worker[5] failed because unable to get work from ready queue.
[2026-06-07T10:54:38.061] [DEBUG] debug-file - default@CompileArkTS work[1] has been dispatched to worker[4].
[2026-06-07T10:54:38.061] [DEBUG] debug-file - default@CompileArkTS work[1] is dispatched.
[2026-06-07T10:54:38.061] [DEBUG] debug-file - entry : default@CompileArkTS cost memory 1.5166549682617188
[2026-06-07T10:54:38.063] [DEBUG] debug-file - Executing task :entry:default@BuildJS
[2026-06-07T10:54:38.063] [DEBUG] debug-file - Task 'entry:default@BuildJS' cost while wrapping incremental declarations: 1 ms 
[2026-06-07T10:54:38.066] [DEBUG] debug-file - entry : default@BuildJS cost memory 0.16507720947265625
[2026-06-07T10:54:38.067] [DEBUG] debug-file - runTaskFromQueue task cost before running: 278 ms 
[2026-06-07T10:54:38.067] [INFO] debug-file - Finished :entry:default@BuildJS... after 4 ms 
[2026-06-07T10:54:38.068] [DEBUG] debug-file - Executing task :entry:default@CacheNativeLibs
[2026-06-07T10:54:38.068] [DEBUG] debug-file - Task 'entry:default@CacheNativeLibs' cost while wrapping incremental declarations: 1 ms 
[2026-06-07T10:54:38.070] [DEBUG] debug-file - Incremental task entry:default@CacheNativeLibs pre-execution cost: 2 ms .
[2026-06-07T10:54:38.070] [DEBUG] debug-file - entry : default@CacheNativeLibs cost memory 0.0987701416015625
[2026-06-07T10:54:38.070] [INFO] debug-file - UP-TO-DATE :entry:default@CacheNativeLibs...  
[2026-06-07T10:54:39.031] [WARN] debug-file - [33mWARN: [33m[33mArkTS:WARN File: D:/files_for_huaweidevelop/FaceCheck/camera-preview-minimal/entry/src/main/ets/pages/Index.ets:115:21
 'getContext' has been deprecated.
[39m[39m
[33mWARN: [33m[33mArkTS:WARN File: D:/files_for_huaweidevelop/FaceCheck/camera-preview-minimal/entry/src/main/ets/pages/Index.ets:171:21
 'getContext' has been deprecated.
[39m[39m
[33mWARN: [33m[33mArkTS:WARN File: D:/files_for_huaweidevelop/FaceCheck/camera-preview-minimal/entry/src/main/ets/pages/Index.ets:267:20
 'showToast' has been deprecated.
[39m[39m

[2026-06-07T10:54:39.031] [DEBUG] debug-file - Ark compile task finished.finished time is 1198718034000
[2026-06-07T10:54:39.032] [DEBUG] debug-file - worker[4] has one work done.
[2026-06-07T10:54:39.033] [DEBUG] debug-file - default@CompileArkTS work[1] done.
[2026-06-07T10:54:39.034] [INFO] debug-file - Finished :entry:default@CompileArkTS... after 999 ms 
[2026-06-07T10:54:39.035] [DEBUG] debug-file - Executing task :entry:default@GeneratePkgModuleJson
[2026-06-07T10:54:39.035] [DEBUG] debug-file - File: 'D:\files_for_huaweidevelop\FaceCheck\camera-preview-minimal\entry\build\default\intermediates\preload\default\preload.json' from 'preloadSoJsonPath' is not exists, just ignore.
[2026-06-07T10:54:39.035] [DEBUG] debug-file - Error occurs while handling @Input 'shouldDeduplicateHar': The "data" argument must be of type string or an instance of Buffer, TypedArray, or DataView. Received undefined
[2026-06-07T10:54:39.035] [DEBUG] debug-file - Task 'entry:default@GeneratePkgModuleJson' cost while wrapping incremental declarations: 1 ms 
[2026-06-07T10:54:39.036] [DEBUG] debug-file - Incremental task entry:default@GeneratePkgModuleJson pre-execution cost: 1 ms .
[2026-06-07T10:54:39.036] [DEBUG] debug-file - entry : default@GeneratePkgModuleJson cost memory 0.10622406005859375
[2026-06-07T10:54:39.036] [INFO] debug-file - UP-TO-DATE :entry:default@GeneratePkgModuleJson...  
[2026-06-07T10:54:39.037] [DEBUG] debug-file - Executing task :entry:default@ProcessCompiledResources
[2026-06-07T10:54:39.037] [DEBUG] debug-file - File: 'D:\files_for_huaweidevelop\FaceCheck\camera-preview-minimal\entry\build\default\intermediates\preload\default\preload.json' from 'preloadSoJsonPath' is not exists, just ignore.
[2026-06-07T10:54:39.037] [DEBUG] debug-file - Task 'entry:default@ProcessCompiledResources' cost while wrapping incremental declarations: 1 ms 
[2026-06-07T10:54:39.037] [DEBUG] debug-file - entry : default@ProcessCompiledResources cost memory 0.06035614013671875
[2026-06-07T10:54:39.037] [DEBUG] debug-file - runTaskFromQueue task cost before running: 1 s 249 ms 
[2026-06-07T10:54:39.038] [INFO] debug-file - Finished :entry:default@ProcessCompiledResources... after 1 ms 
[2026-06-07T10:54:39.039] [DEBUG] debug-file - Executing task :entry:default@PackageHap
[2026-06-07T10:54:39.044] [DEBUG] debug-file - entry:default@PackageHap is not up-to-date, since the input file 'D:\files_for_huaweidevelop\FaceCheck\camera-preview-minimal\entry\build\default\intermediates\loader_out\default\ets' has been changed.
[2026-06-07T10:54:39.044] [DEBUG] debug-file - Incremental task entry:default@PackageHap pre-execution cost: 5 ms .
[2026-06-07T10:54:39.045] [DEBUG] debug-file - Use tool [D:\DevEco Studio\sdk\default\openharmony\toolchains\lib\app_packing_tool.jar]
 [
  'java',
  '-Dfile.encoding=GBK',
  '-jar',
  'D:\\DevEco Studio\\sdk\\default\\openharmony\\toolchains\\lib\\app_packing_tool.jar',
  '--mode',
  'hap',
  '--force',
  'true',
  '--lib-path',
  'D:\\files_for_huaweidevelop\\FaceCheck\\camera-preview-minimal\\entry\\build\\default\\intermediates\\stripped_native_libs\\default',
  '--json-path',
  'D:\\files_for_huaweidevelop\\FaceCheck\\camera-preview-minimal\\entry\\build\\default\\intermediates\\package\\default\\module.json',
  '--resources-path',
  'D:\\files_for_huaweidevelop\\FaceCheck\\camera-preview-minimal\\entry\\build\\default\\intermediates\\res\\default\\resources',
  '--index-path',
  'D:\\files_for_huaweidevelop\\FaceCheck\\camera-preview-minimal\\entry\\build\\default\\intermediates\\res\\default\\resources.index',
  '--pack-info-path',
  'D:\\files_for_huaweidevelop\\FaceCheck\\camera-preview-minimal\\entry\\build\\default\\outputs\\default\\pack.info',
  '--out-path',
  'D:\\files_for_huaweidevelop\\FaceCheck\\camera-preview-minimal\\entry\\build\\default\\outputs\\default\\entry-default-unsigned.hap',
  '--ets-path',
  'D:\\files_for_huaweidevelop\\FaceCheck\\camera-preview-minimal\\entry\\build\\default\\intermediates\\loader_out\\default\\ets',
  '--pkg-context-path',
  'D:\\files_for_huaweidevelop\\FaceCheck\\camera-preview-minimal\\entry\\build\\default\\intermediates\\loader\\default\\pkgContextInfo.json'
]
[2026-06-07T10:54:39.075] [DEBUG] debug-file - java daemon socket received message:{"code":0,"message":"pack success"}
[2026-06-07T10:54:39.078] [DEBUG] debug-file - entry : default@PackageHap cost memory -1.014404296875
[2026-06-07T10:54:39.078] [DEBUG] debug-file - runTaskFromQueue task cost before running: 1 s 289 ms 
[2026-06-07T10:54:39.079] [INFO] debug-file - Finished :entry:default@PackageHap... after 40 ms 
[2026-06-07T10:54:39.080] [DEBUG] debug-file - Executing task :entry:default@PackingCheck
[2026-06-07T10:54:39.084] [DEBUG] debug-file - entry : default@PackingCheck cost memory 0.2618255615234375
[2026-06-07T10:54:39.084] [DEBUG] debug-file - runTaskFromQueue task cost before running: 1 s 296 ms 
[2026-06-07T10:54:39.085] [INFO] debug-file - Finished :entry:default@PackingCheck... after 4 ms 
[2026-06-07T10:54:39.085] [DEBUG] debug-file - Executing task :entry:default@SignHap
[2026-06-07T10:54:39.090] [DEBUG] debug-file - entry:default@SignHap is not up-to-date, since the input file 'D:\files_for_huaweidevelop\FaceCheck\camera-preview-minimal\entry\build\default\outputs\default\entry-default-unsigned.hap' has been changed.
[2026-06-07T10:54:39.090] [DEBUG] debug-file - Incremental task entry:default@SignHap pre-execution cost: 4 ms .
[2026-06-07T10:54:39.108] [DEBUG] debug-file - java daemon socket close code:1000 reason:close by user
[2026-06-07T10:54:39.142] [DEBUG] debug-file - java daemon socket received message:{"code":0,"message":"verify profile success"}
[2026-06-07T10:54:39.146] [DEBUG] debug-file - java daemon socket close code:1000 reason:close by user
[2026-06-07T10:54:39.253] [DEBUG] debug-file - java daemon socket received message:{"code":0,"message":"sign app success"}
[2026-06-07T10:54:39.254] [DEBUG] debug-file - entry : default@SignHap cost memory 0.8094558715820312
[2026-06-07T10:54:39.255] [DEBUG] debug-file - runTaskFromQueue task cost before running: 1 s 466 ms 
[2026-06-07T10:54:39.256] [INFO] debug-file - Finished :entry:default@SignHap... after 170 ms 
[2026-06-07T10:54:39.257] [DEBUG] debug-file - Executing task :entry:default@CollectDebugSymbol
[2026-06-07T10:54:39.258] [DEBUG] debug-file - entry : default@CollectDebugSymbol cost memory 0.09569549560546875
[2026-06-07T10:54:39.258] [DEBUG] debug-file - runTaskFromQueue task cost before running: 1 s 470 ms 
[2026-06-07T10:54:39.259] [INFO] debug-file - Finished :entry:default@CollectDebugSymbol... after 2 ms 
[2026-06-07T10:54:39.259] [DEBUG] debug-file - Executing task :entry:assembleHap
[2026-06-07T10:54:39.259] [DEBUG] debug-file - entry : assembleHap cost memory 0.0126800537109375
[2026-06-07T10:54:39.259] [DEBUG] debug-file - runTaskFromQueue task cost before running: 1 s 470 ms 
[2026-06-07T10:54:39.259] [INFO] debug-file - Finished :entry:assembleHap... after 1 ms 
[2026-06-07T10:54:39.274] [INFO] debug-file - BUILD SUCCESSFUL in 1 s 485 ms 
[2026-06-07T10:54:39.274] [DEBUG] debug-file - There is no need to refresh cache, since the incremental task entry:default@PreBuild is up-to-date.
[2026-06-07T10:54:39.274] [DEBUG] debug-file - Update task entry:default@CreateModuleInfo output file:D:\files_for_huaweidevelop\FaceCheck\camera-preview-minimal\entry\build\default\generated\profile\default\ModuleInfo.ts cache.
[2026-06-07T10:54:39.275] [DEBUG] debug-file - Incremental task entry:default@CreateModuleInfo post-execution cost:1 ms .
[2026-06-07T10:54:39.275] [DEBUG] debug-file - There is no need to refresh cache, since the incremental task entry:default@GenerateMetadata is up-to-date.
[2026-06-07T10:54:39.275] [DEBUG] debug-file - There is no need to refresh cache, since the incremental task entry:default@MergeProfile is up-to-date.
[2026-06-07T10:54:39.275] [DEBUG] debug-file - There is no need to refresh cache, since the incremental task entry:default@CreateBuildProfile is up-to-date.
[2026-06-07T10:54:39.275] [DEBUG] debug-file - There is no need to refresh cache, since the incremental task entry:default@GeneratePkgContextInfo is up-to-date.
[2026-06-07T10:54:39.275] [DEBUG] debug-file - Update task entry:default@ProcessIntegratedHsp output file:D:\files_for_huaweidevelop\FaceCheck\camera-preview-minimal\build\cache\default\integrated_hsp\integratedHspCache.json cache.
[2026-06-07T10:54:39.275] [DEBUG] debug-file - Incremental task entry:default@ProcessIntegratedHsp post-execution cost:1 ms .
[2026-06-07T10:54:39.275] [DEBUG] debug-file - There is no need to refresh cache, since the incremental task entry:default@MakePackInfo is up-to-date.
[2026-06-07T10:54:39.275] [DEBUG] debug-file - Update task entry:default@SyscapTransform input file:D:\DevEco Studio\sdk\default\openharmony\toolchains\syscap_tool.exe cache by regenerate.
[2026-06-07T10:54:39.276] [DEBUG] debug-file - Update task entry:default@SyscapTransform input file:D:\DevEco Studio\sdk\default\openharmony\ets\api\device-define cache by regenerate.
[2026-06-07T10:54:39.278] [DEBUG] debug-file - Update task entry:default@SyscapTransform output file:D:\files_for_huaweidevelop\FaceCheck\camera-preview-minimal\entry\build\default\intermediates\syscap\default\rpcid.sc cache.
[2026-06-07T10:54:39.278] [DEBUG] debug-file - Incremental task entry:default@SyscapTransform post-execution cost:4 ms .
[2026-06-07T10:54:39.278] [DEBUG] debug-file - There is no need to refresh cache, since the incremental task entry:default@ProcessProfile is up-to-date.
[2026-06-07T10:54:39.278] [DEBUG] debug-file - There is no need to refresh cache, since the incremental task entry:default@ProcessRouterMap is up-to-date.
[2026-06-07T10:54:39.278] [DEBUG] debug-file - There is no need to refresh cache, since the incremental task entry:default@ProcessShareConfig is up-to-date.
[2026-06-07T10:54:39.279] [DEBUG] debug-file - Update task entry:default@ProcessStartupConfig input file:D:\files_for_huaweidevelop\FaceCheck\camera-preview-minimal\entry\build\default\intermediates\loader\default\pkgContextInfo.json cache by regenerate.
[2026-06-07T10:54:39.279] [DEBUG] debug-file - Update task entry:default@ProcessStartupConfig output file:D:\files_for_huaweidevelop\FaceCheck\camera-preview-minimal\entry\build\default\intermediates\startup\default\startup_config.json cache.
[2026-06-07T10:54:39.279] [DEBUG] debug-file - Incremental task entry:default@ProcessStartupConfig post-execution cost:1 ms .
[2026-06-07T10:54:39.279] [DEBUG] debug-file - There is no need to refresh cache, since the incremental task entry:default@ProcessResource is up-to-date.
[2026-06-07T10:54:39.279] [DEBUG] debug-file - There is no need to refresh cache, since the incremental task entry:default@GenerateLoaderJson is up-to-date.
[2026-06-07T10:54:39.279] [DEBUG] debug-file - There is no need to refresh cache, since the incremental task entry:default@ProcessLibs is up-to-date.
[2026-06-07T10:54:39.279] [DEBUG] debug-file - There is no need to refresh cache, since the incremental task entry:default@CompileResource is up-to-date.
[2026-06-07T10:54:39.279] [DEBUG] debug-file - There is no need to refresh cache, since the incremental task entry:default@DoNativeStrip is up-to-date.
[2026-06-07T10:54:39.281] [DEBUG] debug-file - Update task entry:default@CompileArkTS input file:D:\files_for_huaweidevelop\FaceCheck\camera-preview-minimal\entry\build\default\intermediates\loader\default cache by regenerate.
[2026-06-07T10:54:39.281] [DEBUG] debug-file - Update task entry:default@CompileArkTS input file:D:\files_for_huaweidevelop\FaceCheck\camera-preview-minimal\entry\build\default\intermediates\res\default\ResourceTable.txt cache by regenerate.
[2026-06-07T10:54:39.282] [DEBUG] debug-file - Update task entry:default@CompileArkTS input file:D:\files_for_huaweidevelop\FaceCheck\camera-preview-minimal\entry\build\default\intermediates\res\default\ark_module.json cache by regenerate.
[2026-06-07T10:54:39.282] [DEBUG] debug-file - Update task entry:default@CompileArkTS input file:D:\files_for_huaweidevelop\FaceCheck\camera-preview-minimal\entry\build\default\intermediates\res\default\resources\base\profile cache by regenerate.
[2026-06-07T10:54:39.283] [DEBUG] debug-file - Update task entry:default@CompileArkTS input file:D:\files_for_huaweidevelop\FaceCheck\camera-preview-minimal\entry\src\main\ets cache from map.
[2026-06-07T10:54:39.283] [DEBUG] debug-file - Update task entry:default@CompileArkTS input file:D:\files_for_huaweidevelop\FaceCheck\camera-preview-minimal\entry\build\default\intermediates\loader\default\pkgContextInfo.json cache by regenerate.
[2026-06-07T10:54:39.283] [DEBUG] debug-file - Update task entry:default@CompileArkTS input file:D:\files_for_huaweidevelop\FaceCheck\camera-preview-minimal\entry\build\default\generated\profile\default\BuildProfile.ets cache by regenerate.
[2026-06-07T10:54:39.283] [DEBUG] debug-file - Update task entry:default@CompileArkTS output file:D:\files_for_huaweidevelop\FaceCheck\camera-preview-minimal\entry\build\default\intermediates\loader_out\default\ets cache.
[2026-06-07T10:54:39.284] [DEBUG] debug-file - Incremental task entry:default@CompileArkTS post-execution cost:5 ms .
[2026-06-07T10:54:39.285] [DEBUG] debug-file - Update task entry:default@BuildJS input file:D:\files_for_huaweidevelop\FaceCheck\camera-preview-minimal\entry\build\default\intermediates\loader\default cache by regenerate.
[2026-06-07T10:54:39.286] [DEBUG] debug-file - Update task entry:default@BuildJS input file:D:\files_for_huaweidevelop\FaceCheck\camera-preview-minimal\entry\build\default\intermediates\res\default\ResourceTable.txt cache by regenerate.
[2026-06-07T10:54:39.286] [DEBUG] debug-file - Update task entry:default@BuildJS input file:D:\files_for_huaweidevelop\FaceCheck\camera-preview-minimal\entry\build\default\intermediates\res\default\ark_module.json cache by regenerate.
[2026-06-07T10:54:39.287] [DEBUG] debug-file - Update task entry:default@BuildJS input file:D:\files_for_huaweidevelop\FaceCheck\camera-preview-minimal\entry\build\default\intermediates\res\default\resources\base\profile cache by regenerate.
[2026-06-07T10:54:39.287] [DEBUG] debug-file - Update task entry:default@BuildJS input file:D:\files_for_huaweidevelop\FaceCheck\camera-preview-minimal\entry\build\default\intermediates\loader\default\pkgContextInfo.json cache by regenerate.
[2026-06-07T10:54:39.287] [DEBUG] debug-file - Update task entry:default@BuildJS output file:D:\files_for_huaweidevelop\FaceCheck\camera-preview-minimal\entry\build\default\intermediates\loader_out\default\js cache.
[2026-06-07T10:54:39.288] [DEBUG] debug-file - Incremental task entry:default@BuildJS post-execution cost:4 ms .
[2026-06-07T10:54:39.288] [DEBUG] debug-file - There is no need to refresh cache, since the incremental task entry:default@CacheNativeLibs is up-to-date.
[2026-06-07T10:54:39.288] [DEBUG] debug-file - There is no need to refresh cache, since the incremental task entry:default@GeneratePkgModuleJson is up-to-date.
[2026-06-07T10:54:39.288] [DEBUG] debug-file - Incremental task entry:default@ProcessCompiledResources post-execution cost:1 ms .
[2026-06-07T10:54:39.288] [DEBUG] debug-file - Update task entry:default@PackageHap input file:D:\files_for_huaweidevelop\FaceCheck\camera-preview-minimal\entry\build\default\intermediates\stripped_native_libs\default cache by regenerate.
[2026-06-07T10:54:39.289] [DEBUG] debug-file - Update task entry:default@PackageHap input file:D:\files_for_huaweidevelop\FaceCheck\camera-preview-minimal\entry\build\default\intermediates\res\default\module.json cache by regenerate.
[2026-06-07T10:54:39.289] [DEBUG] debug-file - Update task entry:default@PackageHap input file:D:\files_for_huaweidevelop\FaceCheck\camera-preview-minimal\entry\build\default\intermediates\res\default\resources cache by regenerate.
[2026-06-07T10:54:39.291] [DEBUG] debug-file - Update task entry:default@PackageHap input file:D:\files_for_huaweidevelop\FaceCheck\camera-preview-minimal\entry\build\default\intermediates\res\default\resources.index cache by regenerate.
[2026-06-07T10:54:39.291] [DEBUG] debug-file - Update task entry:default@PackageHap input file:D:\files_for_huaweidevelop\FaceCheck\camera-preview-minimal\entry\build\default\outputs\default\pack.info cache by regenerate.
[2026-06-07T10:54:39.291] [DEBUG] debug-file - Update task entry:default@PackageHap input file:D:\files_for_huaweidevelop\FaceCheck\camera-preview-minimal\entry\build\default\intermediates\loader_out\default\ets cache from map.
[2026-06-07T10:54:39.291] [DEBUG] debug-file - Update task entry:default@PackageHap input file:D:\files_for_huaweidevelop\FaceCheck\camera-preview-minimal\entry\build\default\intermediates\loader\default\pkgContextInfo.json cache by regenerate.
[2026-06-07T10:54:39.292] [DEBUG] debug-file - Update task entry:default@PackageHap input file:D:\files_for_huaweidevelop\FaceCheck\camera-preview-minimal\entry\build\default\intermediates\loader_out\default\ets\sourceMaps.map cache by regenerate.
[2026-06-07T10:54:39.292] [DEBUG] debug-file - Update task entry:default@PackageHap input file:D:\files_for_huaweidevelop\FaceCheck\camera-preview-minimal\entry\build\default\generated\profile\default\BuildProfile.ets cache by regenerate.
[2026-06-07T10:54:39.292] [DEBUG] debug-file - Update task entry:default@PackageHap output file:D:\files_for_huaweidevelop\FaceCheck\camera-preview-minimal\entry\build\default\outputs\default\entry-default-unsigned.hap cache.
[2026-06-07T10:54:39.293] [DEBUG] debug-file - Update task entry:default@PackageHap output file:D:\files_for_huaweidevelop\FaceCheck\camera-preview-minimal\entry\build\default\intermediates\source_map\default\sourceMaps.map cache.
[2026-06-07T10:54:39.293] [DEBUG] debug-file - Update task entry:default@PackageHap output file:D:\files_for_huaweidevelop\FaceCheck\camera-preview-minimal\entry\build\default\outputs\default\mapping\sourceMaps.map cache.
[2026-06-07T10:54:39.293] [DEBUG] debug-file - Incremental task entry:default@PackageHap post-execution cost:6 ms .
[2026-06-07T10:54:39.294] [DEBUG] debug-file - Update task entry:default@SignHap input file:C:\Users\white\.ohos\config\default_FaceCheck_XIP5AEtjoMg_LHh2fT2SHXaqBQOeOLbhsmuA_gUfwkM=.cer cache by regenerate.
[2026-06-07T10:54:39.295] [DEBUG] debug-file - Update task entry:default@SignHap input file:C:\Users\white\.ohos\config\default_FaceCheck_XIP5AEtjoMg_LHh2fT2SHXaqBQOeOLbhsmuA_gUfwkM=.p7b cache by regenerate.
[2026-06-07T10:54:39.295] [DEBUG] debug-file - Update task entry:default@SignHap input file:C:\Users\white\.ohos\config\default_FaceCheck_XIP5AEtjoMg_LHh2fT2SHXaqBQOeOLbhsmuA_gUfwkM=.p12 cache by regenerate.
[2026-06-07T10:54:39.295] [DEBUG] debug-file - Update task entry:default@SignHap input file:D:\files_for_huaweidevelop\FaceCheck\camera-preview-minimal\entry\build\default\outputs\default\entry-default-unsigned.hap cache from map.
[2026-06-07T10:54:39.295] [DEBUG] debug-file - Update task entry:default@SignHap output file:D:\files_for_huaweidevelop\FaceCheck\camera-preview-minimal\entry\build\default\outputs\default\entry-default-signed.hap cache.
[2026-06-07T10:54:39.296] [DEBUG] debug-file - Incremental task entry:default@SignHap post-execution cost:3 ms .
[2026-06-07T10:54:39.296] [DEBUG] debug-file - Update task entry:default@CollectDebugSymbol input file:D:\files_for_huaweidevelop\FaceCheck\camera-preview-minimal\entry\build\default\intermediates\loader_out\default\ets\sourceMaps.map cache by regenerate.
[2026-06-07T10:54:39.296] [DEBUG] debug-file - Update task entry:default@CollectDebugSymbol input file:D:\files_for_huaweidevelop\FaceCheck\camera-preview-minimal\entry\build\default\intermediates\libs\default cache by regenerate.
[2026-06-07T10:54:39.297] [DEBUG] debug-file - Update task entry:default@CollectDebugSymbol output file:D:\files_for_huaweidevelop\FaceCheck\camera-preview-minimal\entry\build\default\outputs\default\symbol cache.
[2026-06-07T10:54:39.297] [DEBUG] debug-file - Incremental task entry:default@CollectDebugSymbol post-execution cost:2 ms .
[2026-06-07T10:54:39.325] [DEBUG] debug-file - hvigor build process will be closed.
[2026-06-07T10:54:39.325] [DEBUG] debug-file - java daemon socket close code:1000 reason:close by user
[2026-06-07T10:54:39.330] [DEBUG] debug-file - session manager: send message to worker process.
[2026-06-07T10:54:39.330] [DEBUG] debug-file - session manager: send message to worker process.
[2026-06-07T10:54:39.330] [DEBUG] debug-file - watch worker: worker id should be larger than 0. Nothing will be sent to any worker thread.
[2026-06-07T10:54:39.331] [DEBUG] debug-file - watch worker: worker id should be larger than 0. Nothing will be sent to any worker thread.
[2026-06-07T11:14:46.179] [DEBUG] debug-file - env: nodejsVersion=v18.20.1
[2026-06-07T11:14:46.248] [DEBUG] debug-file - env: daemon=true
[2026-06-07T11:14:46.180] [DEBUG] debug-file - env: hvigor-config.json5 content = {
  modelVersion: '6.0.2',
  dependencies: {},
  execution: {},
  logging: {},
  debugging: {},
  nodeOptions: {}
}
[2026-06-07T11:14:46.799] [DEBUG] debug-file - session manager: set active socket. socketId=YvWlMf74m9cy0bALAAAF
[2026-06-07T11:14:46.850] [DEBUG] debug-file - watch worker: worker id should be larger than 0. Nothing will be sent to any worker thread.
[2026-06-07T11:14:46.884] [DEBUG] debug-file - Workers' log level updated to INFO
[2026-06-07T11:14:46.900] [DEBUG] debug-file - Hvigor init with startParameters:{
  hvigorfileTypeCheck: false,
  parallelExecution: true,
  incrementalExecution: true,
  printStackTrace: false,
  daemon: true,
  analyze: 0,
  logLevel: Level { level: 20000, levelStr: 'INFO', colour: 'green' },
  optimizationStrategy: 'memory',
  hotCompile: undefined,
  hotReloadBuild: undefined,
  customizedParam: undefined
}
[2026-06-07T11:14:46.937] [DEBUG] debug-file - Cache service initialization finished in 36 ms 
[2026-06-07T11:14:46.938] [DEBUG] debug-file - hvigorfile, resolving D:\files_for_huaweidevelop\FaceCheck\camera-preview-minimal\hvigorfile.ts
[2026-06-07T11:14:46.958] [DEBUG] debug-file - hvigorfile, require result:  { default: { plugins: [] } }
[2026-06-07T11:14:46.958] [DEBUG] debug-file - hvigorfile, binding system plugins null
[2026-06-07T11:14:46.958] [DEBUG] debug-file - Starting plugin build process
[2026-06-07T11:14:46.959] [DEBUG] debug-file - App plugin prepare start...
[2026-06-07T11:14:46.959] [DEBUG] debug-file - App plugin prepare end...
[2026-06-07T11:14:46.959] [DEBUG] debug-file - App plugin creating...
[2026-06-07T11:14:46.971] [DEBUG] debug-file - App plugin register hook start...
[2026-06-07T11:14:46.972] [DEBUG] debug-file - App plugin register hook end...
[2026-06-07T11:14:46.972] [DEBUG] debug-file - Plugin build process completed
[2026-06-07T11:14:46.972] [DEBUG] debug-file - Start initialize project's product build option map with build mode debug.
[2026-06-07T11:14:46.972] [DEBUG] debug-file - Picking option from product 'default' with build mode 'debug'.
[2026-06-07T11:14:46.973] [DEBUG] debug-file - Product 'default' build option initialized
[2026-06-07T11:14:46.973] [DEBUG] debug-file - End initialize project's product build option map with build mode 'debug'.
[2026-06-07T11:14:46.974] [DEBUG] debug-file - Obtain build option for product 'default'in this build.
[2026-06-07T11:14:46.975] [DEBUG] debug-file - D:\files_for_huaweidevelop\FaceCheck\camera-preview-minimal\build\cache\default\remote_hsp\remoteHspCache.json not exists.
[2026-06-07T11:14:46.979] [DEBUG] debug-file - Start recording SDK configuration permission data.
[2026-06-07T11:14:47.006] [DEBUG] debug-file - Sdk init in 31 ms 
[2026-06-07T11:14:47.010] [DEBUG] debug-file - Project task initialization takes 4 ms 
[2026-06-07T11:14:47.010] [DEBUG] debug-file - hvigorfile, binding custom plugins []
[2026-06-07T11:14:47.011] [DEBUG] debug-file - hvigorfile, no custom plugins were found in D:\files_for_huaweidevelop\FaceCheck\camera-preview-minimal\hvigorfile.ts
[2026-06-07T11:14:47.011] [DEBUG] debug-file - hvigorfile, resolve finished D:\files_for_huaweidevelop\FaceCheck\camera-preview-minimal\hvigorfile.ts
[2026-06-07T11:14:47.011] [DEBUG] debug-file - hvigorfile, resolving D:\files_for_huaweidevelop\FaceCheck\camera-preview-minimal\entry\hvigorfile.ts
[2026-06-07T11:14:47.015] [DEBUG] debug-file - hvigorfile, require result:  { default: { plugins: [] } }
[2026-06-07T11:14:47.015] [DEBUG] debug-file - hvigorfile, binding system plugins null
[2026-06-07T11:14:47.015] [DEBUG] debug-file - Starting plugin build process
[2026-06-07T11:14:47.015] [DEBUG] debug-file - Hap plugin creating...
[2026-06-07T11:14:47.017] [DEBUG] debug-file - failed to load cangjie to dynamically generate schemas: Error: Cannot find module '@ohos/cangjie-build-support/index'
Require stack:
- D:\DevEco Studio\tools\hvigor\hvigor-ohos-plugin\src\plugin\hooks\cangjie-register.js
- D:\DevEco Studio\tools\hvigor\hvigor-ohos-plugin\src\plugin\strategy\stage-init-strategy.js
- D:\DevEco Studio\tools\hvigor\hvigor-ohos-plugin\src\plugin\builder\abstract-plugin-builder.js
- D:\DevEco Studio\tools\hvigor\hvigor-ohos-plugin\src\plugin\builder\app-plugin-builder.js
- D:\DevEco Studio\tools\hvigor\hvigor-ohos-plugin\src\plugin\factory\plugin-factory.js
- D:\DevEco Studio\tools\hvigor\hvigor-ohos-plugin\index.js
- D:\files_for_huaweidevelop\FaceCheck\camera-preview-minimal\hvigorfile.ts
- D:\DevEco Studio\tools\hvigor\hvigor\src\base\internal\lifecycle\configuration.js
- D:\DevEco Studio\tools\hvigor\hvigor\src\base\boot\index.js
- D:\DevEco Studio\tools\hvigor\hvigor\src\base\daemon\cluster\worker-process-lifecycle.js
- D:\DevEco Studio\tools\hvigor\hvigor\src\base\daemon\process\daemon-process-boot-script.js
[2026-06-07T11:14:47.019] [DEBUG] debug-file - Start initialize module-target build option map, moduleName=entry, buildMode=debug
[2026-06-07T11:14:47.019] [DEBUG] debug-file - Target 'default' config initialized
[2026-06-07T11:14:47.019] [DEBUG] debug-file - Module 'entry' target 'default' build option initialized
[2026-06-07T11:14:47.019] [DEBUG] debug-file - End initialize module-target build option map, moduleName=entry
[2026-06-07T11:14:47.019] [DEBUG] debug-file - Start initialize module-target build option map, moduleName=entry, buildMode=release
[2026-06-07T11:14:47.020] [DEBUG] debug-file - Target 'default' config initialized
[2026-06-07T11:14:47.020] [DEBUG] debug-file - Module 'entry' target 'default' build option initialized
[2026-06-07T11:14:47.020] [DEBUG] debug-file - End initialize module-target build option map, moduleName=entry
[2026-06-07T11:14:47.020] [DEBUG] debug-file - Start initialize module-target build option map, moduleName=entry, buildMode=debug
[2026-06-07T11:14:47.020] [DEBUG] debug-file - Target 'default' config initialized
[2026-06-07T11:14:47.021] [DEBUG] debug-file - Module 'entry' target 'default' build option initialized
[2026-06-07T11:14:47.021] [DEBUG] debug-file - End initialize module-target build option map, moduleName=entry
[2026-06-07T11:14:47.021] [DEBUG] debug-file - Obtain build option for module 'entry' target 'default'in this build.
[2026-06-07T11:14:47.022] [DEBUG] debug-file - Module entry task initialization takes 2 ms 
[2026-06-07T11:14:47.022] [DEBUG] debug-file - Hap plugin register hook start...
[2026-06-07T11:14:47.022] [DEBUG] debug-file - Hap plugin register hook end...
[2026-06-07T11:14:47.022] [DEBUG] debug-file - Plugin build process completed
[2026-06-07T11:14:47.023] [DEBUG] debug-file - hvigorfile, binding custom plugins []
[2026-06-07T11:14:47.023] [DEBUG] debug-file - hvigorfile, no custom plugins were found in D:\files_for_huaweidevelop\FaceCheck\camera-preview-minimal\entry\hvigorfile.ts
[2026-06-07T11:14:47.023] [DEBUG] debug-file - hvigorfile, resolve finished D:\files_for_huaweidevelop\FaceCheck\camera-preview-minimal\entry\hvigorfile.ts
[2026-06-07T11:14:47.044] [DEBUG] debug-file - hvigorfile, resolve hvigorfile dependencies in 22 ms 
[2026-06-07T11:14:47.044] [DEBUG] debug-file - project has submodules:entry
[2026-06-07T11:14:47.046] [DEBUG] debug-file - start to load updatedOhPackageInfo to the disk
[2026-06-07T11:14:47.051] [DEBUG] debug-file - load to the disk finished
[2026-06-07T11:14:47.051] [DEBUG] debug-file - Start to initialize dependency information.
[2026-06-07T11:14:47.056] [DEBUG] debug-file - Module camera-preview-minimal Collected Dependency: 
[2026-06-07T11:14:47.056] [DEBUG] debug-file - Module camera-preview-minimal's total dependency: 0
[2026-06-07T11:14:47.057] [DEBUG] debug-file - Start to initialize dependency information.
[2026-06-07T11:14:47.059] [DEBUG] debug-file - Module entry Collected Dependency: 
[2026-06-07T11:14:47.059] [DEBUG] debug-file - Module entry's total dependency: 0
[2026-06-07T11:14:47.061] [DEBUG] debug-file - Configuration phase cost:124 ms 
[2026-06-07T11:14:47.062] [DEBUG] debug-file - Configuration task cost before running: 176 ms 
[2026-06-07T11:14:47.065] [DEBUG] debug-file - Executing task :entry:default@PreBuild
[2026-06-07T11:14:47.066] [DEBUG] debug-file - Task 'entry:default@PreBuild' cost while wrapping incremental declarations: 1 ms 
[2026-06-07T11:14:47.073] [DEBUG] debug-file - Incremental task entry:default@PreBuild pre-execution cost: 6 ms .
[2026-06-07T11:14:47.073] [DEBUG] debug-file - entry : default@PreBuild cost memory -1.189605712890625
[2026-06-07T11:14:47.075] [INFO] debug-file - UP-TO-DATE :entry:default@PreBuild...  
[2026-06-07T11:14:47.075] [DEBUG] debug-file - Executing task :entry:default@CreateModuleInfo
[2026-06-07T11:14:47.076] [DEBUG] debug-file - Task 'entry:default@CreateModuleInfo' cost while wrapping incremental declarations: 1 ms 
[2026-06-07T11:14:47.076] [DEBUG] debug-file - entry : default@CreateModuleInfo cost memory 0.041778564453125
[2026-06-07T11:14:47.076] [DEBUG] debug-file - runTaskFromQueue task cost before running: 190 ms 
[2026-06-07T11:14:47.076] [INFO] debug-file - Finished :entry:default@CreateModuleInfo... after 1 ms 
[2026-06-07T11:14:47.079] [DEBUG] debug-file - Executing task :entry:default@GenerateMetadata
[2026-06-07T11:14:47.080] [DEBUG] debug-file - Task 'entry:default@GenerateMetadata' cost while wrapping incremental declarations: 1 ms 
[2026-06-07T11:14:47.081] [DEBUG] debug-file - Incremental task entry:default@GenerateMetadata pre-execution cost: 2 ms .
[2026-06-07T11:14:47.081] [DEBUG] debug-file - entry : default@GenerateMetadata cost memory 0.092498779296875
[2026-06-07T11:14:47.081] [INFO] debug-file - UP-TO-DATE :entry:default@GenerateMetadata...  
[2026-06-07T11:14:47.082] [DEBUG] debug-file - Executing task :entry:default@ConfigureCmake
[2026-06-07T11:14:47.082] [DEBUG] debug-file - entry : default@ConfigureCmake cost memory 0.0144805908203125
[2026-06-07T11:14:47.082] [DEBUG] debug-file - runTaskFromQueue task cost before running: 196 ms 
[2026-06-07T11:14:47.082] [INFO] debug-file - Finished :entry:default@ConfigureCmake... after 1 ms 
[2026-06-07T11:14:47.083] [DEBUG] debug-file - Executing task :entry:default@MergeProfile
[2026-06-07T11:14:47.083] [DEBUG] debug-file - Task 'entry:default@MergeProfile' cost while wrapping incremental declarations: 1 ms 
[2026-06-07T11:14:47.085] [DEBUG] debug-file - Incremental task entry:default@MergeProfile pre-execution cost: 2 ms .
[2026-06-07T11:14:47.085] [DEBUG] debug-file - entry : default@MergeProfile cost memory 0.13156890869140625
[2026-06-07T11:14:47.086] [INFO] debug-file - UP-TO-DATE :entry:default@MergeProfile...  
[2026-06-07T11:14:47.087] [DEBUG] debug-file - Executing task :entry:default@CreateBuildProfile
[2026-06-07T11:14:47.087] [DEBUG] debug-file - Task 'entry:default@CreateBuildProfile' cost while wrapping incremental declarations: 1 ms 
[2026-06-07T11:14:47.089] [DEBUG] debug-file - Incremental task entry:default@CreateBuildProfile pre-execution cost: 2 ms .
[2026-06-07T11:14:47.089] [DEBUG] debug-file - entry : default@CreateBuildProfile cost memory 0.098968505859375
[2026-06-07T11:14:47.090] [INFO] debug-file - UP-TO-DATE :entry:default@CreateBuildProfile...  
[2026-06-07T11:14:47.090] [DEBUG] debug-file - Executing task :entry:default@PreCheckSyscap
[2026-06-07T11:14:47.091] [DEBUG] debug-file - entry : default@PreCheckSyscap cost memory 0.01470184326171875
[2026-06-07T11:14:47.091] [DEBUG] debug-file - runTaskFromQueue task cost before running: 204 ms 
[2026-06-07T11:14:47.091] [INFO] debug-file - Finished :entry:default@PreCheckSyscap... after 1 ms 
[2026-06-07T11:14:47.092] [DEBUG] debug-file - Executing task :entry:default@GeneratePkgContextInfo
[2026-06-07T11:14:47.095] [DEBUG] debug-file - Task 'entry:default@GeneratePkgContextInfo' cost while wrapping incremental declarations: 1 ms 
[2026-06-07T11:14:47.096] [DEBUG] debug-file - Incremental task entry:default@GeneratePkgContextInfo pre-execution cost: 1 ms .
[2026-06-07T11:14:47.096] [DEBUG] debug-file - entry : default@GeneratePkgContextInfo cost memory 0.21416473388671875
[2026-06-07T11:14:47.096] [INFO] debug-file - UP-TO-DATE :entry:default@GeneratePkgContextInfo...  
[2026-06-07T11:14:47.099] [DEBUG] debug-file - Executing task :entry:default@ProcessIntegratedHsp
[2026-06-07T11:14:47.099] [DEBUG] debug-file - entry:default@ProcessIntegratedHsp is not up-to-date, since the output file 'D:\files_for_huaweidevelop\FaceCheck\camera-preview-minimal\build\cache\default\integrated_hsp\integratedHspCache.json' does not exist.
[2026-06-07T11:14:47.100] [DEBUG] debug-file - Incremental task entry:default@ProcessIntegratedHsp pre-execution cost: 1 ms .
[2026-06-07T11:14:47.100] [DEBUG] debug-file - entry : default@ProcessIntegratedHsp cost memory -1.5665359497070312
[2026-06-07T11:14:47.101] [DEBUG] debug-file - runTaskFromQueue task cost before running: 215 ms 
[2026-06-07T11:14:47.101] [INFO] debug-file - Finished :entry:default@ProcessIntegratedHsp... after 2 ms 
[2026-06-07T11:14:47.102] [DEBUG] debug-file - Executing task :entry:default@BuildNativeWithCmake
[2026-06-07T11:14:47.102] [DEBUG] debug-file - entry : default@BuildNativeWithCmake cost memory 0.0144805908203125
[2026-06-07T11:14:47.103] [DEBUG] debug-file - runTaskFromQueue task cost before running: 216 ms 
[2026-06-07T11:14:47.103] [INFO] debug-file - Finished :entry:default@BuildNativeWithCmake... after 1 ms 
[2026-06-07T11:14:47.104] [DEBUG] debug-file - Executing task :entry:default@MakePackInfo
[2026-06-07T11:14:47.106] [DEBUG] debug-file - Incremental task entry:default@MakePackInfo pre-execution cost: 2 ms .
[2026-06-07T11:14:47.106] [DEBUG] debug-file - entry : default@MakePackInfo cost memory 0.11214447021484375
[2026-06-07T11:14:47.106] [INFO] debug-file - UP-TO-DATE :entry:default@MakePackInfo...  
[2026-06-07T11:14:47.107] [DEBUG] debug-file - Executing task :entry:default@SyscapTransform
[2026-06-07T11:14:47.107] [DEBUG] debug-file - File: 'D:\files_for_huaweidevelop\FaceCheck\camera-preview-minimal\entry\src\main\syscap.json' from 'sysCapJsonPath' is not exists, just ignore.
[2026-06-07T11:14:47.108] [DEBUG] debug-file - Task 'entry:default@SyscapTransform' cost while wrapping incremental declarations: 1 ms 
[2026-06-07T11:14:47.109] [DEBUG] debug-file - entry:default@SyscapTransform is not up-to-date, since the output file 'D:\files_for_huaweidevelop\FaceCheck\camera-preview-minimal\entry\build\default\intermediates\syscap\default\rpcid.sc' does not exist.
[2026-06-07T11:14:47.110] [DEBUG] debug-file - Incremental task entry:default@SyscapTransform pre-execution cost: 2 ms .
[2026-06-07T11:14:47.110] [DEBUG] debug-file - entry : default@SyscapTransform cost memory 0.15386199951171875
[2026-06-07T11:14:47.110] [DEBUG] debug-file - runTaskFromQueue task cost before running: 224 ms 
[2026-06-07T11:14:47.110] [INFO] debug-file - Finished :entry:default@SyscapTransform... after 4 ms 
[2026-06-07T11:14:47.111] [DEBUG] debug-file - Executing task :entry:default@ProcessProfile
[2026-06-07T11:14:47.112] [DEBUG] debug-file - Task 'entry:default@ProcessProfile' cost while wrapping incremental declarations: 1 ms 
[2026-06-07T11:14:47.113] [DEBUG] debug-file - Incremental task entry:default@ProcessProfile pre-execution cost: 1 ms .
[2026-06-07T11:14:47.113] [DEBUG] debug-file - entry : default@ProcessProfile cost memory 0.13091278076171875
[2026-06-07T11:14:47.113] [INFO] debug-file - UP-TO-DATE :entry:default@ProcessProfile...  
[2026-06-07T11:14:47.114] [DEBUG] debug-file - Executing task :entry:default@ProcessRouterMap
[2026-06-07T11:14:47.117] [DEBUG] debug-file - Incremental task entry:default@ProcessRouterMap pre-execution cost: 3 ms .
[2026-06-07T11:14:47.118] [DEBUG] debug-file - entry : default@ProcessRouterMap cost memory 0.1740875244140625
[2026-06-07T11:14:47.118] [INFO] debug-file - UP-TO-DATE :entry:default@ProcessRouterMap...  
[2026-06-07T11:14:47.119] [DEBUG] debug-file - Executing task :entry:default@ProcessShareConfig
[2026-06-07T11:14:47.121] [DEBUG] debug-file - Incremental task entry:default@ProcessShareConfig pre-execution cost: 2 ms .
[2026-06-07T11:14:47.121] [DEBUG] debug-file - entry : default@ProcessShareConfig cost memory 0.1491241455078125
[2026-06-07T11:14:47.121] [INFO] debug-file - UP-TO-DATE :entry:default@ProcessShareConfig...  
[2026-06-07T11:14:47.122] [DEBUG] debug-file - Executing task :entry:default@ProcessStartupConfig
[2026-06-07T11:14:47.122] [DEBUG] debug-file - Task 'entry:default@ProcessStartupConfig' cost while wrapping incremental declarations: 1 ms 
[2026-06-07T11:14:47.123] [DEBUG] debug-file - entry:default@ProcessStartupConfig is not up-to-date, since the output file 'D:\files_for_huaweidevelop\FaceCheck\camera-preview-minimal\entry\build\default\intermediates\startup\default\startup_config.json' does not exist.
[2026-06-07T11:14:47.123] [DEBUG] debug-file - Incremental task entry:default@ProcessStartupConfig pre-execution cost: 1 ms .
[2026-06-07T11:14:47.124] [DEBUG] debug-file - entry : default@ProcessStartupConfig cost memory 0.14299774169921875
[2026-06-07T11:14:47.124] [DEBUG] debug-file - runTaskFromQueue task cost before running: 237 ms 
[2026-06-07T11:14:47.124] [INFO] debug-file - Finished :entry:default@ProcessStartupConfig... after 2 ms 
[2026-06-07T11:14:47.125] [DEBUG] debug-file - Executing task :entry:default@BuildNativeWithNinja
[2026-06-07T11:14:47.126] [DEBUG] debug-file - entry : default@BuildNativeWithNinja cost memory 0.021392822265625
[2026-06-07T11:14:47.126] [DEBUG] debug-file - runTaskFromQueue task cost before running: 240 ms 
[2026-06-07T11:14:47.126] [INFO] debug-file - Finished :entry:default@BuildNativeWithNinja... after 1 ms 
[2026-06-07T11:14:47.127] [DEBUG] debug-file - restool module names: entry; moduleName=entry, taskName=default@ProcessResource
[2026-06-07T11:14:47.129] [DEBUG] debug-file - Executing task :entry:default@ProcessResource
[2026-06-07T11:14:47.129] [DEBUG] debug-file - Task 'entry:default@ProcessResource' cost while wrapping incremental declarations: 1 ms 
[2026-06-07T11:14:47.130] [DEBUG] debug-file - Incremental task entry:default@ProcessResource pre-execution cost: 1 ms .
[2026-06-07T11:14:47.131] [DEBUG] debug-file - entry : default@ProcessResource cost memory 0.13568878173828125
[2026-06-07T11:14:47.132] [INFO] debug-file - UP-TO-DATE :entry:default@ProcessResource...  
[2026-06-07T11:14:47.133] [DEBUG] debug-file - Executing task :entry:default@GenerateLoaderJson
[2026-06-07T11:14:47.134] [DEBUG] debug-file - Task 'entry:default@GenerateLoaderJson' cost while wrapping incremental declarations: 1 ms 
[2026-06-07T11:14:47.140] [DEBUG] debug-file - Incremental task entry:default@GenerateLoaderJson pre-execution cost: 4 ms .
[2026-06-07T11:14:47.140] [DEBUG] debug-file - entry : default@GenerateLoaderJson cost memory 0.5408248901367188
[2026-06-07T11:14:47.144] [INFO] debug-file - UP-TO-DATE :entry:default@GenerateLoaderJson...  
[2026-06-07T11:14:47.145] [DEBUG] debug-file - Executing task :entry:default@ProcessLibs
[2026-06-07T11:14:47.147] [DEBUG] debug-file - Incremental task entry:default@ProcessLibs pre-execution cost: 2 ms .
[2026-06-07T11:14:47.147] [DEBUG] debug-file - entry : default@ProcessLibs cost memory 0.11191558837890625
[2026-06-07T11:14:47.148] [INFO] debug-file - UP-TO-DATE :entry:default@ProcessLibs...  
[2026-06-07T11:14:47.149] [DEBUG] debug-file - restool module names: entry; moduleName=entry, taskName=default@CompileResource
[2026-06-07T11:14:47.149] [DEBUG] debug-file - Executing task :entry:default@CompileResource
[2026-06-07T11:14:47.164] [DEBUG] debug-file - Incremental task entry:default@CompileResource pre-execution cost: 13 ms .
[2026-06-07T11:14:47.164] [DEBUG] debug-file - entry : default@CompileResource cost memory -1.0205841064453125
[2026-06-07T11:14:47.165] [INFO] debug-file - UP-TO-DATE :entry:default@CompileResource...  
[2026-06-07T11:14:47.166] [DEBUG] debug-file - Executing task :entry:default@DoNativeStrip
[2026-06-07T11:14:47.166] [DEBUG] debug-file - Task 'entry:default@DoNativeStrip' cost while wrapping incremental declarations: 1 ms 
[2026-06-07T11:14:47.167] [DEBUG] debug-file - Incremental task entry:default@DoNativeStrip pre-execution cost: 1 ms .
[2026-06-07T11:14:47.167] [DEBUG] debug-file - entry : default@DoNativeStrip cost memory 0.080047607421875
[2026-06-07T11:14:47.168] [INFO] debug-file - UP-TO-DATE :entry:default@DoNativeStrip...  
[2026-06-07T11:14:47.169] [DEBUG] debug-file - Executing task :entry:default@CompileArkTS
[2026-06-07T11:14:47.169] [DEBUG] debug-file - obfuscationOptions: undefined
[2026-06-07T11:14:47.170] [DEBUG] debug-file - Task 'entry:default@CompileArkTS' cost while wrapping incremental declarations: 1 ms 
[2026-06-07T11:14:47.176] [DEBUG] debug-file - entry:default@CompileArkTS is not up-to-date, since the input file 'D:\files_for_huaweidevelop\FaceCheck\camera-preview-minimal\entry\src\main\ets' has been changed.
[2026-06-07T11:14:47.176] [DEBUG] debug-file - Incremental task entry:default@CompileArkTS pre-execution cost: 6 ms .
[2026-06-07T11:14:47.186] [DEBUG] debug-file - build config:
[2026-06-07T11:14:47.186] [DEBUG] debug-file - {
  moduleType: 'entry',
  perf: 0,
  targetName: '.default',
  packageManagerType: 'ohpm',
  localPropertiesPath: 'D:\\files_for_huaweidevelop\\FaceCheck\\camera-preview-minimal\\local.properties',
  isPreview: false,
  isOhosTest: false,
  isLocalTest: false,
  buildMode: 'Debug',
  hotReloadBuild: undefined,
  watchMode: 'false',
  aceProfilePath: 'D:\\files_for_huaweidevelop\\FaceCheck\\camera-preview-minimal\\entry\\build\\default\\intermediates\\res\\default\\resources\\base\\profile',
  etsLoaderPath: 'D:\\DevEco Studio\\sdk\\default\\openharmony\\ets\\build-tools\\ets-loader',
  modulePath: 'D:\\files_for_huaweidevelop\\FaceCheck\\camera-preview-minimal\\entry',
  testFrameworkPar: {
    testMode: undefined,
    coveragePathFilter: undefined,
    coverageMode: undefined
  },
  needCoverageInsert: false,
  debugLine: false,
  projectTopDir: 'D:\\files_for_huaweidevelop\\FaceCheck\\camera-preview-minimal',
  compileSdkVersion: 22,
  compatibleSdkVersion: 22,
  originCompatibleSdkVersion: '6.0.2(22)',
  compatibleSdkVersionStage: undefined,
  bundleName: 'c***n',
  etsLoaderVersion: '6.0.2.130',
  etsLoaderReleaseType: 'Release',
  aotCompileMode: 'type',
  apPath: 'D:\\files_for_huaweidevelop\\FaceCheck\\camera-preview-minimal\\entry\\modules.ap',
  entryModuleName: 'entry',
  entryModuleVersion: '1.0.0',
  entryPackageName: 'entry',
  allModuleNameHash: '18ee91e67eb32e137e924ee7a48a53f8b0a93bb43eff5885ad0ab42f35f94670',
  externalApiPaths: [ 'D:\\DevEco Studio\\sdk\\default\\hms\\ets' ],
  compilerTypes: [],
  isCrossplatform: false,
  hvigorPluginFile: undefined,
  compilePluginPath: undefined,
  buildGeneratedProfilePath: 'D:\\files_for_huaweidevelop\\FaceCheck\\camera-preview-minimal\\entry\\build\\default\\generated\\profile\\default',
  bundleType: 'app',
  arkTSVersion: undefined,
  apiVersion: 22,
  needCompleteSourcesMap: false,
  isFaMode: false,
  buildDir: 'D:\\files_for_huaweidevelop\\FaceCheck\\camera-preview-minimal\\entry\\build',
  deviceTypes: [ 'phone', 'tablet' ],
  pkgContextInfo: {
    '@ohos/hypium': {
      packageName: '@ohos/hypium',
      bundleName: '*****',
      moduleName: '',
      version: '1.0.25',
      entryPath: 'index.js',
      isSO: false,
      dependencyAlias: ''
    },
    '@ohos/hamock': {
      packageName: '@ohos/hamock',
      bundleName: '*****',
      moduleName: '',
      version: '1.0.0',
      entryPath: 'index.ets',
      isSO: false,
      dependencyAlias: ''
    },
    entry: {
      packageName: 'entry',
      bundleName: '*****',
      moduleName: '',
      version: '',
      entryPath: 'src/main/',
      isSO: false,
      dependencyAlias: ''
    }
  },
  ohPackagePathMap: {},
  dependencyAliasMap: {},
  permission: { requestPermissions: [ [Object] ], definePermissions: undefined },
  useGetCurrentBundleName: false,
  projectArkOption: undefined,
  sourceMapDir: undefined,
  branchElimination: false,
  transformLib: undefined,
  tsImportSendable: false,
  resolveConflictMode: true,
  depName2RootPath: {},
  depName2DepInfo: {},
  rootPathSet: [ 'D:\\files_for_huaweidevelop\\FaceCheck\\camera-preview-minimal' ],
  useNativeResolver: true,
  shouldEmitJs: true,
  useTscResolve: false,
  singleFileEmit: false,
  userProjectConfig: {
    autoLazyImport: false,
    allowEmptyBundleName: false,
    reExportCheckMode: 'noCheck',
    executionMode: 'memory',
    usePathPlaceholder: false,
    writeRollupCache: true,
    isExpandImportEnabled: false,
    expandImportExclude: '',
    lazyImportExclude: '',
    lazyImportInclude: '',
    ignoreCrossplatformCheck: false,
    isHarDeduplicateEnabled: false,
    skipOhModulesLint: false,
    enableStrictCheckOHModule: false,
    disableSendableCheckRules: [],
    useDeclarationFileSignature: false,
    customizedOptions: undefined,
    integratedHsp: false,
    isPreloadSoEnabled: false
  },
  executionMode: 'memory',
  arkCompileCachePath: 'D:\\files_for_huaweidevelop\\FaceCheck\\camera-preview-minimal\\entry\\build\\default\\cache\\default\\default@CompileArkTS\\esmodule',
  autoLazyFilter: undefined,
  isHarDeduplicateEnabled: false,
  intermediateHarDuplicateDirPath: 'D:\\files_for_huaweidevelop\\FaceCheck\\camera-preview-minimal\\entry\\build\\default\\intermediates\\har_duplicate\\default',
  autoLazyImport: false,
  allowEmptyBundleName: false,
  reExportCheckMode: 'noCheck',
  usePathPlaceholder: false,
  writeRollupCache: true,
  isExpandImportEnabled: false,
  expandImportExclude: '',
  lazyImportExclude: '',
  lazyImportInclude: '',
  ignoreCrossplatformCheck: false,
  skipOhModulesLint: false,
  enableStrictCheckOHModule: false,
  disableSendableCheckRules: [],
  useDeclarationFileSignature: false,
  customizedOptions: undefined,
  integratedHsp: false,
  isPreloadSoEnabled: false,
  strictMode: {
    caseSensitiveCheck: true,
    useNormalizedOHMUrl: true,
    noExternalImportByPath: true
  },
  useNormalizedOHMUrl: true,
  caseSensitiveCheck: true,
  aceModuleJsonPath: 'D:\\files_for_huaweidevelop\\FaceCheck\\camera-preview-minimal\\entry\\build\\default\\intermediates\\res\\default\\ark_module.json',
  appResource: 'D:\\files_for_huaweidevelop\\FaceCheck\\camera-preview-minimal\\entry\\build\\default\\intermediates\\res\\default\\ResourceTable.txt',
  rawFileResource: 'D:\\files_for_huaweidevelop\\FaceCheck\\camera-preview-minimal\\entry\\build\\default\\intermediates\\res\\default\\resources\\rawfile',
  resourceTableHash: 'f64a437b8e40f6ffeb1e500beb89d221770e69f3dce109977b102f45a561d3b6',
  runtimeOS: 'HarmonyOS',
  sdkInfo: 'false:22:6.0.2.130:Release',
  aceModuleRoot: 'D:\\files_for_huaweidevelop\\FaceCheck\\camera-preview-minimal\\entry\\src\\main\\ets',
  compileMode: 'esmodule',
  aceSuperVisualPath: 'D:\\files_for_huaweidevelop\\FaceCheck\\camera-preview-minimal\\entry\\src\\main\\supervisual',
  aceBuildJson: 'D:\\files_for_huaweidevelop\\FaceCheck\\camera-preview-minimal\\entry\\build\\default\\intermediates\\loader\\default\\loader.json',
  cachePath: 'D:\\files_for_huaweidevelop\\FaceCheck\\camera-preview-minimal\\entry\\build\\default\\cache\\default\\default@CompileArkTS\\esmodule\\debug',
  aceModuleBuild: 'D:\\files_for_huaweidevelop\\FaceCheck\\camera-preview-minimal\\entry\\build\\default\\intermediates\\loader_out\\default\\ets',
  supportChunks: true,
  declaredFilesPath: undefined,
  shouldCollectDirectImportees: false,
  isByteCodeHarOptimize: false,
  expandImportPath: undefined,
  pkgNameToPkgBriefInfo: {
    entry: {
      pkgRoot: 'D:\\files_for_huaweidevelop\\FaceCheck\\camera-preview-minimal\\entry',
      originalSourceRoots: undefined,
      sourceRoots: [Array],
      pkgName: 'entry'
    }
  },
  projectModel: {
    'D:\\files_for_huaweidevelop\\FaceCheck\\camera-preview-minimal\\entry\\src\\main': {
      moduleName: 'entry',
      modulePkgPath: 'D:\\files_for_huaweidevelop\\FaceCheck\\camera-preview-minimal\\entry',
      belongProjectPath: 'D:\\files_for_huaweidevelop\\FaceCheck\\camera-preview-minimal'
    },
    'D:\\files_for_huaweidevelop\\FaceCheck\\camera-preview-minimal\\entry': {
      moduleName: 'entry',
      modulePkgPath: 'D:\\files_for_huaweidevelop\\FaceCheck\\camera-preview-minimal\\entry',
      belongProjectPath: 'D:\\files_for_huaweidevelop\\FaceCheck\\camera-preview-minimal'
    },
    'D:\\files_for_huaweidevelop\\FaceCheck\\camera-preview-minimal': {
      moduleName: 'camera-preview-minimal',
      modulePkgPath: 'D:\\files_for_huaweidevelop\\FaceCheck\\camera-preview-minimal',
      belongProjectPath: 'D:\\files_for_huaweidevelop\\FaceCheck\\camera-preview-minimal'
    }
  },
  pkgJsonFileHash: '441d5fb9425d899bb86c2aae0376406b9303b6bc97b7c6bd19cab2ba79e65e90',
  allModulePaths: [
    'D:\\files_for_huaweidevelop\\FaceCheck\\camera-preview-minimal\\entry'
  ],
  routerMap: {},
  obfuscationOptions: undefined,
  byteCodeHarToDependencyKeys: undefined,
  compileBlockPkg: [],
  mockParams: {
    decorator: '@MockSetup',
    packageName: '@ohos/hamock',
    etsSourceRootPath: 'src/main/ets',
    mockConfigPath: undefined,
    mockConfigKey2ModuleInfo: {},
    source2ModuleIdMap: {}
  },
  copyCodeResourceEnable: false,
  copyCodeResourceExcludes: [],
  copyCodeResourceIncludes: undefined,
  uiTransformOptimization: false,
  sdkPath: 'D:/DevEco Studio/sdk',
  needPreloadSoFileSet: {},
  preloadSoFilePath: 'D:\\files_for_huaweidevelop\\FaceCheck\\camera-preview-minimal\\entry\\build\\default\\intermediates\\preload\\default\\preload.json',
  useSourceHash: false,
  localModuleParamMap: {},
  otherPaths: {
    'entry/*': [
      '..\\*',
      '..\\..\\..\\build\\default\\generated\\profile\\default\\*'
    ]
  },
  collectImportersConfig: undefined
}
[2026-06-07T11:14:47.186] [DEBUG] debug-file - Compile arkts with external api path: D:\DevEco Studio\sdk\default\hms\ets
[2026-06-07T11:14:47.187] [DEBUG] debug-file - default@CompileArkTS work[2] is submitted.
[2026-06-07T11:14:47.188] [DEBUG] debug-file - default@CompileArkTS work[2] is pushed to ready queue.
[2026-06-07T11:14:47.188] [DEBUG] debug-file - A work dispatched to worker[31] failed because unable to get work from ready queue.
[2026-06-07T11:14:47.188] [DEBUG] debug-file - A work dispatched to worker[30] failed because unable to get work from ready queue.
[2026-06-07T11:14:47.188] [DEBUG] debug-file - A work dispatched to worker[29] failed because unable to get work from ready queue.
[2026-06-07T11:14:47.188] [DEBUG] debug-file - A work dispatched to worker[28] failed because unable to get work from ready queue.
[2026-06-07T11:14:47.188] [DEBUG] debug-file - A work dispatched to worker[27] failed because unable to get work from ready queue.
[2026-06-07T11:14:47.188] [DEBUG] debug-file - A work dispatched to worker[26] failed because unable to get work from ready queue.
[2026-06-07T11:14:47.188] [DEBUG] debug-file - A work dispatched to worker[25] failed because unable to get work from ready queue.
[2026-06-07T11:14:47.188] [DEBUG] debug-file - A work dispatched to worker[24] failed because unable to get work from ready queue.
[2026-06-07T11:14:47.188] [DEBUG] debug-file - A work dispatched to worker[23] failed because unable to get work from ready queue.
[2026-06-07T11:14:47.188] [DEBUG] debug-file - A work dispatched to worker[22] failed because unable to get work from ready queue.
[2026-06-07T11:14:47.188] [DEBUG] debug-file - A work dispatched to worker[21] failed because unable to get work from ready queue.
[2026-06-07T11:14:47.188] [DEBUG] debug-file - A work dispatched to worker[20] failed because unable to get work from ready queue.
[2026-06-07T11:14:47.188] [DEBUG] debug-file - A work dispatched to worker[19] failed because unable to get work from ready queue.
[2026-06-07T11:14:47.188] [DEBUG] debug-file - A work dispatched to worker[18] failed because unable to get work from ready queue.
[2026-06-07T11:14:47.188] [DEBUG] debug-file - A work dispatched to worker[17] failed because unable to get work from ready queue.
[2026-06-07T11:14:47.188] [DEBUG] debug-file - A work dispatched to worker[16] failed because unable to get work from ready queue.
[2026-06-07T11:14:47.188] [DEBUG] debug-file - A work dispatched to worker[15] failed because unable to get work from ready queue.
[2026-06-07T11:14:47.188] [DEBUG] debug-file - A work dispatched to worker[14] failed because unable to get work from ready queue.
[2026-06-07T11:14:47.188] [DEBUG] debug-file - A work dispatched to worker[13] failed because unable to get work from ready queue.
[2026-06-07T11:14:47.188] [DEBUG] debug-file - A work dispatched to worker[12] failed because unable to get work from ready queue.
[2026-06-07T11:14:47.188] [DEBUG] debug-file - A work dispatched to worker[11] failed because unable to get work from ready queue.
[2026-06-07T11:14:47.188] [DEBUG] debug-file - A work dispatched to worker[10] failed because unable to get work from ready queue.
[2026-06-07T11:14:47.188] [DEBUG] debug-file - A work dispatched to worker[9] failed because unable to get work from ready queue.
[2026-06-07T11:14:47.188] [DEBUG] debug-file - A work dispatched to worker[8] failed because unable to get work from ready queue.
[2026-06-07T11:14:47.188] [DEBUG] debug-file - A work dispatched to worker[7] failed because unable to get work from ready queue.
[2026-06-07T11:14:47.188] [DEBUG] debug-file - A work dispatched to worker[6] failed because unable to get work from ready queue.
[2026-06-07T11:14:47.188] [DEBUG] debug-file - A work dispatched to worker[5] failed because unable to get work from ready queue.
[2026-06-07T11:14:47.189] [DEBUG] debug-file - default@CompileArkTS work[2] has been dispatched to worker[4].
[2026-06-07T11:14:47.189] [DEBUG] debug-file - default@CompileArkTS work[2] is dispatched.
[2026-06-07T11:14:47.189] [DEBUG] debug-file - entry : default@CompileArkTS cost memory -0.30007171630859375
[2026-06-07T11:14:47.190] [DEBUG] debug-file - Executing task :entry:default@BuildJS
[2026-06-07T11:14:47.190] [DEBUG] debug-file - Task 'entry:default@BuildJS' cost while wrapping incremental declarations: 1 ms 
[2026-06-07T11:14:47.192] [DEBUG] debug-file - entry : default@BuildJS cost memory 0.3071136474609375
[2026-06-07T11:14:47.192] [DEBUG] debug-file - runTaskFromQueue task cost before running: 306 ms 
[2026-06-07T11:14:47.192] [INFO] debug-file - Finished :entry:default@BuildJS... after 3 ms 
[2026-06-07T11:14:47.193] [DEBUG] debug-file - Executing task :entry:default@CacheNativeLibs
[2026-06-07T11:14:47.194] [DEBUG] debug-file - Task 'entry:default@CacheNativeLibs' cost while wrapping incremental declarations: 1 ms 
[2026-06-07T11:14:47.195] [DEBUG] debug-file - Incremental task entry:default@CacheNativeLibs pre-execution cost: 2 ms .
[2026-06-07T11:14:47.195] [DEBUG] debug-file - entry : default@CacheNativeLibs cost memory 0.098724365234375
[2026-06-07T11:14:47.196] [INFO] debug-file - UP-TO-DATE :entry:default@CacheNativeLibs...  
[2026-06-07T11:14:48.365] [WARN] debug-file - [33mWARN: [33m[33mArkTS:WARN File: D:/files_for_huaweidevelop/FaceCheck/camera-preview-minimal/entry/src/main/ets/pages/Index.ets:115:21
 'getContext' has been deprecated.
[39m[39m
[33mWARN: [33m[33mArkTS:WARN File: D:/files_for_huaweidevelop/FaceCheck/camera-preview-minimal/entry/src/main/ets/pages/Index.ets:171:21
 'getContext' has been deprecated.
[39m[39m
[33mWARN: [33m[33mArkTS:WARN File: D:/files_for_huaweidevelop/FaceCheck/camera-preview-minimal/entry/src/main/ets/pages/Index.ets:284:20
 'showToast' has been deprecated.
[39m[39m

[2026-06-07T11:14:48.365] [DEBUG] debug-file - Ark compile task finished.finished time is 2408052093400
[2026-06-07T11:14:48.365] [DEBUG] debug-file - worker[4] has one work done.
[2026-06-07T11:14:48.367] [DEBUG] debug-file - default@CompileArkTS work[2] done.
[2026-06-07T11:14:48.369] [INFO] debug-file - Finished :entry:default@CompileArkTS... after 1 s 193 ms 
[2026-06-07T11:14:48.370] [DEBUG] debug-file - Executing task :entry:default@GeneratePkgModuleJson
[2026-06-07T11:14:48.371] [DEBUG] debug-file - File: 'D:\files_for_huaweidevelop\FaceCheck\camera-preview-minimal\entry\build\default\intermediates\preload\default\preload.json' from 'preloadSoJsonPath' is not exists, just ignore.
[2026-06-07T11:14:48.371] [DEBUG] debug-file - Error occurs while handling @Input 'shouldDeduplicateHar': The "data" argument must be of type string or an instance of Buffer, TypedArray, or DataView. Received undefined
[2026-06-07T11:14:48.371] [DEBUG] debug-file - Task 'entry:default@GeneratePkgModuleJson' cost while wrapping incremental declarations: 1 ms 
[2026-06-07T11:14:48.372] [DEBUG] debug-file - Incremental task entry:default@GeneratePkgModuleJson pre-execution cost: 2 ms .
[2026-06-07T11:14:48.372] [DEBUG] debug-file - entry : default@GeneratePkgModuleJson cost memory 0.109130859375
[2026-06-07T11:14:48.373] [INFO] debug-file - UP-TO-DATE :entry:default@GeneratePkgModuleJson...  
[2026-06-07T11:14:48.374] [DEBUG] debug-file - Executing task :entry:default@ProcessCompiledResources
[2026-06-07T11:14:48.374] [DEBUG] debug-file - File: 'D:\files_for_huaweidevelop\FaceCheck\camera-preview-minimal\entry\build\default\intermediates\preload\default\preload.json' from 'preloadSoJsonPath' is not exists, just ignore.
[2026-06-07T11:14:48.374] [DEBUG] debug-file - Task 'entry:default@ProcessCompiledResources' cost while wrapping incremental declarations: 1 ms 
[2026-06-07T11:14:48.374] [DEBUG] debug-file - entry : default@ProcessCompiledResources cost memory 0.060272216796875
[2026-06-07T11:14:48.374] [DEBUG] debug-file - runTaskFromQueue task cost before running: 1 s 488 ms 
[2026-06-07T11:14:48.374] [INFO] debug-file - Finished :entry:default@ProcessCompiledResources... after 1 ms 
[2026-06-07T11:14:48.376] [DEBUG] debug-file - Executing task :entry:default@PackageHap
[2026-06-07T11:14:48.382] [DEBUG] debug-file - entry:default@PackageHap is not up-to-date, since the input file 'D:\files_for_huaweidevelop\FaceCheck\camera-preview-minimal\entry\build\default\intermediates\loader_out\default\ets' has been changed.
[2026-06-07T11:14:48.382] [DEBUG] debug-file - Incremental task entry:default@PackageHap pre-execution cost: 6 ms .
[2026-06-07T11:14:48.383] [DEBUG] debug-file - Use tool [D:\DevEco Studio\sdk\default\openharmony\toolchains\lib\app_packing_tool.jar]
 [
  'java',
  '-Dfile.encoding=GBK',
  '-jar',
  'D:\\DevEco Studio\\sdk\\default\\openharmony\\toolchains\\lib\\app_packing_tool.jar',
  '--mode',
  'hap',
  '--force',
  'true',
  '--lib-path',
  'D:\\files_for_huaweidevelop\\FaceCheck\\camera-preview-minimal\\entry\\build\\default\\intermediates\\stripped_native_libs\\default',
  '--json-path',
  'D:\\files_for_huaweidevelop\\FaceCheck\\camera-preview-minimal\\entry\\build\\default\\intermediates\\package\\default\\module.json',
  '--resources-path',
  'D:\\files_for_huaweidevelop\\FaceCheck\\camera-preview-minimal\\entry\\build\\default\\intermediates\\res\\default\\resources',
  '--index-path',
  'D:\\files_for_huaweidevelop\\FaceCheck\\camera-preview-minimal\\entry\\build\\default\\intermediates\\res\\default\\resources.index',
  '--pack-info-path',
  'D:\\files_for_huaweidevelop\\FaceCheck\\camera-preview-minimal\\entry\\build\\default\\outputs\\default\\pack.info',
  '--out-path',
  'D:\\files_for_huaweidevelop\\FaceCheck\\camera-preview-minimal\\entry\\build\\default\\outputs\\default\\entry-default-unsigned.hap',
  '--ets-path',
  'D:\\files_for_huaweidevelop\\FaceCheck\\camera-preview-minimal\\entry\\build\\default\\intermediates\\loader_out\\default\\ets',
  '--pkg-context-path',
  'D:\\files_for_huaweidevelop\\FaceCheck\\camera-preview-minimal\\entry\\build\\default\\intermediates\\loader\\default\\pkgContextInfo.json'
]
[2026-06-07T11:14:48.413] [DEBUG] debug-file - java daemon socket received message:{"code":0,"message":"pack success"}
[2026-06-07T11:14:48.417] [DEBUG] debug-file - entry : default@PackageHap cost memory -1.1654586791992188
[2026-06-07T11:14:48.418] [DEBUG] debug-file - runTaskFromQueue task cost before running: 1 s 531 ms 
[2026-06-07T11:14:48.419] [INFO] debug-file - Finished :entry:default@PackageHap... after 43 ms 
[2026-06-07T11:14:48.420] [DEBUG] debug-file - Executing task :entry:default@PackingCheck
[2026-06-07T11:14:48.424] [DEBUG] debug-file - entry : default@PackingCheck cost memory 0.2601776123046875
[2026-06-07T11:14:48.424] [DEBUG] debug-file - runTaskFromQueue task cost before running: 1 s 538 ms 
[2026-06-07T11:14:48.425] [INFO] debug-file - Finished :entry:default@PackingCheck... after 5 ms 
[2026-06-07T11:14:48.426] [DEBUG] debug-file - Executing task :entry:default@SignHap
[2026-06-07T11:14:48.430] [DEBUG] debug-file - entry:default@SignHap is not up-to-date, since the input file 'D:\files_for_huaweidevelop\FaceCheck\camera-preview-minimal\entry\build\default\outputs\default\entry-default-unsigned.hap' has been changed.
[2026-06-07T11:14:48.431] [DEBUG] debug-file - Incremental task entry:default@SignHap pre-execution cost: 4 ms .
[2026-06-07T11:14:48.453] [DEBUG] debug-file - java daemon socket close code:1000 reason:close by user
[2026-06-07T11:14:48.490] [DEBUG] debug-file - java daemon socket received message:{"code":0,"message":"verify profile success"}
[2026-06-07T11:14:48.494] [DEBUG] debug-file - java daemon socket close code:1000 reason:close by user
[2026-06-07T11:14:48.572] [DEBUG] debug-file - java daemon socket received message:{"code":0,"message":"sign app success"}
[2026-06-07T11:14:48.573] [DEBUG] debug-file - entry : default@SignHap cost memory 0.5534210205078125
[2026-06-07T11:14:48.573] [DEBUG] debug-file - runTaskFromQueue task cost before running: 1 s 687 ms 
[2026-06-07T11:14:48.574] [INFO] debug-file - Finished :entry:default@SignHap... after 148 ms 
[2026-06-07T11:14:48.575] [DEBUG] debug-file - Executing task :entry:default@CollectDebugSymbol
[2026-06-07T11:14:48.577] [DEBUG] debug-file - entry : default@CollectDebugSymbol cost memory -1.482574462890625
[2026-06-07T11:14:48.577] [DEBUG] debug-file - runTaskFromQueue task cost before running: 1 s 691 ms 
[2026-06-07T11:14:48.577] [INFO] debug-file - Finished :entry:default@CollectDebugSymbol... after 2 ms 
[2026-06-07T11:14:48.578] [DEBUG] debug-file - Executing task :entry:assembleHap
[2026-06-07T11:14:48.578] [DEBUG] debug-file - entry : assembleHap cost memory 0.012725830078125
[2026-06-07T11:14:48.578] [DEBUG] debug-file - runTaskFromQueue task cost before running: 1 s 691 ms 
[2026-06-07T11:14:48.578] [INFO] debug-file - Finished :entry:assembleHap... after 1 ms 
[2026-06-07T11:14:48.592] [INFO] debug-file - BUILD SUCCESSFUL in 1 s 706 ms 
[2026-06-07T11:14:48.593] [DEBUG] debug-file - There is no need to refresh cache, since the incremental task entry:default@PreBuild is up-to-date.
[2026-06-07T11:14:48.593] [DEBUG] debug-file - Update task entry:default@CreateModuleInfo output file:D:\files_for_huaweidevelop\FaceCheck\camera-preview-minimal\entry\build\default\generated\profile\default\ModuleInfo.ts cache.
[2026-06-07T11:14:48.593] [DEBUG] debug-file - Incremental task entry:default@CreateModuleInfo post-execution cost:1 ms .
[2026-06-07T11:14:48.593] [DEBUG] debug-file - There is no need to refresh cache, since the incremental task entry:default@GenerateMetadata is up-to-date.
[2026-06-07T11:14:48.593] [DEBUG] debug-file - There is no need to refresh cache, since the incremental task entry:default@MergeProfile is up-to-date.
[2026-06-07T11:14:48.593] [DEBUG] debug-file - There is no need to refresh cache, since the incremental task entry:default@CreateBuildProfile is up-to-date.
[2026-06-07T11:14:48.593] [DEBUG] debug-file - There is no need to refresh cache, since the incremental task entry:default@GeneratePkgContextInfo is up-to-date.
[2026-06-07T11:14:48.594] [DEBUG] debug-file - Update task entry:default@ProcessIntegratedHsp output file:D:\files_for_huaweidevelop\FaceCheck\camera-preview-minimal\build\cache\default\integrated_hsp\integratedHspCache.json cache.
[2026-06-07T11:14:48.594] [DEBUG] debug-file - Incremental task entry:default@ProcessIntegratedHsp post-execution cost:1 ms .
[2026-06-07T11:14:48.594] [DEBUG] debug-file - There is no need to refresh cache, since the incremental task entry:default@MakePackInfo is up-to-date.
[2026-06-07T11:14:48.594] [DEBUG] debug-file - Update task entry:default@SyscapTransform input file:D:\DevEco Studio\sdk\default\openharmony\toolchains\syscap_tool.exe cache by regenerate.
[2026-06-07T11:14:48.594] [DEBUG] debug-file - Update task entry:default@SyscapTransform input file:D:\DevEco Studio\sdk\default\openharmony\ets\api\device-define cache by regenerate.
[2026-06-07T11:14:48.596] [DEBUG] debug-file - Update task entry:default@SyscapTransform output file:D:\files_for_huaweidevelop\FaceCheck\camera-preview-minimal\entry\build\default\intermediates\syscap\default\rpcid.sc cache.
[2026-06-07T11:14:48.596] [DEBUG] debug-file - Incremental task entry:default@SyscapTransform post-execution cost:3 ms .
[2026-06-07T11:14:48.597] [DEBUG] debug-file - There is no need to refresh cache, since the incremental task entry:default@ProcessProfile is up-to-date.
[2026-06-07T11:14:48.597] [DEBUG] debug-file - There is no need to refresh cache, since the incremental task entry:default@ProcessRouterMap is up-to-date.
[2026-06-07T11:14:48.597] [DEBUG] debug-file - There is no need to refresh cache, since the incremental task entry:default@ProcessShareConfig is up-to-date.
[2026-06-07T11:14:48.597] [DEBUG] debug-file - Update task entry:default@ProcessStartupConfig input file:D:\files_for_huaweidevelop\FaceCheck\camera-preview-minimal\entry\build\default\intermediates\loader\default\pkgContextInfo.json cache by regenerate.
[2026-06-07T11:14:48.598] [DEBUG] debug-file - Update task entry:default@ProcessStartupConfig output file:D:\files_for_huaweidevelop\FaceCheck\camera-preview-minimal\entry\build\default\intermediates\startup\default\startup_config.json cache.
[2026-06-07T11:14:48.598] [DEBUG] debug-file - Incremental task entry:default@ProcessStartupConfig post-execution cost:1 ms .
[2026-06-07T11:14:48.598] [DEBUG] debug-file - There is no need to refresh cache, since the incremental task entry:default@ProcessResource is up-to-date.
[2026-06-07T11:14:48.598] [DEBUG] debug-file - There is no need to refresh cache, since the incremental task entry:default@GenerateLoaderJson is up-to-date.
[2026-06-07T11:14:48.598] [DEBUG] debug-file - There is no need to refresh cache, since the incremental task entry:default@ProcessLibs is up-to-date.
[2026-06-07T11:14:48.598] [DEBUG] debug-file - There is no need to refresh cache, since the incremental task entry:default@CompileResource is up-to-date.
[2026-06-07T11:14:48.598] [DEBUG] debug-file - There is no need to refresh cache, since the incremental task entry:default@DoNativeStrip is up-to-date.
[2026-06-07T11:14:48.599] [DEBUG] debug-file - Update task entry:default@CompileArkTS input file:D:\files_for_huaweidevelop\FaceCheck\camera-preview-minimal\entry\build\default\intermediates\loader\default cache by regenerate.
[2026-06-07T11:14:48.600] [DEBUG] debug-file - Update task entry:default@CompileArkTS input file:D:\files_for_huaweidevelop\FaceCheck\camera-preview-minimal\entry\build\default\intermediates\res\default\ResourceTable.txt cache by regenerate.
[2026-06-07T11:14:48.600] [DEBUG] debug-file - Update task entry:default@CompileArkTS input file:D:\files_for_huaweidevelop\FaceCheck\camera-preview-minimal\entry\build\default\intermediates\res\default\ark_module.json cache by regenerate.
[2026-06-07T11:14:48.601] [DEBUG] debug-file - Update task entry:default@CompileArkTS input file:D:\files_for_huaweidevelop\FaceCheck\camera-preview-minimal\entry\build\default\intermediates\res\default\resources\base\profile cache by regenerate.
[2026-06-07T11:14:48.601] [DEBUG] debug-file - Update task entry:default@CompileArkTS input file:D:\files_for_huaweidevelop\FaceCheck\camera-preview-minimal\entry\src\main\ets cache from map.
[2026-06-07T11:14:48.601] [DEBUG] debug-file - Update task entry:default@CompileArkTS input file:D:\files_for_huaweidevelop\FaceCheck\camera-preview-minimal\entry\build\default\intermediates\loader\default\pkgContextInfo.json cache by regenerate.
[2026-06-07T11:14:48.601] [DEBUG] debug-file - Update task entry:default@CompileArkTS input file:D:\files_for_huaweidevelop\FaceCheck\camera-preview-minimal\entry\build\default\generated\profile\default\BuildProfile.ets cache by regenerate.
[2026-06-07T11:14:48.602] [DEBUG] debug-file - Update task entry:default@CompileArkTS output file:D:\files_for_huaweidevelop\FaceCheck\camera-preview-minimal\entry\build\default\intermediates\loader_out\default\ets cache.
[2026-06-07T11:14:48.603] [DEBUG] debug-file - Incremental task entry:default@CompileArkTS post-execution cost:5 ms .
[2026-06-07T11:14:48.603] [DEBUG] debug-file - Update task entry:default@BuildJS input file:D:\files_for_huaweidevelop\FaceCheck\camera-preview-minimal\entry\build\default\intermediates\loader\default cache by regenerate.
[2026-06-07T11:14:48.604] [DEBUG] debug-file - Update task entry:default@BuildJS input file:D:\files_for_huaweidevelop\FaceCheck\camera-preview-minimal\entry\build\default\intermediates\res\default\ResourceTable.txt cache by regenerate.
[2026-06-07T11:14:48.604] [DEBUG] debug-file - Update task entry:default@BuildJS input file:D:\files_for_huaweidevelop\FaceCheck\camera-preview-minimal\entry\build\default\intermediates\res\default\ark_module.json cache by regenerate.
[2026-06-07T11:14:48.605] [DEBUG] debug-file - Update task entry:default@BuildJS input file:D:\files_for_huaweidevelop\FaceCheck\camera-preview-minimal\entry\build\default\intermediates\res\default\resources\base\profile cache by regenerate.
[2026-06-07T11:14:48.605] [DEBUG] debug-file - Update task entry:default@BuildJS input file:D:\files_for_huaweidevelop\FaceCheck\camera-preview-minimal\entry\build\default\intermediates\loader\default\pkgContextInfo.json cache by regenerate.
[2026-06-07T11:14:48.606] [DEBUG] debug-file - Update task entry:default@BuildJS output file:D:\files_for_huaweidevelop\FaceCheck\camera-preview-minimal\entry\build\default\intermediates\loader_out\default\js cache.
[2026-06-07T11:14:48.606] [DEBUG] debug-file - Incremental task entry:default@BuildJS post-execution cost:4 ms .
[2026-06-07T11:14:48.606] [DEBUG] debug-file - There is no need to refresh cache, since the incremental task entry:default@CacheNativeLibs is up-to-date.
[2026-06-07T11:14:48.606] [DEBUG] debug-file - There is no need to refresh cache, since the incremental task entry:default@GeneratePkgModuleJson is up-to-date.
[2026-06-07T11:14:48.606] [DEBUG] debug-file - Incremental task entry:default@ProcessCompiledResources post-execution cost:1 ms .
[2026-06-07T11:14:48.607] [DEBUG] debug-file - Update task entry:default@PackageHap input file:D:\files_for_huaweidevelop\FaceCheck\camera-preview-minimal\entry\build\default\intermediates\stripped_native_libs\default cache by regenerate.
[2026-06-07T11:14:48.607] [DEBUG] debug-file - Update task entry:default@PackageHap input file:D:\files_for_huaweidevelop\FaceCheck\camera-preview-minimal\entry\build\default\intermediates\res\default\module.json cache by regenerate.
[2026-06-07T11:14:48.608] [DEBUG] debug-file - Update task entry:default@PackageHap input file:D:\files_for_huaweidevelop\FaceCheck\camera-preview-minimal\entry\build\default\intermediates\res\default\resources cache by regenerate.
[2026-06-07T11:14:48.610] [DEBUG] debug-file - Update task entry:default@PackageHap input file:D:\files_for_huaweidevelop\FaceCheck\camera-preview-minimal\entry\build\default\intermediates\res\default\resources.index cache by regenerate.
[2026-06-07T11:14:48.610] [DEBUG] debug-file - Update task entry:default@PackageHap input file:D:\files_for_huaweidevelop\FaceCheck\camera-preview-minimal\entry\build\default\outputs\default\pack.info cache by regenerate.
[2026-06-07T11:14:48.610] [DEBUG] debug-file - Update task entry:default@PackageHap input file:D:\files_for_huaweidevelop\FaceCheck\camera-preview-minimal\entry\build\default\intermediates\loader_out\default\ets cache from map.
[2026-06-07T11:14:48.610] [DEBUG] debug-file - Update task entry:default@PackageHap input file:D:\files_for_huaweidevelop\FaceCheck\camera-preview-minimal\entry\build\default\intermediates\loader\default\pkgContextInfo.json cache by regenerate.
[2026-06-07T11:14:48.611] [DEBUG] debug-file - Update task entry:default@PackageHap input file:D:\files_for_huaweidevelop\FaceCheck\camera-preview-minimal\entry\build\default\intermediates\loader_out\default\ets\sourceMaps.map cache by regenerate.
[2026-06-07T11:14:48.611] [DEBUG] debug-file - Update task entry:default@PackageHap input file:D:\files_for_huaweidevelop\FaceCheck\camera-preview-minimal\entry\build\default\generated\profile\default\BuildProfile.ets cache by regenerate.
[2026-06-07T11:14:48.611] [DEBUG] debug-file - Update task entry:default@PackageHap output file:D:\files_for_huaweidevelop\FaceCheck\camera-preview-minimal\entry\build\default\outputs\default\entry-default-unsigned.hap cache.
[2026-06-07T11:14:48.612] [DEBUG] debug-file - Update task entry:default@PackageHap output file:D:\files_for_huaweidevelop\FaceCheck\camera-preview-minimal\entry\build\default\intermediates\source_map\default\sourceMaps.map cache.
[2026-06-07T11:14:48.612] [DEBUG] debug-file - Update task entry:default@PackageHap output file:D:\files_for_huaweidevelop\FaceCheck\camera-preview-minimal\entry\build\default\outputs\default\mapping\sourceMaps.map cache.
[2026-06-07T11:14:48.612] [DEBUG] debug-file - Incremental task entry:default@PackageHap post-execution cost:7 ms .
[2026-06-07T11:14:48.613] [DEBUG] debug-file - Update task entry:default@SignHap input file:C:\Users\white\.ohos\config\default_FaceCheck_XIP5AEtjoMg_LHh2fT2SHXaqBQOeOLbhsmuA_gUfwkM=.cer cache by regenerate.
[2026-06-07T11:14:48.613] [DEBUG] debug-file - Update task entry:default@SignHap input file:C:\Users\white\.ohos\config\default_FaceCheck_XIP5AEtjoMg_LHh2fT2SHXaqBQOeOLbhsmuA_gUfwkM=.p7b cache by regenerate.
[2026-06-07T11:14:48.614] [DEBUG] debug-file - Update task entry:default@SignHap input file:C:\Users\white\.ohos\config\default_FaceCheck_XIP5AEtjoMg_LHh2fT2SHXaqBQOeOLbhsmuA_gUfwkM=.p12 cache by regenerate.
[2026-06-07T11:14:48.614] [DEBUG] debug-file - Update task entry:default@SignHap input file:D:\files_for_huaweidevelop\FaceCheck\camera-preview-minimal\entry\build\default\outputs\default\entry-default-unsigned.hap cache from map.
[2026-06-07T11:14:48.614] [DEBUG] debug-file - Update task entry:default@SignHap output file:D:\files_for_huaweidevelop\FaceCheck\camera-preview-minimal\entry\build\default\outputs\default\entry-default-signed.hap cache.
[2026-06-07T11:14:48.614] [DEBUG] debug-file - Incremental task entry:default@SignHap post-execution cost:3 ms .
[2026-06-07T11:14:48.615] [DEBUG] debug-file - Update task entry:default@CollectDebugSymbol input file:D:\files_for_huaweidevelop\FaceCheck\camera-preview-minimal\entry\build\default\intermediates\loader_out\default\ets\sourceMaps.map cache by regenerate.
[2026-06-07T11:14:48.616] [DEBUG] debug-file - Update task entry:default@CollectDebugSymbol input file:D:\files_for_huaweidevelop\FaceCheck\camera-preview-minimal\entry\build\default\intermediates\libs\default cache by regenerate.
[2026-06-07T11:14:48.616] [DEBUG] debug-file - Update task entry:default@CollectDebugSymbol output file:D:\files_for_huaweidevelop\FaceCheck\camera-preview-minimal\entry\build\default\outputs\default\symbol cache.
[2026-06-07T11:14:48.616] [DEBUG] debug-file - Incremental task entry:default@CollectDebugSymbol post-execution cost:2 ms .
[2026-06-07T11:14:48.638] [DEBUG] debug-file - hvigor build process will be closed.
[2026-06-07T11:14:48.638] [DEBUG] debug-file - java daemon socket close code:1000 reason:close by user
[2026-06-07T11:14:48.644] [DEBUG] debug-file - session manager: send message to worker process.
[2026-06-07T11:14:48.644] [DEBUG] debug-file - session manager: send message to worker process.
[2026-06-07T11:14:48.644] [DEBUG] debug-file - watch worker: worker id should be larger than 0. Nothing will be sent to any worker thread.
[2026-06-07T11:14:48.645] [DEBUG] debug-file - watch worker: worker id should be larger than 0. Nothing will be sent to any worker thread.
[2026-06-07T11:25:35.082] [DEBUG] debug-file - session manager: set active socket. socketId=NBUC8QfFclot_aK_AAAH
[2026-06-07T11:25:35.089] [DEBUG] debug-file - watch worker: worker id should be larger than 0. Nothing will be sent to any worker thread.
[2026-06-07T11:25:35.094] [DEBUG] debug-file - Workers' log level updated to INFO
[2026-06-07T11:25:35.097] [DEBUG] debug-file - Hvigor init with startParameters:{
  hvigorfileTypeCheck: false,
  parallelExecution: true,
  incrementalExecution: true,
  printStackTrace: false,
  daemon: true,
  analyze: 0,
  logLevel: Level { level: 20000, levelStr: 'INFO', colour: 'green' },
  optimizationStrategy: 'memory',
  hotCompile: undefined,
  hotReloadBuild: undefined,
  customizedParam: undefined
}
[2026-06-07T11:25:35.101] [DEBUG] debug-file - Cache service initialization finished in 4 ms 
[2026-06-07T11:25:35.102] [DEBUG] debug-file - hvigorfile, resolving D:\files_for_huaweidevelop\FaceCheck\camera-preview-minimal\hvigorfile.ts
[2026-06-07T11:25:35.109] [DEBUG] debug-file - hvigorfile, require result:  { default: { plugins: [] } }
[2026-06-07T11:25:35.109] [DEBUG] debug-file - hvigorfile, binding system plugins null
[2026-06-07T11:25:35.109] [DEBUG] debug-file - Starting plugin build process
[2026-06-07T11:25:35.109] [DEBUG] debug-file - App plugin prepare start...
[2026-06-07T11:25:35.109] [DEBUG] debug-file - App plugin prepare end...
[2026-06-07T11:25:35.109] [DEBUG] debug-file - App plugin creating...
[2026-06-07T11:25:35.113] [DEBUG] debug-file - App plugin register hook start...
[2026-06-07T11:25:35.114] [DEBUG] debug-file - App plugin register hook end...
[2026-06-07T11:25:35.114] [DEBUG] debug-file - Plugin build process completed
[2026-06-07T11:25:35.114] [DEBUG] debug-file - Start initialize project's product build option map with build mode debug.
[2026-06-07T11:25:35.114] [DEBUG] debug-file - Picking option from product 'default' with build mode 'debug'.
[2026-06-07T11:25:35.114] [DEBUG] debug-file - Product 'default' build option initialized
[2026-06-07T11:25:35.114] [DEBUG] debug-file - End initialize project's product build option map with build mode 'debug'.
[2026-06-07T11:25:35.115] [DEBUG] debug-file - Obtain build option for product 'default'in this build.
[2026-06-07T11:25:35.115] [DEBUG] debug-file - D:\files_for_huaweidevelop\FaceCheck\camera-preview-minimal\build\cache\default\remote_hsp\remoteHspCache.json not exists.
[2026-06-07T11:25:35.118] [DEBUG] debug-file - Start recording SDK configuration permission data.
[2026-06-07T11:25:35.145] [DEBUG] debug-file - Sdk init in 30 ms 
[2026-06-07T11:25:35.148] [DEBUG] debug-file - Project task initialization takes 3 ms 
[2026-06-07T11:25:35.148] [DEBUG] debug-file - hvigorfile, binding custom plugins []
[2026-06-07T11:25:35.148] [DEBUG] debug-file - hvigorfile, no custom plugins were found in D:\files_for_huaweidevelop\FaceCheck\camera-preview-minimal\hvigorfile.ts
[2026-06-07T11:25:35.149] [DEBUG] debug-file - hvigorfile, resolve finished D:\files_for_huaweidevelop\FaceCheck\camera-preview-minimal\hvigorfile.ts
[2026-06-07T11:25:35.149] [DEBUG] debug-file - hvigorfile, resolving D:\files_for_huaweidevelop\FaceCheck\camera-preview-minimal\entry\hvigorfile.ts
[2026-06-07T11:25:35.153] [DEBUG] debug-file - hvigorfile, require result:  { default: { plugins: [] } }
[2026-06-07T11:25:35.153] [DEBUG] debug-file - hvigorfile, binding system plugins null
[2026-06-07T11:25:35.153] [DEBUG] debug-file - Starting plugin build process
[2026-06-07T11:25:35.153] [DEBUG] debug-file - Hap plugin creating...
[2026-06-07T11:25:35.155] [DEBUG] debug-file - failed to load cangjie to dynamically generate schemas: Error: Cannot find module '@ohos/cangjie-build-support/index'
Require stack:
- D:\DevEco Studio\tools\hvigor\hvigor-ohos-plugin\src\plugin\hooks\cangjie-register.js
- D:\DevEco Studio\tools\hvigor\hvigor-ohos-plugin\src\plugin\strategy\stage-init-strategy.js
- D:\DevEco Studio\tools\hvigor\hvigor-ohos-plugin\src\plugin\builder\abstract-plugin-builder.js
- D:\DevEco Studio\tools\hvigor\hvigor-ohos-plugin\src\plugin\builder\app-plugin-builder.js
- D:\DevEco Studio\tools\hvigor\hvigor-ohos-plugin\src\plugin\factory\plugin-factory.js
- D:\DevEco Studio\tools\hvigor\hvigor-ohos-plugin\index.js
- D:\files_for_huaweidevelop\FaceCheck\camera-preview-minimal\hvigorfile.ts
- D:\DevEco Studio\tools\hvigor\hvigor\src\base\internal\lifecycle\configuration.js
- D:\DevEco Studio\tools\hvigor\hvigor\src\base\boot\index.js
- D:\DevEco Studio\tools\hvigor\hvigor\src\base\daemon\cluster\worker-process-lifecycle.js
- D:\DevEco Studio\tools\hvigor\hvigor\src\base\daemon\process\daemon-process-boot-script.js
[2026-06-07T11:25:35.157] [DEBUG] debug-file - Start initialize module-target build option map, moduleName=entry, buildMode=debug
[2026-06-07T11:25:35.157] [DEBUG] debug-file - Target 'default' config initialized
[2026-06-07T11:25:35.157] [DEBUG] debug-file - Module 'entry' target 'default' build option initialized
[2026-06-07T11:25:35.157] [DEBUG] debug-file - End initialize module-target build option map, moduleName=entry
[2026-06-07T11:25:35.157] [DEBUG] debug-file - Start initialize module-target build option map, moduleName=entry, buildMode=release
[2026-06-07T11:25:35.158] [DEBUG] debug-file - Target 'default' config initialized
[2026-06-07T11:25:35.159] [DEBUG] debug-file - Module 'entry' target 'default' build option initialized
[2026-06-07T11:25:35.159] [DEBUG] debug-file - End initialize module-target build option map, moduleName=entry
[2026-06-07T11:25:35.159] [DEBUG] debug-file - Start initialize module-target build option map, moduleName=entry, buildMode=debug
[2026-06-07T11:25:35.159] [DEBUG] debug-file - Target 'default' config initialized
[2026-06-07T11:25:35.160] [DEBUG] debug-file - Module 'entry' target 'default' build option initialized
[2026-06-07T11:25:35.160] [DEBUG] debug-file - End initialize module-target build option map, moduleName=entry
[2026-06-07T11:25:35.160] [DEBUG] debug-file - Obtain build option for module 'entry' target 'default'in this build.
[2026-06-07T11:25:35.161] [DEBUG] debug-file - Module entry task initialization takes 1 ms 
[2026-06-07T11:25:35.161] [DEBUG] debug-file - Hap plugin register hook start...
[2026-06-07T11:25:35.161] [DEBUG] debug-file - Hap plugin register hook end...
[2026-06-07T11:25:35.161] [DEBUG] debug-file - Plugin build process completed
[2026-06-07T11:25:35.161] [DEBUG] debug-file - hvigorfile, binding custom plugins []
[2026-06-07T11:25:35.161] [DEBUG] debug-file - hvigorfile, no custom plugins were found in D:\files_for_huaweidevelop\FaceCheck\camera-preview-minimal\entry\hvigorfile.ts
[2026-06-07T11:25:35.161] [DEBUG] debug-file - hvigorfile, resolve finished D:\files_for_huaweidevelop\FaceCheck\camera-preview-minimal\entry\hvigorfile.ts
[2026-06-07T11:25:35.175] [DEBUG] debug-file - hvigorfile, resolve hvigorfile dependencies in 14 ms 
[2026-06-07T11:25:35.176] [DEBUG] debug-file - project has submodules:entry
[2026-06-07T11:25:35.177] [DEBUG] debug-file - start to load updatedOhPackageInfo to the disk
[2026-06-07T11:25:35.182] [DEBUG] debug-file - load to the disk finished
[2026-06-07T11:25:35.183] [DEBUG] debug-file - Start to initialize dependency information.
[2026-06-07T11:25:35.187] [DEBUG] debug-file - Module camera-preview-minimal Collected Dependency: 
[2026-06-07T11:25:35.187] [DEBUG] debug-file - Module camera-preview-minimal's total dependency: 0
[2026-06-07T11:25:35.187] [DEBUG] debug-file - Start to initialize dependency information.
[2026-06-07T11:25:35.189] [DEBUG] debug-file - Module entry Collected Dependency: 
[2026-06-07T11:25:35.189] [DEBUG] debug-file - Module entry's total dependency: 0
[2026-06-07T11:25:35.190] [DEBUG] debug-file - Configuration phase cost:90 ms 
[2026-06-07T11:25:35.191] [DEBUG] debug-file - Configuration task cost before running: 97 ms 
[2026-06-07T11:25:35.194] [DEBUG] debug-file - Executing task :entry:default@PreBuild
[2026-06-07T11:25:35.194] [DEBUG] debug-file - Task 'entry:default@PreBuild' cost while wrapping incremental declarations: 1 ms 
[2026-06-07T11:25:35.199] [DEBUG] debug-file - entry:default@PreBuild is not up-to-date, since the task snapshots are different.
[2026-06-07T11:25:35.199] [DEBUG] debug-file - Incremental task entry:default@PreBuild pre-execution cost: 4 ms .
[2026-06-07T11:25:35.221] [DEBUG] debug-file - current product is not Atomic service.
[2026-06-07T11:25:35.222] [DEBUG] debug-file - Use tool [win32: JAVA_HOME, CLASSPATH]
 [ { JAVA_HOME: 'D:\\java_folder' }, { CLASSPATH: undefined } ]
[2026-06-07T11:25:35.222] [DEBUG] debug-file - Use tool [win32: NODE_HOME]
 [ { NODE_HOME: 'D:\\DevEco Studio\\tools\\node' } ]
[2026-06-07T11:25:35.223] [DEBUG] debug-file - entry : default@PreBuild cost memory 1.207244873046875
[2026-06-07T11:25:35.223] [DEBUG] debug-file - runTaskFromQueue task cost before running: 129 ms 
[2026-06-07T11:25:35.224] [INFO] debug-file - Finished :entry:default@PreBuild... after 30 ms 
[2026-06-07T11:25:35.225] [DEBUG] debug-file - Executing task :entry:default@CreateModuleInfo
[2026-06-07T11:25:35.225] [DEBUG] debug-file - Task 'entry:default@CreateModuleInfo' cost while wrapping incremental declarations: 1 ms 
[2026-06-07T11:25:35.225] [DEBUG] debug-file - entry : default@CreateModuleInfo cost memory 0.041900634765625
[2026-06-07T11:25:35.226] [DEBUG] debug-file - runTaskFromQueue task cost before running: 132 ms 
[2026-06-07T11:25:35.226] [INFO] debug-file - Finished :entry:default@CreateModuleInfo... after 1 ms 
[2026-06-07T11:25:35.230] [DEBUG] debug-file - Executing task :entry:default@GenerateMetadata
[2026-06-07T11:25:35.230] [DEBUG] debug-file - Task 'entry:default@GenerateMetadata' cost while wrapping incremental declarations: 1 ms 
[2026-06-07T11:25:35.231] [DEBUG] debug-file - Incremental task entry:default@GenerateMetadata pre-execution cost: 1 ms .
[2026-06-07T11:25:35.231] [DEBUG] debug-file - entry : default@GenerateMetadata cost memory 0.08748626708984375
[2026-06-07T11:25:35.231] [INFO] debug-file - UP-TO-DATE :entry:default@GenerateMetadata...  
[2026-06-07T11:25:35.231] [DEBUG] debug-file - Executing task :entry:default@ConfigureCmake
[2026-06-07T11:25:35.232] [DEBUG] debug-file - entry : default@ConfigureCmake cost memory 0.0144805908203125
[2026-06-07T11:25:35.232] [DEBUG] debug-file - runTaskFromQueue task cost before running: 138 ms 
[2026-06-07T11:25:35.232] [INFO] debug-file - Finished :entry:default@ConfigureCmake... after 1 ms 
[2026-06-07T11:25:35.232] [DEBUG] debug-file - Executing task :entry:default@MergeProfile
[2026-06-07T11:25:35.233] [DEBUG] debug-file - Task 'entry:default@MergeProfile' cost while wrapping incremental declarations: 1 ms 
[2026-06-07T11:25:35.234] [DEBUG] debug-file - Incremental task entry:default@MergeProfile pre-execution cost: 2 ms .
[2026-06-07T11:25:35.234] [DEBUG] debug-file - entry : default@MergeProfile cost memory 0.1302642822265625
[2026-06-07T11:25:35.234] [INFO] debug-file - UP-TO-DATE :entry:default@MergeProfile...  
[2026-06-07T11:25:35.235] [DEBUG] debug-file - Executing task :entry:default@CreateBuildProfile
[2026-06-07T11:25:35.235] [DEBUG] debug-file - Task 'entry:default@CreateBuildProfile' cost while wrapping incremental declarations: 1 ms 
[2026-06-07T11:25:35.236] [DEBUG] debug-file - Incremental task entry:default@CreateBuildProfile pre-execution cost: 2 ms .
[2026-06-07T11:25:35.236] [DEBUG] debug-file - entry : default@CreateBuildProfile cost memory 0.09818267822265625
[2026-06-07T11:25:35.237] [INFO] debug-file - UP-TO-DATE :entry:default@CreateBuildProfile...  
[2026-06-07T11:25:35.237] [DEBUG] debug-file - Executing task :entry:default@PreCheckSyscap
[2026-06-07T11:25:35.238] [DEBUG] debug-file - entry : default@PreCheckSyscap cost memory 0.01470184326171875
[2026-06-07T11:25:35.238] [DEBUG] debug-file - runTaskFromQueue task cost before running: 144 ms 
[2026-06-07T11:25:35.238] [INFO] debug-file - Finished :entry:default@PreCheckSyscap... after 1 ms 
[2026-06-07T11:25:35.239] [DEBUG] debug-file - Executing task :entry:default@GeneratePkgContextInfo
[2026-06-07T11:25:35.242] [DEBUG] debug-file - Task 'entry:default@GeneratePkgContextInfo' cost while wrapping incremental declarations: 1 ms 
[2026-06-07T11:25:35.242] [DEBUG] debug-file - Incremental task entry:default@GeneratePkgContextInfo pre-execution cost: 1 ms .
[2026-06-07T11:25:35.242] [DEBUG] debug-file - entry : default@GeneratePkgContextInfo cost memory 0.28990936279296875
[2026-06-07T11:25:35.243] [INFO] debug-file - UP-TO-DATE :entry:default@GeneratePkgContextInfo...  
[2026-06-07T11:25:35.245] [DEBUG] debug-file - Executing task :entry:default@ProcessIntegratedHsp
[2026-06-07T11:25:35.245] [DEBUG] debug-file - entry:default@ProcessIntegratedHsp is not up-to-date, since the output file 'D:\files_for_huaweidevelop\FaceCheck\camera-preview-minimal\build\cache\default\integrated_hsp\integratedHspCache.json' does not exist.
[2026-06-07T11:25:35.245] [DEBUG] debug-file - Incremental task entry:default@ProcessIntegratedHsp pre-execution cost: 1 ms .
[2026-06-07T11:25:35.245] [DEBUG] debug-file - entry : default@ProcessIntegratedHsp cost memory 0.06137847900390625
[2026-06-07T11:25:35.245] [DEBUG] debug-file - runTaskFromQueue task cost before running: 152 ms 
[2026-06-07T11:25:35.246] [INFO] debug-file - Finished :entry:default@ProcessIntegratedHsp... after 1 ms 
[2026-06-07T11:25:35.246] [DEBUG] debug-file - Executing task :entry:default@BuildNativeWithCmake
[2026-06-07T11:25:35.246] [DEBUG] debug-file - entry : default@BuildNativeWithCmake cost memory 0.0144805908203125
[2026-06-07T11:25:35.247] [DEBUG] debug-file - runTaskFromQueue task cost before running: 153 ms 
[2026-06-07T11:25:35.247] [INFO] debug-file - Finished :entry:default@BuildNativeWithCmake... after 1 ms 
[2026-06-07T11:25:35.247] [DEBUG] debug-file - Executing task :entry:default@MakePackInfo
[2026-06-07T11:25:35.250] [DEBUG] debug-file - Incremental task entry:default@MakePackInfo pre-execution cost: 3 ms .
[2026-06-07T11:25:35.250] [DEBUG] debug-file - entry : default@MakePackInfo cost memory -1.4190673828125
[2026-06-07T11:25:35.250] [INFO] debug-file - UP-TO-DATE :entry:default@MakePackInfo...  
[2026-06-07T11:25:35.251] [DEBUG] debug-file - Executing task :entry:default@SyscapTransform
[2026-06-07T11:25:35.251] [DEBUG] debug-file - File: 'D:\files_for_huaweidevelop\FaceCheck\camera-preview-minimal\entry\src\main\syscap.json' from 'sysCapJsonPath' is not exists, just ignore.
[2026-06-07T11:25:35.252] [DEBUG] debug-file - Task 'entry:default@SyscapTransform' cost while wrapping incremental declarations: 1 ms 
[2026-06-07T11:25:35.254] [DEBUG] debug-file - entry:default@SyscapTransform is not up-to-date, since the output file 'D:\files_for_huaweidevelop\FaceCheck\camera-preview-minimal\entry\build\default\intermediates\syscap\default\rpcid.sc' does not exist.
[2026-06-07T11:25:35.254] [DEBUG] debug-file - Incremental task entry:default@SyscapTransform pre-execution cost: 3 ms .
[2026-06-07T11:25:35.254] [DEBUG] debug-file - entry : default@SyscapTransform cost memory 0.14682769775390625
[2026-06-07T11:25:35.254] [DEBUG] debug-file - runTaskFromQueue task cost before running: 161 ms 
[2026-06-07T11:25:35.254] [INFO] debug-file - Finished :entry:default@SyscapTransform... after 4 ms 
[2026-06-07T11:25:35.255] [DEBUG] debug-file - Executing task :entry:default@ProcessProfile
[2026-06-07T11:25:35.256] [DEBUG] debug-file - Task 'entry:default@ProcessProfile' cost while wrapping incremental declarations: 1 ms 
[2026-06-07T11:25:35.256] [DEBUG] debug-file - Incremental task entry:default@ProcessProfile pre-execution cost: 1 ms .
[2026-06-07T11:25:35.257] [DEBUG] debug-file - entry : default@ProcessProfile cost memory 0.14984130859375
[2026-06-07T11:25:35.257] [INFO] debug-file - UP-TO-DATE :entry:default@ProcessProfile...  
[2026-06-07T11:25:35.258] [DEBUG] debug-file - Executing task :entry:default@ProcessRouterMap
[2026-06-07T11:25:35.260] [DEBUG] debug-file - Incremental task entry:default@ProcessRouterMap pre-execution cost: 2 ms .
[2026-06-07T11:25:35.260] [DEBUG] debug-file - entry : default@ProcessRouterMap cost memory 0.17060089111328125
[2026-06-07T11:25:35.260] [INFO] debug-file - UP-TO-DATE :entry:default@ProcessRouterMap...  
[2026-06-07T11:25:35.261] [DEBUG] debug-file - Executing task :entry:default@ProcessShareConfig
[2026-06-07T11:25:35.263] [DEBUG] debug-file - Incremental task entry:default@ProcessShareConfig pre-execution cost: 2 ms .
[2026-06-07T11:25:35.263] [DEBUG] debug-file - entry : default@ProcessShareConfig cost memory 0.14461517333984375
[2026-06-07T11:25:35.264] [INFO] debug-file - UP-TO-DATE :entry:default@ProcessShareConfig...  
[2026-06-07T11:25:35.264] [DEBUG] debug-file - Executing task :entry:default@ProcessStartupConfig
[2026-06-07T11:25:35.264] [DEBUG] debug-file - Task 'entry:default@ProcessStartupConfig' cost while wrapping incremental declarations: 1 ms 
[2026-06-07T11:25:35.265] [DEBUG] debug-file - entry:default@ProcessStartupConfig is not up-to-date, since the output file 'D:\files_for_huaweidevelop\FaceCheck\camera-preview-minimal\entry\build\default\intermediates\startup\default\startup_config.json' does not exist.
[2026-06-07T11:25:35.265] [DEBUG] debug-file - Incremental task entry:default@ProcessStartupConfig pre-execution cost: 1 ms .
[2026-06-07T11:25:35.266] [DEBUG] debug-file - entry : default@ProcessStartupConfig cost memory 0.14173126220703125
[2026-06-07T11:25:35.266] [DEBUG] debug-file - runTaskFromQueue task cost before running: 172 ms 
[2026-06-07T11:25:35.266] [INFO] debug-file - Finished :entry:default@ProcessStartupConfig... after 2 ms 
[2026-06-07T11:25:35.267] [DEBUG] debug-file - Executing task :entry:default@BuildNativeWithNinja
[2026-06-07T11:25:35.267] [DEBUG] debug-file - entry : default@BuildNativeWithNinja cost memory 0.0245819091796875
[2026-06-07T11:25:35.267] [DEBUG] debug-file - runTaskFromQueue task cost before running: 174 ms 
[2026-06-07T11:25:35.268] [INFO] debug-file - Finished :entry:default@BuildNativeWithNinja... after 1 ms 
[2026-06-07T11:25:35.269] [DEBUG] debug-file - restool module names: entry; moduleName=entry, taskName=default@ProcessResource
[2026-06-07T11:25:35.271] [DEBUG] debug-file - Executing task :entry:default@ProcessResource
[2026-06-07T11:25:35.271] [DEBUG] debug-file - Task 'entry:default@ProcessResource' cost while wrapping incremental declarations: 1 ms 
[2026-06-07T11:25:35.272] [DEBUG] debug-file - Incremental task entry:default@ProcessResource pre-execution cost: 1 ms .
[2026-06-07T11:25:35.272] [DEBUG] debug-file - entry : default@ProcessResource cost memory -1.4952316284179688
[2026-06-07T11:25:35.274] [INFO] debug-file - UP-TO-DATE :entry:default@ProcessResource...  
[2026-06-07T11:25:35.275] [DEBUG] debug-file - Executing task :entry:default@GenerateLoaderJson
[2026-06-07T11:25:35.275] [DEBUG] debug-file - Task 'entry:default@GenerateLoaderJson' cost while wrapping incremental declarations: 1 ms 
[2026-06-07T11:25:35.281] [DEBUG] debug-file - Incremental task entry:default@GenerateLoaderJson pre-execution cost: 4 ms .
[2026-06-07T11:25:35.281] [DEBUG] debug-file - entry : default@GenerateLoaderJson cost memory 0.5497589111328125
[2026-06-07T11:25:35.284] [INFO] debug-file - UP-TO-DATE :entry:default@GenerateLoaderJson...  
[2026-06-07T11:25:35.285] [DEBUG] debug-file - Executing task :entry:default@ProcessLibs
[2026-06-07T11:25:35.286] [DEBUG] debug-file - Incremental task entry:default@ProcessLibs pre-execution cost: 2 ms .
[2026-06-07T11:25:35.287] [DEBUG] debug-file - entry : default@ProcessLibs cost memory 0.11048126220703125
[2026-06-07T11:25:35.287] [INFO] debug-file - UP-TO-DATE :entry:default@ProcessLibs...  
[2026-06-07T11:25:35.288] [DEBUG] debug-file - restool module names: entry; moduleName=entry, taskName=default@CompileResource
[2026-06-07T11:25:35.288] [DEBUG] debug-file - Executing task :entry:default@CompileResource
[2026-06-07T11:25:35.301] [DEBUG] debug-file - Incremental task entry:default@CompileResource pre-execution cost: 13 ms .
[2026-06-07T11:25:35.301] [DEBUG] debug-file - entry : default@CompileResource cost memory -1.1132888793945312
[2026-06-07T11:25:35.302] [INFO] debug-file - UP-TO-DATE :entry:default@CompileResource...  
[2026-06-07T11:25:35.303] [DEBUG] debug-file - Executing task :entry:default@DoNativeStrip
[2026-06-07T11:25:35.303] [DEBUG] debug-file - Task 'entry:default@DoNativeStrip' cost while wrapping incremental declarations: 1 ms 
[2026-06-07T11:25:35.304] [DEBUG] debug-file - Incremental task entry:default@DoNativeStrip pre-execution cost: 1 ms .
[2026-06-07T11:25:35.304] [DEBUG] debug-file - entry : default@DoNativeStrip cost memory 0.0784454345703125
[2026-06-07T11:25:35.304] [INFO] debug-file - UP-TO-DATE :entry:default@DoNativeStrip...  
[2026-06-07T11:25:35.305] [DEBUG] debug-file - Executing task :entry:default@CompileArkTS
[2026-06-07T11:25:35.305] [DEBUG] debug-file - obfuscationOptions: undefined
[2026-06-07T11:25:35.306] [DEBUG] debug-file - Task 'entry:default@CompileArkTS' cost while wrapping incremental declarations: 1 ms 
[2026-06-07T11:25:35.314] [DEBUG] debug-file - Incremental task entry:default@CompileArkTS pre-execution cost: 8 ms .
[2026-06-07T11:25:35.315] [DEBUG] debug-file - entry : default@CompileArkTS cost memory 0.5256423950195312
[2026-06-07T11:25:35.316] [INFO] debug-file - UP-TO-DATE :entry:default@CompileArkTS...  
[2026-06-07T11:25:35.317] [DEBUG] debug-file - Executing task :entry:default@BuildJS
[2026-06-07T11:25:35.317] [DEBUG] debug-file - Task 'entry:default@BuildJS' cost while wrapping incremental declarations: 1 ms 
[2026-06-07T11:25:35.320] [DEBUG] debug-file - entry : default@BuildJS cost memory 0.16555023193359375
[2026-06-07T11:25:35.320] [DEBUG] debug-file - runTaskFromQueue task cost before running: 226 ms 
[2026-06-07T11:25:35.320] [INFO] debug-file - Finished :entry:default@BuildJS... after 3 ms 
[2026-06-07T11:25:35.321] [DEBUG] debug-file - Executing task :entry:default@CacheNativeLibs
[2026-06-07T11:25:35.321] [DEBUG] debug-file - Task 'entry:default@CacheNativeLibs' cost while wrapping incremental declarations: 1 ms 
[2026-06-07T11:25:35.322] [DEBUG] debug-file - Incremental task entry:default@CacheNativeLibs pre-execution cost: 2 ms .
[2026-06-07T11:25:35.322] [DEBUG] debug-file - entry : default@CacheNativeLibs cost memory 0.09595489501953125
[2026-06-07T11:25:35.322] [INFO] debug-file - UP-TO-DATE :entry:default@CacheNativeLibs...  
[2026-06-07T11:25:35.323] [DEBUG] debug-file - Executing task :entry:default@GeneratePkgModuleJson
[2026-06-07T11:25:35.323] [DEBUG] debug-file - File: 'D:\files_for_huaweidevelop\FaceCheck\camera-preview-minimal\entry\build\default\intermediates\preload\default\preload.json' from 'preloadSoJsonPath' is not exists, just ignore.
[2026-06-07T11:25:35.323] [DEBUG] debug-file - Error occurs while handling @Input 'shouldDeduplicateHar': The "data" argument must be of type string or an instance of Buffer, TypedArray, or DataView. Received undefined
[2026-06-07T11:25:35.323] [DEBUG] debug-file - Task 'entry:default@GeneratePkgModuleJson' cost while wrapping incremental declarations: 1 ms 
[2026-06-07T11:25:35.325] [DEBUG] debug-file - Incremental task entry:default@GeneratePkgModuleJson pre-execution cost: 2 ms .
[2026-06-07T11:25:35.325] [DEBUG] debug-file - entry : default@GeneratePkgModuleJson cost memory -1.6293869018554688
[2026-06-07T11:25:35.325] [INFO] debug-file - UP-TO-DATE :entry:default@GeneratePkgModuleJson...  
[2026-06-07T11:25:35.326] [DEBUG] debug-file - Executing task :entry:default@ProcessCompiledResources
[2026-06-07T11:25:35.326] [DEBUG] debug-file - File: 'D:\files_for_huaweidevelop\FaceCheck\camera-preview-minimal\entry\build\default\intermediates\preload\default\preload.json' from 'preloadSoJsonPath' is not exists, just ignore.
[2026-06-07T11:25:35.326] [DEBUG] debug-file - Task 'entry:default@ProcessCompiledResources' cost while wrapping incremental declarations: 1 ms 
[2026-06-07T11:25:35.326] [DEBUG] debug-file - entry : default@ProcessCompiledResources cost memory 0.060333251953125
[2026-06-07T11:25:35.326] [DEBUG] debug-file - runTaskFromQueue task cost before running: 233 ms 
[2026-06-07T11:25:35.327] [INFO] debug-file - Finished :entry:default@ProcessCompiledResources... after 1 ms 
[2026-06-07T11:25:35.328] [DEBUG] debug-file - Executing task :entry:default@PackageHap
[2026-06-07T11:25:35.335] [DEBUG] debug-file - Incremental task entry:default@PackageHap pre-execution cost: 7 ms .
[2026-06-07T11:25:35.335] [DEBUG] debug-file - entry : default@PackageHap cost memory 0.42557525634765625
[2026-06-07T11:25:35.335] [INFO] debug-file - UP-TO-DATE :entry:default@PackageHap...  
[2026-06-07T11:25:35.336] [DEBUG] debug-file - Executing task :entry:default@PackingCheck
[2026-06-07T11:25:35.340] [DEBUG] debug-file - entry : default@PackingCheck cost memory 0.29697418212890625
[2026-06-07T11:25:35.341] [DEBUG] debug-file - runTaskFromQueue task cost before running: 247 ms 
[2026-06-07T11:25:35.341] [INFO] debug-file - Finished :entry:default@PackingCheck... after 5 ms 
[2026-06-07T11:25:35.342] [DEBUG] debug-file - Executing task :entry:default@SignHap
[2026-06-07T11:25:35.345] [DEBUG] debug-file - Incremental task entry:default@SignHap pre-execution cost: 3 ms .
[2026-06-07T11:25:35.346] [DEBUG] debug-file - entry : default@SignHap cost memory 0.12093353271484375
[2026-06-07T11:25:35.346] [INFO] debug-file - UP-TO-DATE :entry:default@SignHap...  
[2026-06-07T11:25:35.347] [DEBUG] debug-file - Executing task :entry:default@CollectDebugSymbol
[2026-06-07T11:25:35.348] [DEBUG] debug-file - entry : default@CollectDebugSymbol cost memory 0.095733642578125
[2026-06-07T11:25:35.348] [DEBUG] debug-file - runTaskFromQueue task cost before running: 255 ms 
[2026-06-07T11:25:35.348] [INFO] debug-file - Finished :entry:default@CollectDebugSymbol... after 1 ms 
[2026-06-07T11:25:35.348] [DEBUG] debug-file - Executing task :entry:assembleHap
[2026-06-07T11:25:35.348] [DEBUG] debug-file - entry : assembleHap cost memory 0.0126800537109375
[2026-06-07T11:25:35.348] [DEBUG] debug-file - runTaskFromQueue task cost before running: 255 ms 
[2026-06-07T11:25:35.349] [INFO] debug-file - Finished :entry:assembleHap... after 1 ms 
[2026-06-07T11:25:35.363] [INFO] debug-file - BUILD SUCCESSFUL in 269 ms 
[2026-06-07T11:25:35.364] [DEBUG] debug-file - Update task entry:default@PreBuild input file:D:\files_for_huaweidevelop\FaceCheck\camera-preview-minimal\AppScope\app.json5 cache by regenerate.
[2026-06-07T11:25:35.364] [DEBUG] debug-file - Update task entry:default@PreBuild input file:D:\files_for_huaweidevelop\FaceCheck\camera-preview-minimal\entry\src\main\module.json5 cache by regenerate.
[2026-06-07T11:25:35.364] [DEBUG] debug-file - Update task entry:default@PreBuild input file:D:\files_for_huaweidevelop\FaceCheck\camera-preview-minimal\build-profile.json5 cache by regenerate.
[2026-06-07T11:25:35.365] [DEBUG] debug-file - Update task entry:default@PreBuild input file:D:\files_for_huaweidevelop\FaceCheck\camera-preview-minimal\entry\build-profile.json5 cache by regenerate.
[2026-06-07T11:25:35.365] [DEBUG] debug-file - Update task entry:default@PreBuild input file:D:\files_for_huaweidevelop\FaceCheck\camera-preview-minimal\entry\src\main\resources\base\profile\main_pages.json cache by regenerate.
[2026-06-07T11:25:35.365] [DEBUG] debug-file - Update task entry:default@PreBuild input file:D:\files_for_huaweidevelop\FaceCheck\camera-preview-minimal\hvigor\hvigor-config.json5 cache by regenerate.
[2026-06-07T11:25:35.365] [DEBUG] debug-file - Update task entry:default@PreBuild input file:D:\files_for_huaweidevelop\FaceCheck\camera-preview-minimal\entry\oh-package.json5 cache by regenerate.
[2026-06-07T11:25:35.366] [DEBUG] debug-file - Update task entry:default@PreBuild input file:D:\files_for_huaweidevelop\FaceCheck\camera-preview-minimal\oh-package.json5 cache by regenerate.
[2026-06-07T11:25:35.366] [DEBUG] debug-file - Incremental task entry:default@PreBuild post-execution cost:4 ms .
[2026-06-07T11:25:35.366] [DEBUG] debug-file - Update task entry:default@CreateModuleInfo output file:D:\files_for_huaweidevelop\FaceCheck\camera-preview-minimal\entry\build\default\generated\profile\default\ModuleInfo.ts cache.
[2026-06-07T11:25:35.366] [DEBUG] debug-file - Incremental task entry:default@CreateModuleInfo post-execution cost:1 ms .
[2026-06-07T11:25:35.367] [DEBUG] debug-file - There is no need to refresh cache, since the incremental task entry:default@GenerateMetadata is up-to-date.
[2026-06-07T11:25:35.367] [DEBUG] debug-file - There is no need to refresh cache, since the incremental task entry:default@MergeProfile is up-to-date.
[2026-06-07T11:25:35.367] [DEBUG] debug-file - There is no need to refresh cache, since the incremental task entry:default@CreateBuildProfile is up-to-date.
[2026-06-07T11:25:35.367] [DEBUG] debug-file - There is no need to refresh cache, since the incremental task entry:default@GeneratePkgContextInfo is up-to-date.
[2026-06-07T11:25:35.367] [DEBUG] debug-file - Update task entry:default@ProcessIntegratedHsp output file:D:\files_for_huaweidevelop\FaceCheck\camera-preview-minimal\build\cache\default\integrated_hsp\integratedHspCache.json cache.
[2026-06-07T11:25:35.367] [DEBUG] debug-file - Incremental task entry:default@ProcessIntegratedHsp post-execution cost:1 ms .
[2026-06-07T11:25:35.367] [DEBUG] debug-file - There is no need to refresh cache, since the incremental task entry:default@MakePackInfo is up-to-date.
[2026-06-07T11:25:35.367] [DEBUG] debug-file - Update task entry:default@SyscapTransform input file:D:\DevEco Studio\sdk\default\openharmony\toolchains\syscap_tool.exe cache by regenerate.
[2026-06-07T11:25:35.367] [DEBUG] debug-file - Update task entry:default@SyscapTransform input file:D:\DevEco Studio\sdk\default\openharmony\ets\api\device-define cache by regenerate.
[2026-06-07T11:25:35.368] [DEBUG] debug-file - Update task entry:default@SyscapTransform output file:D:\files_for_huaweidevelop\FaceCheck\camera-preview-minimal\entry\build\default\intermediates\syscap\default\rpcid.sc cache.
[2026-06-07T11:25:35.369] [DEBUG] debug-file - Incremental task entry:default@SyscapTransform post-execution cost:2 ms .
[2026-06-07T11:25:35.369] [DEBUG] debug-file - There is no need to refresh cache, since the incremental task entry:default@ProcessProfile is up-to-date.
[2026-06-07T11:25:35.369] [DEBUG] debug-file - There is no need to refresh cache, since the incremental task entry:default@ProcessRouterMap is up-to-date.
[2026-06-07T11:25:35.369] [DEBUG] debug-file - There is no need to refresh cache, since the incremental task entry:default@ProcessShareConfig is up-to-date.
[2026-06-07T11:25:35.369] [DEBUG] debug-file - Update task entry:default@ProcessStartupConfig input file:D:\files_for_huaweidevelop\FaceCheck\camera-preview-minimal\entry\build\default\intermediates\loader\default\pkgContextInfo.json cache by regenerate.
[2026-06-07T11:25:35.369] [DEBUG] debug-file - Update task entry:default@ProcessStartupConfig output file:D:\files_for_huaweidevelop\FaceCheck\camera-preview-minimal\entry\build\default\intermediates\startup\default\startup_config.json cache.
[2026-06-07T11:25:35.370] [DEBUG] debug-file - Incremental task entry:default@ProcessStartupConfig post-execution cost:1 ms .
[2026-06-07T11:25:35.370] [DEBUG] debug-file - There is no need to refresh cache, since the incremental task entry:default@ProcessResource is up-to-date.
[2026-06-07T11:25:35.370] [DEBUG] debug-file - There is no need to refresh cache, since the incremental task entry:default@GenerateLoaderJson is up-to-date.
[2026-06-07T11:25:35.370] [DEBUG] debug-file - There is no need to refresh cache, since the incremental task entry:default@ProcessLibs is up-to-date.
[2026-06-07T11:25:35.370] [DEBUG] debug-file - There is no need to refresh cache, since the incremental task entry:default@CompileResource is up-to-date.
[2026-06-07T11:25:35.370] [DEBUG] debug-file - There is no need to refresh cache, since the incremental task entry:default@DoNativeStrip is up-to-date.
[2026-06-07T11:25:35.370] [DEBUG] debug-file - There is no need to refresh cache, since the incremental task entry:default@CompileArkTS is up-to-date.
[2026-06-07T11:25:35.371] [DEBUG] debug-file - Update task entry:default@BuildJS input file:D:\files_for_huaweidevelop\FaceCheck\camera-preview-minimal\entry\build\default\intermediates\loader\default cache by regenerate.
[2026-06-07T11:25:35.372] [DEBUG] debug-file - Update task entry:default@BuildJS input file:D:\files_for_huaweidevelop\FaceCheck\camera-preview-minimal\entry\build\default\intermediates\res\default\ResourceTable.txt cache by regenerate.
[2026-06-07T11:25:35.372] [DEBUG] debug-file - Update task entry:default@BuildJS input file:D:\files_for_huaweidevelop\FaceCheck\camera-preview-minimal\entry\build\default\intermediates\res\default\ark_module.json cache by regenerate.
[2026-06-07T11:25:35.372] [DEBUG] debug-file - Update task entry:default@BuildJS input file:D:\files_for_huaweidevelop\FaceCheck\camera-preview-minimal\entry\build\default\intermediates\res\default\resources\base\profile cache by regenerate.
[2026-06-07T11:25:35.373] [DEBUG] debug-file - Update task entry:default@BuildJS input file:D:\files_for_huaweidevelop\FaceCheck\camera-preview-minimal\entry\build\default\intermediates\loader\default\pkgContextInfo.json cache by regenerate.
[2026-06-07T11:25:35.373] [DEBUG] debug-file - Update task entry:default@BuildJS output file:D:\files_for_huaweidevelop\FaceCheck\camera-preview-minimal\entry\build\default\intermediates\loader_out\default\js cache.
[2026-06-07T11:25:35.374] [DEBUG] debug-file - Incremental task entry:default@BuildJS post-execution cost:4 ms .
[2026-06-07T11:25:35.374] [DEBUG] debug-file - There is no need to refresh cache, since the incremental task entry:default@CacheNativeLibs is up-to-date.
[2026-06-07T11:25:35.374] [DEBUG] debug-file - There is no need to refresh cache, since the incremental task entry:default@GeneratePkgModuleJson is up-to-date.
[2026-06-07T11:25:35.374] [DEBUG] debug-file - Incremental task entry:default@ProcessCompiledResources post-execution cost:1 ms .
[2026-06-07T11:25:35.374] [DEBUG] debug-file - There is no need to refresh cache, since the incremental task entry:default@PackageHap is up-to-date.
[2026-06-07T11:25:35.374] [DEBUG] debug-file - There is no need to refresh cache, since the incremental task entry:default@SignHap is up-to-date.
[2026-06-07T11:25:35.374] [DEBUG] debug-file - Update task entry:default@CollectDebugSymbol input file:D:\files_for_huaweidevelop\FaceCheck\camera-preview-minimal\entry\build\default\intermediates\loader_out\default\ets\sourceMaps.map cache by regenerate.
[2026-06-07T11:25:35.375] [DEBUG] debug-file - Update task entry:default@CollectDebugSymbol input file:D:\files_for_huaweidevelop\FaceCheck\camera-preview-minimal\entry\build\default\intermediates\libs\default cache by regenerate.
[2026-06-07T11:25:35.375] [DEBUG] debug-file - Update task entry:default@CollectDebugSymbol output file:D:\files_for_huaweidevelop\FaceCheck\camera-preview-minimal\entry\build\default\outputs\default\symbol cache.
[2026-06-07T11:25:35.375] [DEBUG] debug-file - Incremental task entry:default@CollectDebugSymbol post-execution cost:2 ms .
[2026-06-07T11:25:35.400] [DEBUG] debug-file - hvigor build process will be closed.
[2026-06-07T11:25:35.408] [DEBUG] debug-file - session manager: send message to worker process.
[2026-06-07T11:25:35.408] [DEBUG] debug-file - session manager: send message to worker process.
[2026-06-07T11:25:35.408] [DEBUG] debug-file - watch worker: worker id should be larger than 0. Nothing will be sent to any worker thread.
[2026-06-07T11:25:35.409] [DEBUG] debug-file - watch worker: worker id should be larger than 0. Nothing will be sent to any worker thread.
[2026-06-07T11:30:53.960] [DEBUG] debug-file - env: nodejsVersion=v18.20.1
[2026-06-07T11:30:54.016] [DEBUG] debug-file - env: daemon=true
[2026-06-07T11:30:53.961] [DEBUG] debug-file - env: hvigor-config.json5 content = {
  modelVersion: '6.0.2',
  dependencies: {},
  execution: {},
  logging: {},
  debugging: {},
  nodeOptions: {}
}
[2026-06-07T11:30:54.527] [DEBUG] debug-file - session manager: set active socket. socketId=p3a6wV9WXLEmDJn4AAAJ
[2026-06-07T11:30:54.532] [DEBUG] debug-file - watch worker: worker id should be larger than 0. Nothing will be sent to any worker thread.
[2026-06-07T11:30:54.535] [DEBUG] debug-file - Workers' log level updated to INFO
[2026-06-07T11:30:54.538] [DEBUG] debug-file - Hvigor init with startParameters:{
  hvigorfileTypeCheck: false,
  parallelExecution: true,
  incrementalExecution: true,
  printStackTrace: false,
  daemon: true,
  analyze: 0,
  logLevel: Level { level: 20000, levelStr: 'INFO', colour: 'green' },
  optimizationStrategy: 'memory',
  hotCompile: undefined,
  hotReloadBuild: undefined,
  customizedParam: undefined
}
[2026-06-07T11:30:54.540] [DEBUG] debug-file - Cache service initialization finished in 3 ms 
[2026-06-07T11:30:54.540] [DEBUG] debug-file - hvigorfile, resolving D:\files_for_huaweidevelop\FaceCheck\camera-preview-minimal\hvigorfile.ts
[2026-06-07T11:30:54.547] [DEBUG] debug-file - hvigorfile, require result:  { default: { plugins: [] } }
[2026-06-07T11:30:54.548] [DEBUG] debug-file - hvigorfile, binding system plugins null
[2026-06-07T11:30:54.548] [DEBUG] debug-file - Starting plugin build process
[2026-06-07T11:30:54.548] [DEBUG] debug-file - App plugin prepare start...
[2026-06-07T11:30:54.548] [DEBUG] debug-file - App plugin prepare end...
[2026-06-07T11:30:54.548] [DEBUG] debug-file - App plugin creating...
[2026-06-07T11:30:54.553] [DEBUG] debug-file - App plugin register hook start...
[2026-06-07T11:30:54.553] [DEBUG] debug-file - App plugin register hook end...
[2026-06-07T11:30:54.553] [DEBUG] debug-file - Plugin build process completed
[2026-06-07T11:30:54.553] [DEBUG] debug-file - Start initialize project's product build option map with build mode debug.
[2026-06-07T11:30:54.554] [DEBUG] debug-file - Picking option from product 'default' with build mode 'debug'.
[2026-06-07T11:30:54.554] [DEBUG] debug-file - Product 'default' build option initialized
[2026-06-07T11:30:54.554] [DEBUG] debug-file - End initialize project's product build option map with build mode 'debug'.
[2026-06-07T11:30:54.554] [DEBUG] debug-file - Obtain build option for product 'default'in this build.
[2026-06-07T11:30:54.555] [DEBUG] debug-file - D:\files_for_huaweidevelop\FaceCheck\camera-preview-minimal\build\cache\default\remote_hsp\remoteHspCache.json not exists.
[2026-06-07T11:30:54.558] [DEBUG] debug-file - Start recording SDK configuration permission data.
[2026-06-07T11:30:54.581] [DEBUG] debug-file - Sdk init in 26 ms 
[2026-06-07T11:30:54.584] [DEBUG] debug-file - Project task initialization takes 3 ms 
[2026-06-07T11:30:54.584] [DEBUG] debug-file - hvigorfile, binding custom plugins []
[2026-06-07T11:30:54.584] [DEBUG] debug-file - hvigorfile, no custom plugins were found in D:\files_for_huaweidevelop\FaceCheck\camera-preview-minimal\hvigorfile.ts
[2026-06-07T11:30:54.584] [DEBUG] debug-file - hvigorfile, resolve finished D:\files_for_huaweidevelop\FaceCheck\camera-preview-minimal\hvigorfile.ts
[2026-06-07T11:30:54.584] [DEBUG] debug-file - hvigorfile, resolving D:\files_for_huaweidevelop\FaceCheck\camera-preview-minimal\entry\hvigorfile.ts
[2026-06-07T11:30:54.589] [DEBUG] debug-file - hvigorfile, require result:  { default: { plugins: [] } }
[2026-06-07T11:30:54.589] [DEBUG] debug-file - hvigorfile, binding system plugins null
[2026-06-07T11:30:54.589] [DEBUG] debug-file - Starting plugin build process
[2026-06-07T11:30:54.589] [DEBUG] debug-file - Hap plugin creating...
[2026-06-07T11:30:54.591] [DEBUG] debug-file - failed to load cangjie to dynamically generate schemas: Error: Cannot find module '@ohos/cangjie-build-support/index'
Require stack:
- D:\DevEco Studio\tools\hvigor\hvigor-ohos-plugin\src\plugin\hooks\cangjie-register.js
- D:\DevEco Studio\tools\hvigor\hvigor-ohos-plugin\src\plugin\strategy\stage-init-strategy.js
- D:\DevEco Studio\tools\hvigor\hvigor-ohos-plugin\src\plugin\builder\abstract-plugin-builder.js
- D:\DevEco Studio\tools\hvigor\hvigor-ohos-plugin\src\plugin\builder\app-plugin-builder.js
- D:\DevEco Studio\tools\hvigor\hvigor-ohos-plugin\src\plugin\factory\plugin-factory.js
- D:\DevEco Studio\tools\hvigor\hvigor-ohos-plugin\index.js
- D:\files_for_huaweidevelop\FaceCheck\camera-preview-minimal\hvigorfile.ts
- D:\DevEco Studio\tools\hvigor\hvigor\src\base\internal\lifecycle\configuration.js
- D:\DevEco Studio\tools\hvigor\hvigor\src\base\boot\index.js
- D:\DevEco Studio\tools\hvigor\hvigor\src\base\daemon\cluster\worker-process-lifecycle.js
- D:\DevEco Studio\tools\hvigor\hvigor\src\base\daemon\process\daemon-process-boot-script.js
[2026-06-07T11:30:54.592] [DEBUG] debug-file - Start initialize module-target build option map, moduleName=entry, buildMode=debug
[2026-06-07T11:30:54.592] [DEBUG] debug-file - Target 'default' config initialized
[2026-06-07T11:30:54.593] [DEBUG] debug-file - Module 'entry' target 'default' build option initialized
[2026-06-07T11:30:54.593] [DEBUG] debug-file - End initialize module-target build option map, moduleName=entry
[2026-06-07T11:30:54.593] [DEBUG] debug-file - Start initialize module-target build option map, moduleName=entry, buildMode=release
[2026-06-07T11:30:54.593] [DEBUG] debug-file - Target 'default' config initialized
[2026-06-07T11:30:54.593] [DEBUG] debug-file - Module 'entry' target 'default' build option initialized
[2026-06-07T11:30:54.593] [DEBUG] debug-file - End initialize module-target build option map, moduleName=entry
[2026-06-07T11:30:54.593] [DEBUG] debug-file - Start initialize module-target build option map, moduleName=entry, buildMode=debug
[2026-06-07T11:30:54.593] [DEBUG] debug-file - Target 'default' config initialized
[2026-06-07T11:30:54.593] [DEBUG] debug-file - Module 'entry' target 'default' build option initialized
[2026-06-07T11:30:54.593] [DEBUG] debug-file - End initialize module-target build option map, moduleName=entry
[2026-06-07T11:30:54.593] [DEBUG] debug-file - Obtain build option for module 'entry' target 'default'in this build.
[2026-06-07T11:30:54.594] [DEBUG] debug-file - Module entry task initialization takes 1 ms 
[2026-06-07T11:30:54.594] [DEBUG] debug-file - Hap plugin register hook start...
[2026-06-07T11:30:54.594] [DEBUG] debug-file - Hap plugin register hook end...
[2026-06-07T11:30:54.594] [DEBUG] debug-file - Plugin build process completed
[2026-06-07T11:30:54.594] [DEBUG] debug-file - hvigorfile, binding custom plugins []
[2026-06-07T11:30:54.594] [DEBUG] debug-file - hvigorfile, no custom plugins were found in D:\files_for_huaweidevelop\FaceCheck\camera-preview-minimal\entry\hvigorfile.ts
[2026-06-07T11:30:54.594] [DEBUG] debug-file - hvigorfile, resolve finished D:\files_for_huaweidevelop\FaceCheck\camera-preview-minimal\entry\hvigorfile.ts
[2026-06-07T11:30:54.609] [DEBUG] debug-file - hvigorfile, resolve hvigorfile dependencies in 15 ms 
[2026-06-07T11:30:54.609] [DEBUG] debug-file - project has submodules:entry
[2026-06-07T11:30:54.610] [DEBUG] debug-file - start to load updatedOhPackageInfo to the disk
[2026-06-07T11:30:54.615] [DEBUG] debug-file - load to the disk finished
[2026-06-07T11:30:54.615] [DEBUG] debug-file - Start to initialize dependency information.
[2026-06-07T11:30:54.620] [DEBUG] debug-file - Module camera-preview-minimal Collected Dependency: 
[2026-06-07T11:30:54.620] [DEBUG] debug-file - Module camera-preview-minimal's total dependency: 0
[2026-06-07T11:30:54.620] [DEBUG] debug-file - Start to initialize dependency information.
[2026-06-07T11:30:54.622] [DEBUG] debug-file - Module entry Collected Dependency: 
[2026-06-07T11:30:54.622] [DEBUG] debug-file - Module entry's total dependency: 0
[2026-06-07T11:30:54.623] [DEBUG] debug-file - Configuration phase cost:84 ms 
[2026-06-07T11:30:54.624] [DEBUG] debug-file - Configuration task cost before running: 90 ms 
[2026-06-07T11:30:54.627] [DEBUG] debug-file - Executing task :entry:default@PreBuild
[2026-06-07T11:30:54.627] [DEBUG] debug-file - Task 'entry:default@PreBuild' cost while wrapping incremental declarations: 1 ms 
[2026-06-07T11:30:54.634] [DEBUG] debug-file - entry:default@PreBuild is not up-to-date, since the task snapshots are different.
[2026-06-07T11:30:54.634] [DEBUG] debug-file - Incremental task entry:default@PreBuild pre-execution cost: 5 ms .
[2026-06-07T11:30:54.639] [DEBUG] debug-file - current product is not Atomic service.
[2026-06-07T11:30:54.639] [DEBUG] debug-file - Use tool [win32: JAVA_HOME, CLASSPATH]
 [ { JAVA_HOME: 'D:\\java_folder' }, { CLASSPATH: undefined } ]
[2026-06-07T11:30:54.640] [DEBUG] debug-file - Use tool [win32: NODE_HOME]
 [ { NODE_HOME: 'D:\\DevEco Studio\\tools\\node' } ]
[2026-06-07T11:30:54.640] [DEBUG] debug-file - entry : default@PreBuild cost memory -1.1380081176757812
[2026-06-07T11:30:54.640] [DEBUG] debug-file - runTaskFromQueue task cost before running: 106 ms 
[2026-06-07T11:30:54.642] [INFO] debug-file - Finished :entry:default@PreBuild... after 14 ms 
[2026-06-07T11:30:54.642] [DEBUG] debug-file - Executing task :entry:default@CreateModuleInfo
[2026-06-07T11:30:54.642] [DEBUG] debug-file - Task 'entry:default@CreateModuleInfo' cost while wrapping incremental declarations: 1 ms 
[2026-06-07T11:30:54.643] [DEBUG] debug-file - entry : default@CreateModuleInfo cost memory 0.04833984375
[2026-06-07T11:30:54.643] [DEBUG] debug-file - runTaskFromQueue task cost before running: 108 ms 
[2026-06-07T11:30:54.643] [INFO] debug-file - Finished :entry:default@CreateModuleInfo... after 1 ms 
[2026-06-07T11:30:54.646] [DEBUG] debug-file - Executing task :entry:default@GenerateMetadata
[2026-06-07T11:30:54.646] [DEBUG] debug-file - Task 'entry:default@GenerateMetadata' cost while wrapping incremental declarations: 1 ms 
[2026-06-07T11:30:54.647] [DEBUG] debug-file - Incremental task entry:default@GenerateMetadata pre-execution cost: 1 ms .
[2026-06-07T11:30:54.647] [DEBUG] debug-file - entry : default@GenerateMetadata cost memory 0.0874176025390625
[2026-06-07T11:30:54.647] [INFO] debug-file - UP-TO-DATE :entry:default@GenerateMetadata...  
[2026-06-07T11:30:54.648] [DEBUG] debug-file - Executing task :entry:default@ConfigureCmake
[2026-06-07T11:30:54.648] [DEBUG] debug-file - entry : default@ConfigureCmake cost memory 0.0144805908203125
[2026-06-07T11:30:54.648] [DEBUG] debug-file - runTaskFromQueue task cost before running: 114 ms 
[2026-06-07T11:30:54.648] [INFO] debug-file - Finished :entry:default@ConfigureCmake... after 1 ms 
[2026-06-07T11:30:54.649] [DEBUG] debug-file - Executing task :entry:default@MergeProfile
[2026-06-07T11:30:54.649] [DEBUG] debug-file - Task 'entry:default@MergeProfile' cost while wrapping incremental declarations: 1 ms 
[2026-06-07T11:30:54.650] [DEBUG] debug-file - Incremental task entry:default@MergeProfile pre-execution cost: 2 ms .
[2026-06-07T11:30:54.650] [DEBUG] debug-file - entry : default@MergeProfile cost memory 0.1278533935546875
[2026-06-07T11:30:54.650] [INFO] debug-file - UP-TO-DATE :entry:default@MergeProfile...  
[2026-06-07T11:30:54.651] [DEBUG] debug-file - Executing task :entry:default@CreateBuildProfile
[2026-06-07T11:30:54.652] [DEBUG] debug-file - Task 'entry:default@CreateBuildProfile' cost while wrapping incremental declarations: 1 ms 
[2026-06-07T11:30:54.653] [DEBUG] debug-file - Incremental task entry:default@CreateBuildProfile pre-execution cost: 2 ms .
[2026-06-07T11:30:54.653] [DEBUG] debug-file - entry : default@CreateBuildProfile cost memory 0.09619903564453125
[2026-06-07T11:30:54.653] [INFO] debug-file - UP-TO-DATE :entry:default@CreateBuildProfile...  
[2026-06-07T11:30:54.654] [DEBUG] debug-file - Executing task :entry:default@PreCheckSyscap
[2026-06-07T11:30:54.654] [DEBUG] debug-file - entry : default@PreCheckSyscap cost memory 0.01470184326171875
[2026-06-07T11:30:54.654] [DEBUG] debug-file - runTaskFromQueue task cost before running: 119 ms 
[2026-06-07T11:30:54.654] [INFO] debug-file - Finished :entry:default@PreCheckSyscap... after 1 ms 
[2026-06-07T11:30:54.655] [DEBUG] debug-file - Executing task :entry:default@GeneratePkgContextInfo
[2026-06-07T11:30:54.657] [DEBUG] debug-file - Task 'entry:default@GeneratePkgContextInfo' cost while wrapping incremental declarations: 1 ms 
[2026-06-07T11:30:54.658] [DEBUG] debug-file - Incremental task entry:default@GeneratePkgContextInfo pre-execution cost: 1 ms .
[2026-06-07T11:30:54.658] [DEBUG] debug-file - entry : default@GeneratePkgContextInfo cost memory 0.21648406982421875
[2026-06-07T11:30:54.658] [INFO] debug-file - UP-TO-DATE :entry:default@GeneratePkgContextInfo...  
[2026-06-07T11:30:54.661] [DEBUG] debug-file - Executing task :entry:default@ProcessIntegratedHsp
[2026-06-07T11:30:54.661] [DEBUG] debug-file - entry:default@ProcessIntegratedHsp is not up-to-date, since the output file 'D:\files_for_huaweidevelop\FaceCheck\camera-preview-minimal\build\cache\default\integrated_hsp\integratedHspCache.json' does not exist.
[2026-06-07T11:30:54.662] [DEBUG] debug-file - Incremental task entry:default@ProcessIntegratedHsp pre-execution cost: 1 ms .
[2026-06-07T11:30:54.662] [DEBUG] debug-file - entry : default@ProcessIntegratedHsp cost memory 0.05767059326171875
[2026-06-07T11:30:54.662] [DEBUG] debug-file - runTaskFromQueue task cost before running: 127 ms 
[2026-06-07T11:30:54.662] [INFO] debug-file - Finished :entry:default@ProcessIntegratedHsp... after 1 ms 
[2026-06-07T11:30:54.663] [DEBUG] debug-file - Executing task :entry:default@BuildNativeWithCmake
[2026-06-07T11:30:54.664] [DEBUG] debug-file - entry : default@BuildNativeWithCmake cost memory -1.5977325439453125
[2026-06-07T11:30:54.664] [DEBUG] debug-file - runTaskFromQueue task cost before running: 129 ms 
[2026-06-07T11:30:54.664] [INFO] debug-file - Finished :entry:default@BuildNativeWithCmake... after 1 ms 
[2026-06-07T11:30:54.665] [DEBUG] debug-file - Executing task :entry:default@MakePackInfo
[2026-06-07T11:30:54.666] [DEBUG] debug-file - Incremental task entry:default@MakePackInfo pre-execution cost: 2 ms .
[2026-06-07T11:30:54.666] [DEBUG] debug-file - entry : default@MakePackInfo cost memory 0.10842132568359375
[2026-06-07T11:30:54.666] [INFO] debug-file - UP-TO-DATE :entry:default@MakePackInfo...  
[2026-06-07T11:30:54.667] [DEBUG] debug-file - Executing task :entry:default@SyscapTransform
[2026-06-07T11:30:54.667] [DEBUG] debug-file - File: 'D:\files_for_huaweidevelop\FaceCheck\camera-preview-minimal\entry\src\main\syscap.json' from 'sysCapJsonPath' is not exists, just ignore.
[2026-06-07T11:30:54.668] [DEBUG] debug-file - Task 'entry:default@SyscapTransform' cost while wrapping incremental declarations: 1 ms 
[2026-06-07T11:30:54.670] [DEBUG] debug-file - entry:default@SyscapTransform is not up-to-date, since the output file 'D:\files_for_huaweidevelop\FaceCheck\camera-preview-minimal\entry\build\default\intermediates\syscap\default\rpcid.sc' does not exist.
[2026-06-07T11:30:54.670] [DEBUG] debug-file - Incremental task entry:default@SyscapTransform pre-execution cost: 2 ms .
[2026-06-07T11:30:54.670] [DEBUG] debug-file - entry : default@SyscapTransform cost memory 0.146453857421875
[2026-06-07T11:30:54.670] [DEBUG] debug-file - runTaskFromQueue task cost before running: 135 ms 
[2026-06-07T11:30:54.670] [INFO] debug-file - Finished :entry:default@SyscapTransform... after 3 ms 
[2026-06-07T11:30:54.671] [DEBUG] debug-file - Executing task :entry:default@ProcessProfile
[2026-06-07T11:30:54.671] [DEBUG] debug-file - Task 'entry:default@ProcessProfile' cost while wrapping incremental declarations: 1 ms 
[2026-06-07T11:30:54.672] [DEBUG] debug-file - Incremental task entry:default@ProcessProfile pre-execution cost: 1 ms .
[2026-06-07T11:30:54.672] [DEBUG] debug-file - entry : default@ProcessProfile cost memory 0.14633941650390625
[2026-06-07T11:30:54.673] [INFO] debug-file - UP-TO-DATE :entry:default@ProcessProfile...  
[2026-06-07T11:30:54.673] [DEBUG] debug-file - Executing task :entry:default@ProcessRouterMap
[2026-06-07T11:30:54.676] [DEBUG] debug-file - Incremental task entry:default@ProcessRouterMap pre-execution cost: 3 ms .
[2026-06-07T11:30:54.676] [DEBUG] debug-file - entry : default@ProcessRouterMap cost memory 0.1721038818359375
[2026-06-07T11:30:54.677] [INFO] debug-file - UP-TO-DATE :entry:default@ProcessRouterMap...  
[2026-06-07T11:30:54.678] [DEBUG] debug-file - Executing task :entry:default@ProcessShareConfig
[2026-06-07T11:30:54.680] [DEBUG] debug-file - Incremental task entry:default@ProcessShareConfig pre-execution cost: 2 ms .
[2026-06-07T11:30:54.680] [DEBUG] debug-file - entry : default@ProcessShareConfig cost memory 0.1444244384765625
[2026-06-07T11:30:54.681] [INFO] debug-file - UP-TO-DATE :entry:default@ProcessShareConfig...  
[2026-06-07T11:30:54.682] [DEBUG] debug-file - Executing task :entry:default@ProcessStartupConfig
[2026-06-07T11:30:54.682] [DEBUG] debug-file - Task 'entry:default@ProcessStartupConfig' cost while wrapping incremental declarations: 1 ms 
[2026-06-07T11:30:54.684] [DEBUG] debug-file - entry:default@ProcessStartupConfig is not up-to-date, since the output file 'D:\files_for_huaweidevelop\FaceCheck\camera-preview-minimal\entry\build\default\intermediates\startup\default\startup_config.json' does not exist.
[2026-06-07T11:30:54.684] [DEBUG] debug-file - Incremental task entry:default@ProcessStartupConfig pre-execution cost: 1 ms .
[2026-06-07T11:30:54.684] [DEBUG] debug-file - entry : default@ProcessStartupConfig cost memory 0.14459991455078125
[2026-06-07T11:30:54.684] [DEBUG] debug-file - runTaskFromQueue task cost before running: 150 ms 
[2026-06-07T11:30:54.685] [INFO] debug-file - Finished :entry:default@ProcessStartupConfig... after 2 ms 
[2026-06-07T11:30:54.685] [DEBUG] debug-file - Executing task :entry:default@BuildNativeWithNinja
[2026-06-07T11:30:54.686] [DEBUG] debug-file - entry : default@BuildNativeWithNinja cost memory 0.021392822265625
[2026-06-07T11:30:54.686] [DEBUG] debug-file - runTaskFromQueue task cost before running: 151 ms 
[2026-06-07T11:30:54.686] [INFO] debug-file - Finished :entry:default@BuildNativeWithNinja... after 1 ms 
[2026-06-07T11:30:54.688] [DEBUG] debug-file - restool module names: entry; moduleName=entry, taskName=default@ProcessResource
[2026-06-07T11:30:54.689] [DEBUG] debug-file - Executing task :entry:default@ProcessResource
[2026-06-07T11:30:54.689] [DEBUG] debug-file - Task 'entry:default@ProcessResource' cost while wrapping incremental declarations: 1 ms 
[2026-06-07T11:30:54.690] [DEBUG] debug-file - Incremental task entry:default@ProcessResource pre-execution cost: 1 ms .
[2026-06-07T11:30:54.690] [DEBUG] debug-file - entry : default@ProcessResource cost memory 0.134490966796875
[2026-06-07T11:30:54.692] [INFO] debug-file - UP-TO-DATE :entry:default@ProcessResource...  
[2026-06-07T11:30:54.693] [DEBUG] debug-file - Executing task :entry:default@GenerateLoaderJson
[2026-06-07T11:30:54.693] [DEBUG] debug-file - Task 'entry:default@GenerateLoaderJson' cost while wrapping incremental declarations: 1 ms 
[2026-06-07T11:30:54.702] [DEBUG] debug-file - Incremental task entry:default@GenerateLoaderJson pre-execution cost: 5 ms .
[2026-06-07T11:30:54.702] [DEBUG] debug-file - entry : default@GenerateLoaderJson cost memory 0.5354843139648438
[2026-06-07T11:30:54.705] [INFO] debug-file - UP-TO-DATE :entry:default@GenerateLoaderJson...  
[2026-06-07T11:30:54.706] [DEBUG] debug-file - Executing task :entry:default@ProcessLibs
[2026-06-07T11:30:54.709] [DEBUG] debug-file - Incremental task entry:default@ProcessLibs pre-execution cost: 2 ms .
[2026-06-07T11:30:54.709] [DEBUG] debug-file - entry : default@ProcessLibs cost memory 0.11060333251953125
[2026-06-07T11:30:54.709] [INFO] debug-file - UP-TO-DATE :entry:default@ProcessLibs...  
[2026-06-07T11:30:54.710] [DEBUG] debug-file - restool module names: entry; moduleName=entry, taskName=default@CompileResource
[2026-06-07T11:30:54.711] [DEBUG] debug-file - Executing task :entry:default@CompileResource
[2026-06-07T11:30:54.727] [DEBUG] debug-file - Incremental task entry:default@CompileResource pre-execution cost: 16 ms .
[2026-06-07T11:30:54.727] [DEBUG] debug-file - entry : default@CompileResource cost memory -1.0691909790039062
[2026-06-07T11:30:54.728] [INFO] debug-file - UP-TO-DATE :entry:default@CompileResource...  
[2026-06-07T11:30:54.729] [DEBUG] debug-file - Executing task :entry:default@DoNativeStrip
[2026-06-07T11:30:54.729] [DEBUG] debug-file - Task 'entry:default@DoNativeStrip' cost while wrapping incremental declarations: 1 ms 
[2026-06-07T11:30:54.730] [DEBUG] debug-file - Incremental task entry:default@DoNativeStrip pre-execution cost: 1 ms .
[2026-06-07T11:30:54.730] [DEBUG] debug-file - entry : default@DoNativeStrip cost memory 0.0781707763671875
[2026-06-07T11:30:54.731] [INFO] debug-file - UP-TO-DATE :entry:default@DoNativeStrip...  
[2026-06-07T11:30:54.732] [DEBUG] debug-file - Executing task :entry:default@CompileArkTS
[2026-06-07T11:30:54.732] [DEBUG] debug-file - obfuscationOptions: undefined
[2026-06-07T11:30:54.733] [DEBUG] debug-file - Task 'entry:default@CompileArkTS' cost while wrapping incremental declarations: 1 ms 
[2026-06-07T11:30:54.741] [DEBUG] debug-file - entry:default@CompileArkTS is not up-to-date, since the input file 'D:\files_for_huaweidevelop\FaceCheck\camera-preview-minimal\entry\src\main\ets' has been changed.
[2026-06-07T11:30:54.741] [DEBUG] debug-file - Incremental task entry:default@CompileArkTS pre-execution cost: 7 ms .
[2026-06-07T11:30:54.752] [DEBUG] debug-file - build config:
[2026-06-07T11:30:54.753] [DEBUG] debug-file - {
  moduleType: 'entry',
  perf: 0,
  targetName: '.default',
  packageManagerType: 'ohpm',
  localPropertiesPath: 'D:\\files_for_huaweidevelop\\FaceCheck\\camera-preview-minimal\\local.properties',
  isPreview: false,
  isOhosTest: false,
  isLocalTest: false,
  buildMode: 'Debug',
  hotReloadBuild: undefined,
  watchMode: 'false',
  aceProfilePath: 'D:\\files_for_huaweidevelop\\FaceCheck\\camera-preview-minimal\\entry\\build\\default\\intermediates\\res\\default\\resources\\base\\profile',
  etsLoaderPath: 'D:\\DevEco Studio\\sdk\\default\\openharmony\\ets\\build-tools\\ets-loader',
  modulePath: 'D:\\files_for_huaweidevelop\\FaceCheck\\camera-preview-minimal\\entry',
  testFrameworkPar: {
    testMode: undefined,
    coveragePathFilter: undefined,
    coverageMode: undefined
  },
  needCoverageInsert: false,
  debugLine: false,
  projectTopDir: 'D:\\files_for_huaweidevelop\\FaceCheck\\camera-preview-minimal',
  compileSdkVersion: 22,
  compatibleSdkVersion: 22,
  originCompatibleSdkVersion: '6.0.2(22)',
  compatibleSdkVersionStage: undefined,
  bundleName: 'c***n',
  etsLoaderVersion: '6.0.2.130',
  etsLoaderReleaseType: 'Release',
  aotCompileMode: 'type',
  apPath: 'D:\\files_for_huaweidevelop\\FaceCheck\\camera-preview-minimal\\entry\\modules.ap',
  entryModuleName: 'entry',
  entryModuleVersion: '1.0.0',
  entryPackageName: 'entry',
  allModuleNameHash: '18ee91e67eb32e137e924ee7a48a53f8b0a93bb43eff5885ad0ab42f35f94670',
  externalApiPaths: [ 'D:\\DevEco Studio\\sdk\\default\\hms\\ets' ],
  compilerTypes: [],
  isCrossplatform: false,
  hvigorPluginFile: undefined,
  compilePluginPath: undefined,
  buildGeneratedProfilePath: 'D:\\files_for_huaweidevelop\\FaceCheck\\camera-preview-minimal\\entry\\build\\default\\generated\\profile\\default',
  bundleType: 'app',
  arkTSVersion: undefined,
  apiVersion: 22,
  needCompleteSourcesMap: false,
  isFaMode: false,
  buildDir: 'D:\\files_for_huaweidevelop\\FaceCheck\\camera-preview-minimal\\entry\\build',
  deviceTypes: [ 'phone', 'tablet' ],
  pkgContextInfo: {
    '@ohos/hypium': {
      packageName: '@ohos/hypium',
      bundleName: '*****',
      moduleName: '',
      version: '1.0.25',
      entryPath: 'index.js',
      isSO: false,
      dependencyAlias: ''
    },
    '@ohos/hamock': {
      packageName: '@ohos/hamock',
      bundleName: '*****',
      moduleName: '',
      version: '1.0.0',
      entryPath: 'index.ets',
      isSO: false,
      dependencyAlias: ''
    },
    entry: {
      packageName: 'entry',
      bundleName: '*****',
      moduleName: '',
      version: '',
      entryPath: 'src/main/',
      isSO: false,
      dependencyAlias: ''
    }
  },
  ohPackagePathMap: {},
  dependencyAliasMap: {},
  permission: { requestPermissions: [ [Object] ], definePermissions: undefined },
  useGetCurrentBundleName: false,
  projectArkOption: undefined,
  sourceMapDir: undefined,
  branchElimination: false,
  transformLib: undefined,
  tsImportSendable: false,
  resolveConflictMode: true,
  depName2RootPath: {},
  depName2DepInfo: {},
  rootPathSet: [ 'D:\\files_for_huaweidevelop\\FaceCheck\\camera-preview-minimal' ],
  useNativeResolver: true,
  shouldEmitJs: true,
  useTscResolve: false,
  singleFileEmit: false,
  userProjectConfig: {
    autoLazyImport: false,
    allowEmptyBundleName: false,
    reExportCheckMode: 'noCheck',
    executionMode: 'memory',
    usePathPlaceholder: false,
    writeRollupCache: true,
    isExpandImportEnabled: false,
    expandImportExclude: '',
    lazyImportExclude: '',
    lazyImportInclude: '',
    ignoreCrossplatformCheck: false,
    isHarDeduplicateEnabled: false,
    skipOhModulesLint: false,
    enableStrictCheckOHModule: false,
    disableSendableCheckRules: [],
    useDeclarationFileSignature: false,
    customizedOptions: undefined,
    integratedHsp: false,
    isPreloadSoEnabled: false
  },
  executionMode: 'memory',
  arkCompileCachePath: 'D:\\files_for_huaweidevelop\\FaceCheck\\camera-preview-minimal\\entry\\build\\default\\cache\\default\\default@CompileArkTS\\esmodule',
  autoLazyFilter: undefined,
  isHarDeduplicateEnabled: false,
  intermediateHarDuplicateDirPath: 'D:\\files_for_huaweidevelop\\FaceCheck\\camera-preview-minimal\\entry\\build\\default\\intermediates\\har_duplicate\\default',
  autoLazyImport: false,
  allowEmptyBundleName: false,
  reExportCheckMode: 'noCheck',
  usePathPlaceholder: false,
  writeRollupCache: true,
  isExpandImportEnabled: false,
  expandImportExclude: '',
  lazyImportExclude: '',
  lazyImportInclude: '',
  ignoreCrossplatformCheck: false,
  skipOhModulesLint: false,
  enableStrictCheckOHModule: false,
  disableSendableCheckRules: [],
  useDeclarationFileSignature: false,
  customizedOptions: undefined,
  integratedHsp: false,
  isPreloadSoEnabled: false,
  strictMode: {
    caseSensitiveCheck: true,
    useNormalizedOHMUrl: true,
    noExternalImportByPath: true
  },
  useNormalizedOHMUrl: true,
  caseSensitiveCheck: true,
  aceModuleJsonPath: 'D:\\files_for_huaweidevelop\\FaceCheck\\camera-preview-minimal\\entry\\build\\default\\intermediates\\res\\default\\ark_module.json',
  appResource: 'D:\\files_for_huaweidevelop\\FaceCheck\\camera-preview-minimal\\entry\\build\\default\\intermediates\\res\\default\\ResourceTable.txt',
  rawFileResource: 'D:\\files_for_huaweidevelop\\FaceCheck\\camera-preview-minimal\\entry\\build\\default\\intermediates\\res\\default\\resources\\rawfile',
  resourceTableHash: 'f64a437b8e40f6ffeb1e500beb89d221770e69f3dce109977b102f45a561d3b6',
  runtimeOS: 'HarmonyOS',
  sdkInfo: 'false:22:6.0.2.130:Release',
  aceModuleRoot: 'D:\\files_for_huaweidevelop\\FaceCheck\\camera-preview-minimal\\entry\\src\\main\\ets',
  compileMode: 'esmodule',
  aceSuperVisualPath: 'D:\\files_for_huaweidevelop\\FaceCheck\\camera-preview-minimal\\entry\\src\\main\\supervisual',
  aceBuildJson: 'D:\\files_for_huaweidevelop\\FaceCheck\\camera-preview-minimal\\entry\\build\\default\\intermediates\\loader\\default\\loader.json',
  cachePath: 'D:\\files_for_huaweidevelop\\FaceCheck\\camera-preview-minimal\\entry\\build\\default\\cache\\default\\default@CompileArkTS\\esmodule\\debug',
  aceModuleBuild: 'D:\\files_for_huaweidevelop\\FaceCheck\\camera-preview-minimal\\entry\\build\\default\\intermediates\\loader_out\\default\\ets',
  supportChunks: true,
  declaredFilesPath: undefined,
  shouldCollectDirectImportees: false,
  isByteCodeHarOptimize: false,
  expandImportPath: undefined,
  pkgNameToPkgBriefInfo: {
    entry: {
      pkgRoot: 'D:\\files_for_huaweidevelop\\FaceCheck\\camera-preview-minimal\\entry',
      originalSourceRoots: undefined,
      sourceRoots: [Array],
      pkgName: 'entry'
    }
  },
  projectModel: {
    'D:\\files_for_huaweidevelop\\FaceCheck\\camera-preview-minimal\\entry\\src\\main': {
      moduleName: 'entry',
      modulePkgPath: 'D:\\files_for_huaweidevelop\\FaceCheck\\camera-preview-minimal\\entry',
      belongProjectPath: 'D:\\files_for_huaweidevelop\\FaceCheck\\camera-preview-minimal'
    },
    'D:\\files_for_huaweidevelop\\FaceCheck\\camera-preview-minimal\\entry': {
      moduleName: 'entry',
      modulePkgPath: 'D:\\files_for_huaweidevelop\\FaceCheck\\camera-preview-minimal\\entry',
      belongProjectPath: 'D:\\files_for_huaweidevelop\\FaceCheck\\camera-preview-minimal'
    },
    'D:\\files_for_huaweidevelop\\FaceCheck\\camera-preview-minimal': {
      moduleName: 'camera-preview-minimal',
      modulePkgPath: 'D:\\files_for_huaweidevelop\\FaceCheck\\camera-preview-minimal',
      belongProjectPath: 'D:\\files_for_huaweidevelop\\FaceCheck\\camera-preview-minimal'
    }
  },
  pkgJsonFileHash: '441d5fb9425d899bb86c2aae0376406b9303b6bc97b7c6bd19cab2ba79e65e90',
  allModulePaths: [
    'D:\\files_for_huaweidevelop\\FaceCheck\\camera-preview-minimal\\entry'
  ],
  routerMap: {},
  obfuscationOptions: undefined,
  byteCodeHarToDependencyKeys: undefined,
  compileBlockPkg: [],
  mockParams: {
    decorator: '@MockSetup',
    packageName: '@ohos/hamock',
    etsSourceRootPath: 'src/main/ets',
    mockConfigPath: undefined,
    mockConfigKey2ModuleInfo: {},
    source2ModuleIdMap: {}
  },
  copyCodeResourceEnable: false,
  copyCodeResourceExcludes: [],
  copyCodeResourceIncludes: undefined,
  uiTransformOptimization: false,
  sdkPath: 'D:/DevEco Studio/sdk',
  needPreloadSoFileSet: {},
  preloadSoFilePath: 'D:\\files_for_huaweidevelop\\FaceCheck\\camera-preview-minimal\\entry\\build\\default\\intermediates\\preload\\default\\preload.json',
  useSourceHash: false,
  localModuleParamMap: {},
  otherPaths: {
    'entry/*': [
      '..\\*',
      '..\\..\\..\\build\\default\\generated\\profile\\default\\*'
    ]
  },
  collectImportersConfig: undefined
}
[2026-06-07T11:30:54.753] [DEBUG] debug-file - Compile arkts with external api path: D:\DevEco Studio\sdk\default\hms\ets
[2026-06-07T11:30:54.754] [DEBUG] debug-file - default@CompileArkTS work[3] is submitted.
[2026-06-07T11:30:54.754] [DEBUG] debug-file - default@CompileArkTS work[3] is pushed to ready queue.
[2026-06-07T11:30:54.755] [DEBUG] debug-file - A work dispatched to worker[31] failed because unable to get work from ready queue.
[2026-06-07T11:30:54.755] [DEBUG] debug-file - A work dispatched to worker[30] failed because unable to get work from ready queue.
[2026-06-07T11:30:54.755] [DEBUG] debug-file - A work dispatched to worker[29] failed because unable to get work from ready queue.
[2026-06-07T11:30:54.755] [DEBUG] debug-file - A work dispatched to worker[28] failed because unable to get work from ready queue.
[2026-06-07T11:30:54.755] [DEBUG] debug-file - A work dispatched to worker[27] failed because unable to get work from ready queue.
[2026-06-07T11:30:54.755] [DEBUG] debug-file - A work dispatched to worker[26] failed because unable to get work from ready queue.
[2026-06-07T11:30:54.755] [DEBUG] debug-file - A work dispatched to worker[25] failed because unable to get work from ready queue.
[2026-06-07T11:30:54.755] [DEBUG] debug-file - A work dispatched to worker[24] failed because unable to get work from ready queue.
[2026-06-07T11:30:54.755] [DEBUG] debug-file - A work dispatched to worker[23] failed because unable to get work from ready queue.
[2026-06-07T11:30:54.755] [DEBUG] debug-file - A work dispatched to worker[22] failed because unable to get work from ready queue.
[2026-06-07T11:30:54.755] [DEBUG] debug-file - A work dispatched to worker[21] failed because unable to get work from ready queue.
[2026-06-07T11:30:54.755] [DEBUG] debug-file - A work dispatched to worker[20] failed because unable to get work from ready queue.
[2026-06-07T11:30:54.755] [DEBUG] debug-file - A work dispatched to worker[19] failed because unable to get work from ready queue.
[2026-06-07T11:30:54.755] [DEBUG] debug-file - A work dispatched to worker[18] failed because unable to get work from ready queue.
[2026-06-07T11:30:54.755] [DEBUG] debug-file - A work dispatched to worker[17] failed because unable to get work from ready queue.
[2026-06-07T11:30:54.755] [DEBUG] debug-file - A work dispatched to worker[16] failed because unable to get work from ready queue.
[2026-06-07T11:30:54.755] [DEBUG] debug-file - A work dispatched to worker[15] failed because unable to get work from ready queue.
[2026-06-07T11:30:54.755] [DEBUG] debug-file - A work dispatched to worker[14] failed because unable to get work from ready queue.
[2026-06-07T11:30:54.755] [DEBUG] debug-file - A work dispatched to worker[13] failed because unable to get work from ready queue.
[2026-06-07T11:30:54.755] [DEBUG] debug-file - A work dispatched to worker[12] failed because unable to get work from ready queue.
[2026-06-07T11:30:54.755] [DEBUG] debug-file - A work dispatched to worker[11] failed because unable to get work from ready queue.
[2026-06-07T11:30:54.755] [DEBUG] debug-file - A work dispatched to worker[10] failed because unable to get work from ready queue.
[2026-06-07T11:30:54.755] [DEBUG] debug-file - A work dispatched to worker[9] failed because unable to get work from ready queue.
[2026-06-07T11:30:54.755] [DEBUG] debug-file - A work dispatched to worker[8] failed because unable to get work from ready queue.
[2026-06-07T11:30:54.755] [DEBUG] debug-file - A work dispatched to worker[7] failed because unable to get work from ready queue.
[2026-06-07T11:30:54.755] [DEBUG] debug-file - A work dispatched to worker[6] failed because unable to get work from ready queue.
[2026-06-07T11:30:54.755] [DEBUG] debug-file - A work dispatched to worker[5] failed because unable to get work from ready queue.
[2026-06-07T11:30:54.755] [DEBUG] debug-file - default@CompileArkTS work[3] has been dispatched to worker[4].
[2026-06-07T11:30:54.755] [DEBUG] debug-file - default@CompileArkTS work[3] is dispatched.
[2026-06-07T11:30:54.756] [DEBUG] debug-file - entry : default@CompileArkTS cost memory -0.2170562744140625
[2026-06-07T11:30:54.757] [DEBUG] debug-file - Executing task :entry:default@BuildJS
[2026-06-07T11:30:54.757] [DEBUG] debug-file - Task 'entry:default@BuildJS' cost while wrapping incremental declarations: 1 ms 
[2026-06-07T11:30:54.760] [DEBUG] debug-file - entry : default@BuildJS cost memory 0.16698455810546875
[2026-06-07T11:30:54.760] [DEBUG] debug-file - runTaskFromQueue task cost before running: 226 ms 
[2026-06-07T11:30:54.760] [INFO] debug-file - Finished :entry:default@BuildJS... after 4 ms 
[2026-06-07T11:30:54.761] [DEBUG] debug-file - Executing task :entry:default@CacheNativeLibs
[2026-06-07T11:30:54.762] [DEBUG] debug-file - Task 'entry:default@CacheNativeLibs' cost while wrapping incremental declarations: 1 ms 
[2026-06-07T11:30:54.763] [DEBUG] debug-file - Incremental task entry:default@CacheNativeLibs pre-execution cost: 2 ms .
[2026-06-07T11:30:54.763] [DEBUG] debug-file - entry : default@CacheNativeLibs cost memory 0.0944671630859375
[2026-06-07T11:30:54.764] [INFO] debug-file - UP-TO-DATE :entry:default@CacheNativeLibs...  
[2026-06-07T11:30:55.507] [WARN] debug-file - [33mWARN: [33m[33mArkTS:WARN File: D:/files_for_huaweidevelop/FaceCheck/camera-preview-minimal/entry/src/main/ets/pages/Index.ets:118:21
 'getContext' has been deprecated.
[39m[39m
[33mWARN: [33m[33mArkTS:WARN File: D:/files_for_huaweidevelop/FaceCheck/camera-preview-minimal/entry/src/main/ets/pages/Index.ets:174:21
 'getContext' has been deprecated.
[39m[39m
[33mWARN: [33m[33mArkTS:WARN File: D:/files_for_huaweidevelop/FaceCheck/camera-preview-minimal/entry/src/main/ets/pages/Index.ets:290:20
 'showToast' has been deprecated.
[39m[39m

[2026-06-07T11:30:55.507] [DEBUG] debug-file - Ark compile task finished.finished time is 3375194313800
[2026-06-07T11:30:55.508] [DEBUG] debug-file - worker[4] has one work done.
[2026-06-07T11:30:55.509] [DEBUG] debug-file - default@CompileArkTS work[3] done.
[2026-06-07T11:30:55.510] [INFO] debug-file - Finished :entry:default@CompileArkTS... after 776 ms 
[2026-06-07T11:30:55.511] [DEBUG] debug-file - Executing task :entry:default@GeneratePkgModuleJson
[2026-06-07T11:30:55.512] [DEBUG] debug-file - File: 'D:\files_for_huaweidevelop\FaceCheck\camera-preview-minimal\entry\build\default\intermediates\preload\default\preload.json' from 'preloadSoJsonPath' is not exists, just ignore.
[2026-06-07T11:30:55.512] [DEBUG] debug-file - Error occurs while handling @Input 'shouldDeduplicateHar': The "data" argument must be of type string or an instance of Buffer, TypedArray, or DataView. Received undefined
[2026-06-07T11:30:55.512] [DEBUG] debug-file - Task 'entry:default@GeneratePkgModuleJson' cost while wrapping incremental declarations: 1 ms 
[2026-06-07T11:30:55.513] [DEBUG] debug-file - Incremental task entry:default@GeneratePkgModuleJson pre-execution cost: 1 ms .
[2026-06-07T11:30:55.513] [DEBUG] debug-file - entry : default@GeneratePkgModuleJson cost memory 0.102203369140625
[2026-06-07T11:30:55.513] [INFO] debug-file - UP-TO-DATE :entry:default@GeneratePkgModuleJson...  
[2026-06-07T11:30:55.514] [DEBUG] debug-file - Executing task :entry:default@ProcessCompiledResources
[2026-06-07T11:30:55.514] [DEBUG] debug-file - File: 'D:\files_for_huaweidevelop\FaceCheck\camera-preview-minimal\entry\build\default\intermediates\preload\default\preload.json' from 'preloadSoJsonPath' is not exists, just ignore.
[2026-06-07T11:30:55.514] [DEBUG] debug-file - Task 'entry:default@ProcessCompiledResources' cost while wrapping incremental declarations: 1 ms 
[2026-06-07T11:30:55.514] [DEBUG] debug-file - entry : default@ProcessCompiledResources cost memory 0.05907440185546875
[2026-06-07T11:30:55.514] [DEBUG] debug-file - runTaskFromQueue task cost before running: 980 ms 
[2026-06-07T11:30:55.514] [INFO] debug-file - Finished :entry:default@ProcessCompiledResources... after 1 ms 
[2026-06-07T11:30:55.515] [DEBUG] debug-file - Executing task :entry:default@PackageHap
[2026-06-07T11:30:55.521] [DEBUG] debug-file - entry:default@PackageHap is not up-to-date, since the input file 'D:\files_for_huaweidevelop\FaceCheck\camera-preview-minimal\entry\build\default\intermediates\loader_out\default\ets' has been changed.
[2026-06-07T11:30:55.521] [DEBUG] debug-file - Incremental task entry:default@PackageHap pre-execution cost: 5 ms .
[2026-06-07T11:30:55.521] [DEBUG] debug-file - Use tool [D:\DevEco Studio\sdk\default\openharmony\toolchains\lib\app_packing_tool.jar]
 [
  'java',
  '-Dfile.encoding=GBK',
  '-jar',
  'D:\\DevEco Studio\\sdk\\default\\openharmony\\toolchains\\lib\\app_packing_tool.jar',
  '--mode',
  'hap',
  '--force',
  'true',
  '--lib-path',
  'D:\\files_for_huaweidevelop\\FaceCheck\\camera-preview-minimal\\entry\\build\\default\\intermediates\\stripped_native_libs\\default',
  '--json-path',
  'D:\\files_for_huaweidevelop\\FaceCheck\\camera-preview-minimal\\entry\\build\\default\\intermediates\\package\\default\\module.json',
  '--resources-path',
  'D:\\files_for_huaweidevelop\\FaceCheck\\camera-preview-minimal\\entry\\build\\default\\intermediates\\res\\default\\resources',
  '--index-path',
  'D:\\files_for_huaweidevelop\\FaceCheck\\camera-preview-minimal\\entry\\build\\default\\intermediates\\res\\default\\resources.index',
  '--pack-info-path',
  'D:\\files_for_huaweidevelop\\FaceCheck\\camera-preview-minimal\\entry\\build\\default\\outputs\\default\\pack.info',
  '--out-path',
  'D:\\files_for_huaweidevelop\\FaceCheck\\camera-preview-minimal\\entry\\build\\default\\outputs\\default\\entry-default-unsigned.hap',
  '--ets-path',
  'D:\\files_for_huaweidevelop\\FaceCheck\\camera-preview-minimal\\entry\\build\\default\\intermediates\\loader_out\\default\\ets',
  '--pkg-context-path',
  'D:\\files_for_huaweidevelop\\FaceCheck\\camera-preview-minimal\\entry\\build\\default\\intermediates\\loader\\default\\pkgContextInfo.json'
]
[2026-06-07T11:30:55.561] [DEBUG] debug-file - java daemon socket received message:{"code":0,"message":"pack success"}
[2026-06-07T11:30:55.564] [DEBUG] debug-file - entry : default@PackageHap cost memory -1.0732803344726562
[2026-06-07T11:30:55.564] [DEBUG] debug-file - runTaskFromQueue task cost before running: 1 s 30 ms 
[2026-06-07T11:30:55.565] [INFO] debug-file - Finished :entry:default@PackageHap... after 49 ms 
[2026-06-07T11:30:55.566] [DEBUG] debug-file - Executing task :entry:default@PackingCheck
[2026-06-07T11:30:55.570] [DEBUG] debug-file - entry : default@PackingCheck cost memory 0.2750244140625
[2026-06-07T11:30:55.570] [DEBUG] debug-file - runTaskFromQueue task cost before running: 1 s 35 ms 
[2026-06-07T11:30:55.570] [INFO] debug-file - Finished :entry:default@PackingCheck... after 4 ms 
[2026-06-07T11:30:55.571] [DEBUG] debug-file - Executing task :entry:default@SignHap
[2026-06-07T11:30:55.575] [DEBUG] debug-file - entry:default@SignHap is not up-to-date, since the input file 'D:\files_for_huaweidevelop\FaceCheck\camera-preview-minimal\entry\build\default\outputs\default\entry-default-unsigned.hap' has been changed.
[2026-06-07T11:30:55.575] [DEBUG] debug-file - Incremental task entry:default@SignHap pre-execution cost: 4 ms .
[2026-06-07T11:30:55.592] [DEBUG] debug-file - java daemon socket close code:1000 reason:close by user
[2026-06-07T11:30:55.624] [DEBUG] debug-file - java daemon socket received message:{"code":0,"message":"verify profile success"}
[2026-06-07T11:30:55.628] [DEBUG] debug-file - java daemon socket close code:1000 reason:close by user
[2026-06-07T11:30:55.691] [DEBUG] debug-file - java daemon socket received message:{"code":0,"message":"sign app success"}
[2026-06-07T11:30:55.692] [DEBUG] debug-file - entry : default@SignHap cost memory 0.5679931640625
[2026-06-07T11:30:55.692] [DEBUG] debug-file - runTaskFromQueue task cost before running: 1 s 157 ms 
[2026-06-07T11:30:55.693] [INFO] debug-file - Finished :entry:default@SignHap... after 122 ms 
[2026-06-07T11:30:55.694] [DEBUG] debug-file - Executing task :entry:default@CollectDebugSymbol
[2026-06-07T11:30:55.694] [DEBUG] debug-file - entry : default@CollectDebugSymbol cost memory 0.0937957763671875
[2026-06-07T11:30:55.694] [DEBUG] debug-file - runTaskFromQueue task cost before running: 1 s 160 ms 
[2026-06-07T11:30:55.694] [INFO] debug-file - Finished :entry:default@CollectDebugSymbol... after 1 ms 
[2026-06-07T11:30:55.695] [DEBUG] debug-file - Executing task :entry:assembleHap
[2026-06-07T11:30:55.695] [DEBUG] debug-file - entry : assembleHap cost memory 0.0122528076171875
[2026-06-07T11:30:55.695] [DEBUG] debug-file - runTaskFromQueue task cost before running: 1 s 160 ms 
[2026-06-07T11:30:55.696] [INFO] debug-file - Finished :entry:assembleHap... after 1 ms 
[2026-06-07T11:30:55.707] [INFO] debug-file - BUILD SUCCESSFUL in 1 s 172 ms 
[2026-06-07T11:30:55.708] [DEBUG] debug-file - Update task entry:default@PreBuild input file:D:\files_for_huaweidevelop\FaceCheck\camera-preview-minimal\AppScope\app.json5 cache by regenerate.
[2026-06-07T11:30:55.708] [DEBUG] debug-file - Update task entry:default@PreBuild input file:D:\files_for_huaweidevelop\FaceCheck\camera-preview-minimal\entry\src\main\module.json5 cache by regenerate.
[2026-06-07T11:30:55.708] [DEBUG] debug-file - Update task entry:default@PreBuild input file:D:\files_for_huaweidevelop\FaceCheck\camera-preview-minimal\build-profile.json5 cache by regenerate.
[2026-06-07T11:30:55.709] [DEBUG] debug-file - Update task entry:default@PreBuild input file:D:\files_for_huaweidevelop\FaceCheck\camera-preview-minimal\entry\build-profile.json5 cache by regenerate.
[2026-06-07T11:30:55.709] [DEBUG] debug-file - Update task entry:default@PreBuild input file:D:\files_for_huaweidevelop\FaceCheck\camera-preview-minimal\entry\src\main\resources\base\profile\main_pages.json cache by regenerate.
[2026-06-07T11:30:55.709] [DEBUG] debug-file - Update task entry:default@PreBuild input file:D:\files_for_huaweidevelop\FaceCheck\camera-preview-minimal\hvigor\hvigor-config.json5 cache by regenerate.
[2026-06-07T11:30:55.709] [DEBUG] debug-file - Update task entry:default@PreBuild input file:D:\files_for_huaweidevelop\FaceCheck\camera-preview-minimal\entry\oh-package.json5 cache by regenerate.
[2026-06-07T11:30:55.710] [DEBUG] debug-file - Update task entry:default@PreBuild input file:D:\files_for_huaweidevelop\FaceCheck\camera-preview-minimal\oh-package.json5 cache by regenerate.
[2026-06-07T11:30:55.710] [DEBUG] debug-file - Incremental task entry:default@PreBuild post-execution cost:4 ms .
[2026-06-07T11:30:55.710] [DEBUG] debug-file - Update task entry:default@CreateModuleInfo output file:D:\files_for_huaweidevelop\FaceCheck\camera-preview-minimal\entry\build\default\generated\profile\default\ModuleInfo.ts cache.
[2026-06-07T11:30:55.710] [DEBUG] debug-file - Incremental task entry:default@CreateModuleInfo post-execution cost:1 ms .
[2026-06-07T11:30:55.710] [DEBUG] debug-file - There is no need to refresh cache, since the incremental task entry:default@GenerateMetadata is up-to-date.
[2026-06-07T11:30:55.710] [DEBUG] debug-file - There is no need to refresh cache, since the incremental task entry:default@MergeProfile is up-to-date.
[2026-06-07T11:30:55.710] [DEBUG] debug-file - There is no need to refresh cache, since the incremental task entry:default@CreateBuildProfile is up-to-date.
[2026-06-07T11:30:55.710] [DEBUG] debug-file - There is no need to refresh cache, since the incremental task entry:default@GeneratePkgContextInfo is up-to-date.
[2026-06-07T11:30:55.711] [DEBUG] debug-file - Update task entry:default@ProcessIntegratedHsp output file:D:\files_for_huaweidevelop\FaceCheck\camera-preview-minimal\build\cache\default\integrated_hsp\integratedHspCache.json cache.
[2026-06-07T11:30:55.711] [DEBUG] debug-file - Incremental task entry:default@ProcessIntegratedHsp post-execution cost:1 ms .
[2026-06-07T11:30:55.711] [DEBUG] debug-file - There is no need to refresh cache, since the incremental task entry:default@MakePackInfo is up-to-date.
[2026-06-07T11:30:55.711] [DEBUG] debug-file - Update task entry:default@SyscapTransform input file:D:\DevEco Studio\sdk\default\openharmony\toolchains\syscap_tool.exe cache by regenerate.
[2026-06-07T11:30:55.711] [DEBUG] debug-file - Update task entry:default@SyscapTransform input file:D:\DevEco Studio\sdk\default\openharmony\ets\api\device-define cache by regenerate.
[2026-06-07T11:30:55.712] [DEBUG] debug-file - Update task entry:default@SyscapTransform output file:D:\files_for_huaweidevelop\FaceCheck\camera-preview-minimal\entry\build\default\intermediates\syscap\default\rpcid.sc cache.
[2026-06-07T11:30:55.713] [DEBUG] debug-file - Incremental task entry:default@SyscapTransform post-execution cost:2 ms .
[2026-06-07T11:30:55.713] [DEBUG] debug-file - There is no need to refresh cache, since the incremental task entry:default@ProcessProfile is up-to-date.
[2026-06-07T11:30:55.713] [DEBUG] debug-file - There is no need to refresh cache, since the incremental task entry:default@ProcessRouterMap is up-to-date.
[2026-06-07T11:30:55.713] [DEBUG] debug-file - There is no need to refresh cache, since the incremental task entry:default@ProcessShareConfig is up-to-date.
[2026-06-07T11:30:55.713] [DEBUG] debug-file - Update task entry:default@ProcessStartupConfig input file:D:\files_for_huaweidevelop\FaceCheck\camera-preview-minimal\entry\build\default\intermediates\loader\default\pkgContextInfo.json cache by regenerate.
[2026-06-07T11:30:55.713] [DEBUG] debug-file - Update task entry:default@ProcessStartupConfig output file:D:\files_for_huaweidevelop\FaceCheck\camera-preview-minimal\entry\build\default\intermediates\startup\default\startup_config.json cache.
[2026-06-07T11:30:55.713] [DEBUG] debug-file - Incremental task entry:default@ProcessStartupConfig post-execution cost:1 ms .
[2026-06-07T11:30:55.714] [DEBUG] debug-file - There is no need to refresh cache, since the incremental task entry:default@ProcessResource is up-to-date.
[2026-06-07T11:30:55.714] [DEBUG] debug-file - There is no need to refresh cache, since the incremental task entry:default@GenerateLoaderJson is up-to-date.
[2026-06-07T11:30:55.714] [DEBUG] debug-file - There is no need to refresh cache, since the incremental task entry:default@ProcessLibs is up-to-date.
[2026-06-07T11:30:55.714] [DEBUG] debug-file - There is no need to refresh cache, since the incremental task entry:default@CompileResource is up-to-date.
[2026-06-07T11:30:55.714] [DEBUG] debug-file - There is no need to refresh cache, since the incremental task entry:default@DoNativeStrip is up-to-date.
[2026-06-07T11:30:55.715] [DEBUG] debug-file - Update task entry:default@CompileArkTS input file:D:\files_for_huaweidevelop\FaceCheck\camera-preview-minimal\entry\build\default\intermediates\loader\default cache by regenerate.
[2026-06-07T11:30:55.715] [DEBUG] debug-file - Update task entry:default@CompileArkTS input file:D:\files_for_huaweidevelop\FaceCheck\camera-preview-minimal\entry\build\default\intermediates\res\default\ResourceTable.txt cache by regenerate.
[2026-06-07T11:30:55.716] [DEBUG] debug-file - Update task entry:default@CompileArkTS input file:D:\files_for_huaweidevelop\FaceCheck\camera-preview-minimal\entry\build\default\intermediates\res\default\ark_module.json cache by regenerate.
[2026-06-07T11:30:55.716] [DEBUG] debug-file - Update task entry:default@CompileArkTS input file:D:\files_for_huaweidevelop\FaceCheck\camera-preview-minimal\entry\build\default\intermediates\res\default\resources\base\profile cache by regenerate.
[2026-06-07T11:30:55.717] [DEBUG] debug-file - Update task entry:default@CompileArkTS input file:D:\files_for_huaweidevelop\FaceCheck\camera-preview-minimal\entry\src\main\ets cache from map.
[2026-06-07T11:30:55.717] [DEBUG] debug-file - Update task entry:default@CompileArkTS input file:D:\files_for_huaweidevelop\FaceCheck\camera-preview-minimal\entry\build\default\intermediates\loader\default\pkgContextInfo.json cache by regenerate.
[2026-06-07T11:30:55.717] [DEBUG] debug-file - Update task entry:default@CompileArkTS input file:D:\files_for_huaweidevelop\FaceCheck\camera-preview-minimal\entry\build\default\generated\profile\default\BuildProfile.ets cache by regenerate.
[2026-06-07T11:30:55.717] [DEBUG] debug-file - Update task entry:default@CompileArkTS output file:D:\files_for_huaweidevelop\FaceCheck\camera-preview-minimal\entry\build\default\intermediates\loader_out\default\ets cache.
[2026-06-07T11:30:55.718] [DEBUG] debug-file - Incremental task entry:default@CompileArkTS post-execution cost:5 ms .
[2026-06-07T11:30:55.719] [DEBUG] debug-file - Update task entry:default@BuildJS input file:D:\files_for_huaweidevelop\FaceCheck\camera-preview-minimal\entry\build\default\intermediates\loader\default cache by regenerate.
[2026-06-07T11:30:55.719] [DEBUG] debug-file - Update task entry:default@BuildJS input file:D:\files_for_huaweidevelop\FaceCheck\camera-preview-minimal\entry\build\default\intermediates\res\default\ResourceTable.txt cache by regenerate.
[2026-06-07T11:30:55.720] [DEBUG] debug-file - Update task entry:default@BuildJS input file:D:\files_for_huaweidevelop\FaceCheck\camera-preview-minimal\entry\build\default\intermediates\res\default\ark_module.json cache by regenerate.
[2026-06-07T11:30:55.720] [DEBUG] debug-file - Update task entry:default@BuildJS input file:D:\files_for_huaweidevelop\FaceCheck\camera-preview-minimal\entry\build\default\intermediates\res\default\resources\base\profile cache by regenerate.
[2026-06-07T11:30:55.721] [DEBUG] debug-file - Update task entry:default@BuildJS input file:D:\files_for_huaweidevelop\FaceCheck\camera-preview-minimal\entry\build\default\intermediates\loader\default\pkgContextInfo.json cache by regenerate.
[2026-06-07T11:30:55.721] [DEBUG] debug-file - Update task entry:default@BuildJS output file:D:\files_for_huaweidevelop\FaceCheck\camera-preview-minimal\entry\build\default\intermediates\loader_out\default\js cache.
[2026-06-07T11:30:55.721] [DEBUG] debug-file - Incremental task entry:default@BuildJS post-execution cost:3 ms .
[2026-06-07T11:30:55.721] [DEBUG] debug-file - There is no need to refresh cache, since the incremental task entry:default@CacheNativeLibs is up-to-date.
[2026-06-07T11:30:55.721] [DEBUG] debug-file - There is no need to refresh cache, since the incremental task entry:default@GeneratePkgModuleJson is up-to-date.
[2026-06-07T11:30:55.721] [DEBUG] debug-file - Incremental task entry:default@ProcessCompiledResources post-execution cost:1 ms .
[2026-06-07T11:30:55.722] [DEBUG] debug-file - Update task entry:default@PackageHap input file:D:\files_for_huaweidevelop\FaceCheck\camera-preview-minimal\entry\build\default\intermediates\stripped_native_libs\default cache by regenerate.
[2026-06-07T11:30:55.722] [DEBUG] debug-file - Update task entry:default@PackageHap input file:D:\files_for_huaweidevelop\FaceCheck\camera-preview-minimal\entry\build\default\intermediates\res\default\module.json cache by regenerate.
[2026-06-07T11:30:55.722] [DEBUG] debug-file - Update task entry:default@PackageHap input file:D:\files_for_huaweidevelop\FaceCheck\camera-preview-minimal\entry\build\default\intermediates\res\default\resources cache by regenerate.
[2026-06-07T11:30:55.724] [DEBUG] debug-file - Update task entry:default@PackageHap input file:D:\files_for_huaweidevelop\FaceCheck\camera-preview-minimal\entry\build\default\intermediates\res\default\resources.index cache by regenerate.
[2026-06-07T11:30:55.724] [DEBUG] debug-file - Update task entry:default@PackageHap input file:D:\files_for_huaweidevelop\FaceCheck\camera-preview-minimal\entry\build\default\outputs\default\pack.info cache by regenerate.
[2026-06-07T11:30:55.724] [DEBUG] debug-file - Update task entry:default@PackageHap input file:D:\files_for_huaweidevelop\FaceCheck\camera-preview-minimal\entry\build\default\intermediates\loader_out\default\ets cache from map.
[2026-06-07T11:30:55.724] [DEBUG] debug-file - Update task entry:default@PackageHap input file:D:\files_for_huaweidevelop\FaceCheck\camera-preview-minimal\entry\build\default\intermediates\loader\default\pkgContextInfo.json cache by regenerate.
[2026-06-07T11:30:55.725] [DEBUG] debug-file - Update task entry:default@PackageHap input file:D:\files_for_huaweidevelop\FaceCheck\camera-preview-minimal\entry\build\default\intermediates\loader_out\default\ets\sourceMaps.map cache by regenerate.
[2026-06-07T11:30:55.725] [DEBUG] debug-file - Update task entry:default@PackageHap input file:D:\files_for_huaweidevelop\FaceCheck\camera-preview-minimal\entry\build\default\generated\profile\default\BuildProfile.ets cache by regenerate.
[2026-06-07T11:30:55.725] [DEBUG] debug-file - Update task entry:default@PackageHap output file:D:\files_for_huaweidevelop\FaceCheck\camera-preview-minimal\entry\build\default\outputs\default\entry-default-unsigned.hap cache.
[2026-06-07T11:30:55.726] [DEBUG] debug-file - Update task entry:default@PackageHap output file:D:\files_for_huaweidevelop\FaceCheck\camera-preview-minimal\entry\build\default\intermediates\source_map\default\sourceMaps.map cache.
[2026-06-07T11:30:55.726] [DEBUG] debug-file - Update task entry:default@PackageHap output file:D:\files_for_huaweidevelop\FaceCheck\camera-preview-minimal\entry\build\default\outputs\default\mapping\sourceMaps.map cache.
[2026-06-07T11:30:55.726] [DEBUG] debug-file - Incremental task entry:default@PackageHap post-execution cost:6 ms .
[2026-06-07T11:30:55.727] [DEBUG] debug-file - Update task entry:default@SignHap input file:C:\Users\white\.ohos\config\default_FaceCheck_XIP5AEtjoMg_LHh2fT2SHXaqBQOeOLbhsmuA_gUfwkM=.cer cache by regenerate.
[2026-06-07T11:30:55.727] [DEBUG] debug-file - Update task entry:default@SignHap input file:C:\Users\white\.ohos\config\default_FaceCheck_XIP5AEtjoMg_LHh2fT2SHXaqBQOeOLbhsmuA_gUfwkM=.p7b cache by regenerate.
[2026-06-07T11:30:55.728] [DEBUG] debug-file - Update task entry:default@SignHap input file:C:\Users\white\.ohos\config\default_FaceCheck_XIP5AEtjoMg_LHh2fT2SHXaqBQOeOLbhsmuA_gUfwkM=.p12 cache by regenerate.
[2026-06-07T11:30:55.728] [DEBUG] debug-file - Update task entry:default@SignHap input file:D:\files_for_huaweidevelop\FaceCheck\camera-preview-minimal\entry\build\default\outputs\default\entry-default-unsigned.hap cache from map.
[2026-06-07T11:30:55.728] [DEBUG] debug-file - Update task entry:default@SignHap output file:D:\files_for_huaweidevelop\FaceCheck\camera-preview-minimal\entry\build\default\outputs\default\entry-default-signed.hap cache.
[2026-06-07T11:30:55.728] [DEBUG] debug-file - Incremental task entry:default@SignHap post-execution cost:2 ms .
[2026-06-07T11:30:55.729] [DEBUG] debug-file - Update task entry:default@CollectDebugSymbol input file:D:\files_for_huaweidevelop\FaceCheck\camera-preview-minimal\entry\build\default\intermediates\loader_out\default\ets\sourceMaps.map cache by regenerate.
[2026-06-07T11:30:55.729] [DEBUG] debug-file - Update task entry:default@CollectDebugSymbol input file:D:\files_for_huaweidevelop\FaceCheck\camera-preview-minimal\entry\build\default\intermediates\libs\default cache by regenerate.
[2026-06-07T11:30:55.729] [DEBUG] debug-file - Update task entry:default@CollectDebugSymbol output file:D:\files_for_huaweidevelop\FaceCheck\camera-preview-minimal\entry\build\default\outputs\default\symbol cache.
[2026-06-07T11:30:55.729] [DEBUG] debug-file - Incremental task entry:default@CollectDebugSymbol post-execution cost:2 ms .
[2026-06-07T11:30:55.753] [DEBUG] debug-file - hvigor build process will be closed.
[2026-06-07T11:30:55.753] [DEBUG] debug-file - java daemon socket close code:1000 reason:close by user
[2026-06-07T11:30:55.759] [DEBUG] debug-file - session manager: send message to worker process.
[2026-06-07T11:30:55.759] [DEBUG] debug-file - session manager: send message to worker process.
[2026-06-07T11:30:55.759] [DEBUG] debug-file - watch worker: worker id should be larger than 0. Nothing will be sent to any worker thread.
[2026-06-07T11:30:55.760] [DEBUG] debug-file - watch worker: worker id should be larger than 0. Nothing will be sent to any worker thread.
